id,price,room_type,accommodates,bedrooms,beds,bathrooms,shared_bath,dist_center_km,neighbourhood,property_type,superhost,host_tenure_yrs,host_n_listings,n_reviews_ltm,is_new,minimum_nights,has_pool,has_hot_tub,has_ac,has_free_parking,has_gym,has_washer,has_ev_charger,has_workspace,pets_allowed,self_checkin
1307181,428,Entire home/apt,4,2,2,1,0,2.6488934906287924,78704,House,1,13.25,2,9,0,2,0,0,1,1,0,1,0,1,0,0
1645005892680157849,402,Entire home/apt,6,2,4,2,0,3.5929259578602264,78704,House,1,8.25,19,2,0,2,0,0,1,1,0,0,0,0,0,1
1507361949687368401,2142.9,Entire home/apt,16,20,30,14,0,5.947892042107388,78721,House,1,6.833333333333333,10,0,1,2,0,1,1,1,0,1,0,1,0,1
1640618920185229538,455.5,Entire home/apt,6,4,4,2,0,4.887728352215643,Other,House,1,4.166666666666667,2,1,0,2,0,0,1,1,0,1,1,1,1,1
1249956810576205504,325,Entire home/apt,16,6,9,3,0,5.759295006946897,78741,House,1,4.166666666666667,20,74,0,1,1,0,1,1,0,1,1,1,0,1
1198667475975753096,909.5,Entire home/apt,6,3,1,2,0,3.0781660096388723,78704,House,1,11.333333333333334,2,0,1,2,1,1,1,1,0,1,0,1,0,0
1494381249074278312,1464.6699999999998,Entire home/apt,10,5,5,3.5,0,2.8842652373527655,78703,House,0,1.75,1,0,1,3,1,1,1,1,1,1,0,1,0,0
18307247,1347,Entire home/apt,14,5,7,6,0,16.005135763533374,Other,House,0,9.583333333333334,2,0,0,1,0,0,1,1,0,1,0,0,1,1
1385208378085419102,227,Entire home/apt,4,2,2,2,0,5.966767719332061,78723,Apartment/Condo,1,1.1666666666666667,1,4,0,1,1,0,1,0,1,1,0,0,0,1
319759,577,Entire home/apt,16,5,9,3.5,0,1.213417502109526,78702,House,1,14.5,13,10,0,1,1,0,1,1,0,1,0,1,1,1
1219593542695254734,173,Private room,3,2,2,1.5,0,8.96569361877977,Other,House,0,5.083333333333333,1,7,0,2,1,0,1,1,1,1,0,1,0,1
1541335967489501571,96,Hotel/shared room,2,1,1,1,0,7.9720498087525415,78744,Hotel-like,0,1,22,0,1,1,1,0,1,1,1,0,0,1,1,1
1699329879379095031,165.5,Entire home/apt,4,2,2,2,0,11.142009626953806,Other,Apartment/Condo,1,9.416666666666666,15,0,1,2,0,0,1,1,0,1,0,1,1,0
1607466848964702666,254.64,Entire home/apt,6,2,2,2,0,12.544283055357079,Other,Apartment/Condo,0,2.1666666666666665,19,6,0,1,1,0,1,1,0,1,0,1,1,0
903605317681531843,355.2,Entire home/apt,6,2,3,2,0,1.087963506606226,78701,Apartment/Condo,1,7.333333333333333,7,59,0,1,1,0,1,1,1,1,1,1,0,1
1289384720486231445,434,Entire home/apt,6,3,3,2,0,11.59390899223926,78744,House,0,5,1,12,0,1,0,0,1,1,0,1,0,0,1,1
45749604,273.31,Entire home/apt,8,4,6,2,0,10.484431308654301,78758,House,0,5.666666666666667,5,10,0,2,0,0,1,1,0,1,0,1,1,1
721615513561400247,406.33,Entire home/apt,7,3,3,2,0,25.240161593101828,78734,House,1,4,1,12,0,2,0,0,1,1,0,1,0,0,0,1
879754766022298029,274,Entire home/apt,8,3,4,2,0,5.317154903543492,78751,House,1,9.75,33,20,0,1,0,0,1,1,0,1,0,1,0,1
17826920,159.76999999999998,Entire home/apt,4,1,1,1,0,2.9646068609802305,78702,Guesthouse/Guest suite,1,9.25,2,33,0,2,0,0,1,1,0,1,0,1,0,1
10015237,198,Entire home/apt,4,1,2,1,0,1.4514955112334729,78703,Apartment/Condo,0,8.75,1,0,0,2,0,0,1,1,0,1,0,0,0,1
1483673179778861991,284,Entire home/apt,12,3,6,2,0,4.454944926581889,78721,House,0,3.75,31,21,0,1,0,0,1,1,0,1,0,1,0,1
1077069518877001671,259.67,Entire home/apt,2,1,1,1,0,3.827369517643719,78704,Guesthouse/Guest suite,1,2.3333333333333335,1,25,0,3,1,0,1,1,0,0,0,0,0,1
1672515305657261659,1066,Entire home/apt,16,8,10,5,0,3.5813587870386048,78702,House,1,2.0833333333333335,3,0,1,1,0,0,1,1,0,1,0,1,0,0
1404464292332460686,416.33,Private room,6,2,3,2,0,0.8644773682546969,78701,Hotel-like,0,3,60,0,1,3,1,0,1,1,1,1,0,0,0,0
939842203198381785,423,Entire home/apt,5,2,2,2.5,0,3.3491087231357604,78704,House,1,2.9166666666666665,1,25,0,1,0,0,1,1,0,1,0,1,1,1
517430,183,Entire home/apt,4,1,2,1,0,2.827396712855423,78705,Apartment/Condo,1,14,1,10,0,2,0,0,1,1,0,0,0,1,0,0
53825218,243.51,Entire home/apt,8,3,3,2.5,0,1.8409491122783166,78702,House,1,4.666666666666667,47,26,0,2,1,0,1,1,0,1,0,1,1,1
1195009225102390869,744,Entire home/apt,12,6,7,4,0,3.4547211160887867,78704,House,0,10.333333333333334,3,10,0,2,1,0,1,1,0,1,0,0,0,1
651502963166653385,234.5,Entire home/apt,10,4,7,2.5,0,11.652869871207912,78758,House,1,3.9166666666666665,1,42,0,2,0,0,1,1,0,1,0,1,1,1
1669592677129802097,1400.6699999999998,Hotel/shared room,4,1,2,1,0,1.9752223417939487,78704,Hotel-like,0,0.16666666666666666,47,0,1,1,1,0,1,0,1,0,1,1,1,1
1602298063547882792,161.28,Entire home/apt,4,1,2,1,0,5.814131142402317,78704,Apartment/Condo,1,4.5,178,0,1,1,1,0,1,0,0,1,0,0,1,1
1422595065718686673,1063,Entire home/apt,10,4,5,3.5,0,3.862499954615554,78704,House,1,10.333333333333334,41,22,0,1,1,1,1,1,0,1,0,1,0,1
725528434101925924,456.6,Entire home/apt,4,3,2,2.5,0,6.476689328518543,78723,House,0,3.6666666666666665,1,0,0,4,0,0,1,0,0,1,0,1,0,1
1519088416453103564,625,Entire home/apt,14,4,7,3,0,8.195848562466225,78745,House,1,2,3,31,0,1,1,1,1,1,0,1,0,1,0,1
1700787023410063131,217,Entire home/apt,2,1,1,1,0,15.421805573024077,Other,Apartment/Condo,0,0,1,0,1,1,1,0,1,0,1,1,0,0,0,1
889840172523367752,275,Entire home/apt,5,1,3,1,0,0.7073841044797875,78701,House,0,4.25,37,1,0,1,0,0,1,1,0,0,0,1,0,1
2529203,369,Entire home/apt,6,2,2,1,0,3.327894514366981,78704,House,0,12.25,1,0,0,2,0,0,1,1,0,1,0,0,0,0
1205004130123723189,168,Entire home/apt,6,2,2,1,0,4.003347378117988,78741,Apartment/Condo,0,8.666666666666666,53,25,0,1,1,0,1,1,0,1,1,1,1,1
1278532,223,Entire home/apt,2,1,1,1,0,2.5746815888325654,78702,Guesthouse/Guest suite,1,13.833333333333334,7,30,0,1,0,0,1,1,0,1,0,1,0,1
652200769592366305,728,Entire home/apt,13,4,8,3,0,7.074881716834938,78745,House,1,3.9166666666666665,1,61,0,1,1,1,1,1,0,1,0,1,1,1
17907547,127.66999999999999,Entire home/apt,2,1,1,1,0,5.591843373723432,78704,Apartment/Condo,1,11.416666666666666,4,22,0,3,0,0,1,1,0,0,0,0,0,1
665355336705010391,337,Entire home/apt,4,2,2,1,0,6.127399206681512,78721,House,1,14.333333333333334,3,4,0,2,1,0,1,1,0,1,1,0,0,1
571098194435518545,162.33,Entire home/apt,5,2,2,1.5,0,11.002361969777914,78757,Apartment/Condo,0,4.25,3,16,0,3,0,0,1,1,0,1,0,1,1,1
1360631788955768326,219,Entire home/apt,6,3,3,1,0,7.088916955241676,78757,House,0,4.416666666666667,2,63,0,2,1,0,1,1,0,1,0,1,0,1
844958445938803664,461.5,Entire home/apt,8,3,4,3,0,1.6130436936182249,78703,Hotel-like,1,3.6666666666666665,30,0,1,2,1,0,1,0,1,1,0,1,0,1
1532220999636160314,137,Entire home/apt,3,1,2,1,0,7.533574011751906,78752,Apartment/Condo,1,2.25,4,7,0,2,0,0,1,1,0,1,0,0,0,1
52427472,656.5,Entire home/apt,12,5,11,2,0,1.9915346623569392,78702,House,1,15.25,1,23,0,2,0,0,1,1,0,1,0,1,1,1
1571440331657920252,190.43,Entire home/apt,8,3,3,2,0,22.405628311178212,78734,House,0,0.08333333333333333,1,2,0,2,0,0,1,1,0,1,0,0,0,1
1518351550280028249,143,Entire home/apt,2,1,1,1,0,0.8768834041499973,78701,Apartment/Condo,1,11.666666666666666,10,13,0,2,0,0,1,1,0,1,0,1,1,1
27250780,564.88,Entire home/apt,12,3,7,2.5,0,8.519279013534954,78744,House,1,7.75,7,50,0,1,0,0,1,1,0,1,0,1,1,1
1075470962308630706,126,Entire home/apt,3,2,2,2.5,0,11.392640312947607,Other,House,0,2.3333333333333335,1,0,0,1,1,1,1,0,0,1,0,0,0,0
52516752,303,Entire home/apt,14,4,8,2,0,8.644670296296013,78745,House,1,4.666666666666667,1,45,0,1,0,0,1,1,0,1,0,1,1,1
1469711232845301752,377.5,Private room,4,1,2,1,0,0.8237955456880093,78701,Hotel-like,1,1.1666666666666667,8,0,1,2,1,1,1,0,0,0,0,1,0,1
1057200682280681072,726.5,Entire home/apt,10,4,5,2,0,26.035296020863136,78737,House,1,12,17,6,0,1,1,0,1,1,0,1,0,0,1,1
727100539183764847,27.5,Entire home/apt,16,12,1,2,0,7.678404935509714,78745,Unique/other,1,14.416666666666666,22,1,0,2,0,0,0,1,0,0,0,0,0,0
1264530740225775071,580,Entire home/apt,13,4,11,2.5,0,8.606331343144737,78744,House,1,6.333333333333333,5,11,0,1,1,0,1,1,0,1,0,1,1,0
5673145,264,Entire home/apt,4,2,2,2,0,4.3750158501188965,78751,House,1,11.333333333333334,7,20,0,1,0,0,1,1,0,1,0,0,1,0
1656114789444881311,416,Entire home/apt,10,4,5,2.5,0,3.3942703018042333,78702,House,1,2.0833333333333335,3,6,0,1,0,0,1,1,0,1,0,1,0,0
1340929515765262185,932,Entire home/apt,16,5,8,3,0,4.250085853007382,78704,House,1,2,3,33,0,1,1,1,1,1,0,1,0,1,0,1
958463106237551765,270,Entire home/apt,10,3,7,2,0,4.895840964133746,78704,House,1,8.916666666666666,6,29,0,1,0,0,1,1,0,1,0,1,1,1
1582874737019043888,650.4,Entire home/apt,4,2,2,2,0,4.665017190827793,78704,Apartment/Condo,1,4.5,178,0,1,1,1,0,1,0,0,1,0,0,1,1
979821571502035707,172,Entire home/apt,6,2,4,2,0,4.648320880108459,78741,Apartment/Condo,1,2.75,1,21,0,1,1,0,1,1,0,1,0,0,1,0
1588547314772753931,253,Entire home/apt,4,2,2,2,0,2.3118847726431637,78702,House,1,1.6666666666666665,6,2,0,1,0,0,1,1,0,1,0,1,0,0
48381730,203.5,Entire home/apt,4,1,2,1,0,0.7679483395818422,78701,Apartment/Condo,1,5.25,23,0,0,2,1,0,1,0,1,1,0,1,0,1
1702607552603655642,257,Entire home/apt,8,3,5,2,0,6.43110952935058,Other,House,1,1.25,19,2,0,1,0,0,1,1,0,1,1,1,1,1
1149145259090139246,177,Entire home/apt,5,2,3,1,0,2.363582023331196,78722,House,0,2.0833333333333335,1,0,1,2,0,0,1,1,0,1,0,1,0,1
988978442176329791,367,Entire home/apt,4,1,2,1,0,0.594386147841311,78701,Apartment/Condo,1,2.75,26,0,1,1,1,0,1,0,1,1,0,0,0,1
5539034,140,Entire home/apt,6,2,3,1,0,3.3025979406075225,78702,House,1,11.25,2,8,0,2,0,0,1,1,0,0,0,0,1,1
1183519350416360790,196,Entire home/apt,5,2,3,1,0,4.930928827559379,78721,Unique/other,1,1.9166666666666665,1,74,0,1,0,0,1,1,0,1,0,1,0,1
974712064299290750,562,Entire home/apt,6,3,3,2.5,0,12.94677283656471,Other,House,1,2.4166666666666665,1,17,0,2,1,0,1,1,1,1,0,1,1,1
1268294964549965560,418.33,Entire home/apt,8,3,5,2.5,0,7.2819543846085715,78723,House,0,10.666666666666666,1,0,1,2,1,0,1,1,0,1,0,1,1,0
1574953740117872996,1397,Entire home/apt,6,4,4,4.5,0,4.752161439987018,78703,House,0,0.5,1,2,0,2,1,1,1,1,0,1,0,1,0,0
1443618150779468216,385,Entire home/apt,9,4,5,2.5,0,11.183347783628117,78758,House,1,2.4166666666666665,2,31,0,1,0,0,1,1,0,1,0,0,0,1
789925889015027116,100,Entire home/apt,2,1,1,1,0,9.1817404518755,78744,Guesthouse/Guest suite,1,10.25,2,100,0,1,0,0,1,1,0,0,0,1,0,1
1050112381671427855,382,Entire home/apt,4,1,2,1,0,1.9679448535478128,78701,Apartment/Condo,1,8.833333333333334,38,4,0,1,1,0,1,0,1,1,1,1,0,1
1441366131164896675,416.33,Private room,6,2,3,2,0,0.6692769243469354,78701,Hotel-like,0,3,60,0,1,3,1,0,1,0,1,1,0,0,0,0
1239857448812422095,402,Entire home/apt,8,3,5,2,0,16.44271801353505,Other,House,1,9,1,52,0,1,1,0,1,1,0,1,0,1,1,1
965940011486580805,432,Entire home/apt,6,3,3,2,0,4.808702223300925,78721,House,0,2.75,1,0,0,1,0,0,1,1,0,1,1,1,0,1
54409363,945.3499999999999,Entire home/apt,10,4,5,3,0,23.62861022848961,78734,House,0,7.083333333333333,5,0,0,2,1,1,1,1,0,1,0,0,1,1
1624003617008903687,119,Entire home/apt,5,2,3,2,0,18.367000367906506,78729,Apartment/Condo,1,0.3333333333333333,1,32,0,1,1,0,1,1,0,1,0,1,0,1
853084842779149733,418,Entire home/apt,10,4,4,2,0,13.225326199391096,Other,House,1,4.916666666666667,6,17,0,1,0,0,1,1,0,1,0,0,0,1
52410917,148.35000000000002,Entire home/apt,2,1,1,1,0,4.0678054566556545,78704,Guesthouse/Guest suite,1,4.666666666666667,1,47,0,1,0,0,1,1,0,0,0,1,1,1
1350146974270667988,143.5,Entire home/apt,2,1,1,1,0,1.4754910182941312,78703,Apartment/Condo,1,5.583333333333333,6,39,0,2,0,0,1,1,0,1,0,0,0,1
46258412,300,Entire home/apt,9,3,4,1,0,3.5239275683775735,78702,House,0,5.583333333333333,1,0,0,2,1,0,1,1,0,1,0,0,1,1
633181625631917038,187.25,Private room,2,1,1,1,0,11.360203975077729,78758,Apartment/Condo,0,3.9166666666666665,1,0,1,4,0,0,1,1,0,1,0,1,1,0
937236426501290332,744.5,Entire home/apt,6,3,3,2,0,3.754249079760381,78704,Apartment/Condo,1,4.666666666666667,13,0,0,2,0,0,1,1,0,0,0,0,1,1
842100348177595821,145.5,Entire home/apt,2,1,1,1,0,2.1436342754661406,78702,Unique/other,1,9.666666666666666,2,25,0,2,0,0,1,1,0,0,0,0,1,1
36666816,451,Entire home/apt,4,2,2,2.5,0,4.861985634717795,78723,House,0,6.916666666666667,1,3,0,1,1,0,1,1,0,1,0,1,1,0
51800623,139.8,Entire home/apt,4,2,2,2.5,0,4.508017841011612,78721,House,1,4.75,2,62,0,2,0,0,1,1,0,1,1,1,0,1
574880028402069396,338,Entire home/apt,6,2,3,1.5,0,2.029573029055548,78701,Apartment/Condo,0,10.5,9,15,0,1,1,0,1,0,1,1,1,1,1,1
6782834,604,Entire home/apt,9,4,5,4,0,25.494521075746988,Other,House,1,11,1,8,0,1,1,1,1,1,0,1,0,1,0,0
1644623449430214942,560,Entire home/apt,6,2,5,1,0,10.358875404497574,Other,House,1,8.25,19,3,0,1,0,0,1,1,0,1,0,0,0,1
1607471342642865747,257.28,Entire home/apt,6,2,2,2,0,12.685573349217929,Other,Apartment/Condo,0,2.1666666666666665,19,3,0,1,1,0,1,1,0,1,0,1,1,0
573822650126019098,272.74,Entire home/apt,4,2,2,1.5,0,3.265122732912535,78704,House,1,4.25,1,23,0,1,0,0,1,1,0,1,0,1,0,1
605762973403463371,1070.33,Entire home/apt,8,4,4,3.5,0,13.445469859512984,Other,House,0,1.25,1,1,0,3,1,0,1,1,0,1,0,1,1,1
1214002220705947411,620,Entire home/apt,7,3,3,2,0,9.43003188622335,78745,House,1,5.333333333333333,2,32,0,1,0,0,1,1,0,1,1,1,1,1
1576979566895243210,390,Entire home/apt,13,5,7,3,0,10.450847922988231,78758,House,1,0.5,1,22,0,2,1,1,1,1,0,1,0,1,0,1
1582155256324238805,320.5,Entire home/apt,10,4,6,2,0,19.67516545386582,78729,House,1,9.416666666666666,15,18,0,2,1,0,1,1,0,1,0,1,1,1
1613887173335388689,295,Entire home/apt,6,2,3,1,0,2.671891558684716,78702,House,0,0.3333333333333333,3,13,0,1,0,0,1,1,0,1,0,0,1,1
1267516152997169376,240,Entire home/apt,4,2,2,1,0,3.5912152649956828,78704,Guesthouse/Guest suite,1,1.6666666666666665,1,11,0,1,0,0,1,1,0,1,0,1,0,1
642713837420237206,956,Entire home/apt,10,4,6,2,0,8.072255740094045,78745,House,0,7.083333333333333,1,3,0,2,1,0,1,1,0,1,0,1,1,1
1628385272541411317,116.5,Entire home/apt,2,1,1,1,0,2.8536270016204437,78705,House,0,0.75,1,0,1,2,0,0,1,0,0,0,0,1,1,1
1617601989209310332,405.5,Entire home/apt,15,5,10,3,0,15.08736166614012,Other,House,0,0.3333333333333333,1,7,0,1,0,1,1,1,0,1,0,1,0,1
1638804979394051771,479,Entire home/apt,6,3,4,2.5,0,4.6946373045567,78746,House,0,0.5833333333333334,3,5,0,2,0,0,1,1,0,1,0,1,0,1
913045670974791485,701.5,Entire home/apt,8,3,4,3,0,8.795445216606005,78757,House,1,2.0833333333333335,1,21,0,2,1,1,1,1,0,1,0,1,0,1
54263673,435.5,Entire home/apt,6,3,4,3.5,0,4.511873472839078,78721,House,0,5.666666666666667,1,4,0,2,0,1,1,1,0,1,0,1,0,1
1403861700131553058,608.6700000000001,Entire home/apt,8,4,4,3.5,0,12.990821506700348,Other,House,0,11.083333333333334,1,5,0,3,1,0,1,1,1,1,0,1,1,1
978930895260393610,316,Entire home/apt,4,2,2,2.5,0,2.7350455200528128,78702,House,1,10.75,4,20,0,1,0,0,1,1,0,1,0,1,0,1
49694640,502.33,Entire home/apt,2,3,3,2,0,7.375791218474794,78757,House,0,14.25,1,1,0,2,1,1,1,1,0,1,0,1,0,1
642243758382854179,242,Entire home/apt,2,1,1,1,0,7.510616354107088,78746,Guesthouse/Guest suite,1,4,1,24,0,2,1,1,1,1,0,0,0,1,0,1
1113083582406855426,398,Entire home/apt,8,2,4,2,0,2.033767253689002,78701,Apartment/Condo,1,8.833333333333334,38,26,0,1,1,0,1,0,1,1,1,1,1,1
46951327,174.5,Private room,4,2,3,1,0,5.835533420774385,78741,House,0,5.583333333333333,1,11,0,2,0,0,1,1,0,0,0,0,0,1
1174082964812382768,312.44,Private room,4,1,2,1,0,1.7189423410087636,78701,Hotel-like,1,2,4,7,0,1,1,0,1,0,0,0,0,1,1,0
1513035166549299828,362,Entire home/apt,6,3,4,2,0,5.337713036509377,78746,Apartment/Condo,1,9.75,33,11,0,1,0,0,1,1,0,1,0,1,1,1
1063186652895827024,200,Entire home/apt,3,1,2,1,0,5.107453322938028,78721,Unique/other,0,2.6666666666666665,1,2,0,2,0,1,1,1,0,0,0,1,1,0
1249431179397008807,437,Entire home/apt,8,4,4,3,0,16.4643123593081,Other,House,1,3.75,3,40,0,1,0,0,1,1,0,1,0,1,0,1
1553592352489219365,160,Entire home/apt,5,2,3,1,0,10.129712530292103,78724,Unique/other,1,14.166666666666666,9,11,0,2,1,1,1,1,0,1,0,0,0,1
20538021,371,Entire home/apt,6,2,2,2,0,26.017757894870716,78734,House,0,10.25,17,1,0,2,1,0,1,1,0,1,0,0,0,0
1569924666027562809,770.4,Entire home/apt,6,3,4,2.5,0,3.1111805008056193,78704,House,1,4.5,178,0,1,2,1,1,1,1,0,1,0,0,0,1
1417789718299303536,293.5,Entire home/apt,2,1,1,2,0,3.610342957349234,78702,House,0,1.0833333333333333,3,5,0,2,0,0,1,1,0,1,0,0,0,1
1490019140623181451,202,Private room,2,1,1,1,0,6.894134630572829,78752,Apartment/Condo,0,0.75,1,2,0,1,1,1,1,1,0,0,0,1,0,0
1084003745739020477,115.33,Entire home/apt,2,1,1,1,0,2.2642533416056354,78702,Apartment/Condo,0,8.666666666666666,53,31,0,1,1,0,1,1,1,1,1,1,1,1
1469699688367211338,377.5,Private room,4,1,2,1,0,0.6984756544476386,78701,Hotel-like,1,1.1666666666666667,8,1,0,2,1,1,1,0,0,0,0,1,0,1
2322667,542.5,Entire home/apt,6,3,5,2,0,24.515568710994202,Other,House,0,12.25,1,0,0,2,0,0,1,1,0,1,0,0,0,1
978631457017700299,153.09,Entire home/apt,3,1,2,1,0,2.6941377347838795,78722,Guesthouse/Guest suite,0,2.75,2,4,0,2,0,0,1,1,0,1,0,1,1,1
1443114817776850084,701,Entire home/apt,16,7,9,5,0,4.227559015081048,78721,House,1,2.1666666666666665,3,9,0,2,1,1,1,1,0,1,1,1,0,1
1378933209466268011,172,Entire home/apt,4,2,2,1,0,6.237487263311135,78757,Apartment/Condo,0,6.833333333333333,16,31,0,1,0,0,1,1,0,1,0,1,1,1
922531638511440153,318,Entire home/apt,12,4,5,3,0,2.778797545141688,78722,House,1,9.75,33,5,0,1,1,0,1,1,0,1,0,1,0,1
765919676852124430,249,Entire home/apt,6,2,3,2,0,1.6130436936182249,78703,Apartment/Condo,1,4.916666666666667,27,0,1,2,1,0,1,0,1,1,0,1,0,1
27929560,944,Entire home/apt,16,5,13,3.5,0,1.4470526033292646,78702,House,1,14.5,13,3,0,1,0,0,1,1,0,0,0,1,1,1
816325201836858392,263,Entire home/apt,6,2,2,2,0,15.557465384830001,78758,House,0,3.4166666666666665,2,32,0,1,0,0,1,1,0,1,1,1,1,1
607229034700124611,274,Entire home/apt,6,2,3,2.5,0,3.2222757556001396,78702,House,1,3.8333333333333335,1,21,0,2,0,0,1,1,0,1,1,1,0,1
826710579333781494,184,Entire home/apt,2,1,1,1,0,3.0779820060656107,78704,Guesthouse/Guest suite,1,8.25,19,26,0,2,1,0,1,1,0,0,0,1,1,1
1245842172271235919,131.70999999999998,Entire home/apt,2,1,1,1,0,6.672348654305235,78752,Apartment/Condo,1,1.25,1,6,0,3,1,0,1,1,0,1,0,1,0,1
1477815349908195710,66,Private room,2,1,1,1,1,11.930272024369371,Other,House,0,6.666666666666667,2,0,1,1,1,0,1,0,0,1,0,0,0,0
39410766,259,Private room,2,1,1,1,0,0.9888011405828436,78705,Hotel-like,0,6.333333333333333,11,0,1,1,1,0,1,0,0,0,0,0,1,0
52779339,123,Entire home/apt,2,1,1,1,0,16.979429295010004,Other,Guesthouse/Guest suite,0,4.666666666666667,1,1,0,2,0,0,1,1,0,0,0,0,0,1
16568745,273.88,Entire home/apt,6,3,3,1,0,2.7636727581775395,78704,House,1,9.416666666666666,5,35,0,1,0,0,1,1,0,0,0,0,1,1
8208157,354.5,Entire home/apt,2,1,1,1,0,24.848679032462734,Other,House,1,10.75,1,29,0,2,0,1,1,0,0,0,0,1,0,1
673839538656917228,153,Entire home/apt,2,1,1,1,0,1.3850055580631628,78705,Apartment/Condo,0,3.75,7,8,0,1,0,0,1,1,0,0,0,1,0,1
1498744056936635235,200,Entire home/apt,6,3,3,2,0,4.96281544996592,78721,House,1,9.166666666666666,1,68,0,1,0,0,1,1,0,1,0,0,1,1
735013425593079406,317.5,Entire home/apt,4,2,2,2,0,2.5977387695953453,78702,House,0,3.5833333333333335,1,0,0,2,0,0,1,1,0,1,0,1,1,1
1072643596530541030,1089.5,Entire home/apt,8,4,4,2.5,0,5.225787759616686,78704,House,0,2.3333333333333335,1,0,0,2,1,1,1,1,0,1,0,1,0,0
720989591625461207,1141.5,Entire home/apt,5,3,3,3,0,13.139325178639343,78744,House,0,13.25,1,0,1,2,0,1,1,1,0,1,0,0,0,0
1404413928385988652,416.33,Private room,6,2,3,2,0,0.9079321056408272,78701,Hotel-like,0,3,60,0,1,3,1,0,1,1,1,1,0,0,0,0
45691473,110.5,Entire home/apt,2,1,1,1,0,4.4153849482356895,78702,House,1,9.75,18,111,0,1,0,0,1,1,0,1,1,0,0,1
1182564446620038218,191,Entire home/apt,3,2,2,2,0,4.256182653636943,78741,Apartment/Condo,0,6.833333333333333,1,1,0,2,0,0,1,1,0,1,0,0,1,1
1690317370394794320,361,Entire home/apt,16,4,8,3,0,9.084719357559862,78745,House,1,0.9166666666666666,3,7,0,1,1,0,1,1,0,1,0,1,1,0
805217509877365099,749,Entire home/apt,4,2,2,1.5,0,7.198516625710347,78746,Apartment/Condo,1,6.166666666666667,16,3,0,1,0,0,1,1,0,1,0,1,0,1
1628518158892027186,288,Entire home/apt,8,3,3,3,0,4.988226814483713,78751,House,0,0.16666666666666666,1,0,1,2,0,0,1,1,0,1,0,0,1,1
1392944791304514829,192.33,Entire home/apt,2,1,1,1,0,2.5783126407088304,78702,Apartment/Condo,0,1.1666666666666667,1,0,1,3,1,0,1,1,1,1,1,1,0,1
681608159297447284,201,Entire home/apt,4,1,2,1,0,0.7542600020707663,78701,Apartment/Condo,1,4.333333333333333,28,0,0,2,1,0,1,0,1,1,0,1,0,1
1590707179074615621,217,Entire home/apt,2,1,1,1,0,3.570033597895827,78702,House,1,0.4166666666666667,1,38,0,1,0,0,1,0,0,0,0,0,0,1
19496305,742,Entire home/apt,8,4,4,2,0,24.600127793508694,78734,Unique/other,0,8.916666666666666,1,2,0,3,0,0,1,1,0,1,0,0,1,0
1665485117964234611,262,Entire home/apt,5,3,3,2,0,15.614351916396961,Other,House,0,0.16666666666666666,1,9,0,2,0,0,1,1,0,1,0,1,1,1
657281413623440550,239,Entire home/apt,7,4,4,2,0,4.9923405860585905,78721,House,1,7.25,31,32,0,1,0,0,1,1,0,1,0,1,1,1
1525744646648183550,106.5,Private room,2,1,1,1,0,20.679973977570924,78729,House,0,1.6666666666666665,17,5,0,2,0,0,1,1,0,0,0,0,1,1
792666223809702115,376,Entire home/apt,12,5,6,3,0,5.23257273226349,78721,House,1,6.75,5,12,0,2,0,1,1,1,0,1,0,1,0,1
924896854835945058,160.91,Entire home/apt,4,1,1,1,0,13.65751215790641,78744,Apartment/Condo,1,2.8333333333333335,1,16,0,1,0,0,1,1,0,1,0,1,0,1
1401766537746821960,412,Entire home/apt,6,2,3,2,0,2.032137715649454,78701,Apartment/Condo,1,8.666666666666666,8,48,0,1,1,0,1,0,1,1,0,1,1,1
980657878645009154,217,Entire home/apt,5,1,3,1,0,3.5886467996994895,78704,Apartment/Condo,1,2.75,1,32,0,1,0,0,1,1,0,1,0,1,1,1
807060623127359731,207.5,Entire home/apt,2,1,1,1,0,3.0012554014659956,78705,Apartment/Condo,1,3.4166666666666665,1,19,0,2,0,0,1,1,0,1,0,0,0,1
52920831,214,Entire home/apt,4,2,2,1,0,5.392523492251462,78721,House,0,4.583333333333333,1,5,0,2,0,0,1,1,0,1,0,1,1,1
17031093,388,Entire home/apt,4,2,2,2,0,3.0470079086111848,78704,House,1,9.333333333333334,1,29,0,2,1,0,1,1,0,1,0,1,1,1
1505493424865725125,188,Private room,4,2,2,1,1,14.545116201072563,Other,House,0,1.3333333333333333,8,2,0,1,0,0,1,1,0,0,0,1,0,1
16534724,125.5,Entire home/apt,4,1,2,1,0,2.6784186902161444,78702,Guesthouse/Guest suite,1,14.666666666666666,2,68,0,2,0,0,1,1,0,1,0,0,0,1
1348779431326111757,151.5,Entire home/apt,4,2,2,2,0,15.405076751701666,78753,Apartment/Condo,1,1.3333333333333333,25,9,0,2,1,0,1,1,1,1,0,1,0,1
705059831671530154,282.91999999999996,Entire home/apt,2,1,1,1,0,2.1446476008324624,78701,Unique/other,1,8.833333333333334,38,21,0,1,1,0,1,0,1,1,1,1,0,1
31005465,104,Entire home/apt,2,1,2,1,0,5.578391642691085,78704,Guesthouse/Guest suite,1,7.5,3,38,0,2,0,0,1,1,0,0,0,0,0,1
881378472170088915,492,Entire home/apt,6,3,3,3,0,4.3854860809661425,78723,House,1,2.75,1,21,0,2,1,0,1,1,0,1,0,1,0,1
26564312,178.72,Entire home/apt,4,2,2,1.5,0,0.9643010039823515,78701,Apartment/Condo,1,7.916666666666667,1,14,0,3,0,0,1,1,0,1,0,0,1,1
1707190816871746506,288,Entire home/apt,6,3,2,2,0,2.5842497241446143,78702,House,0,0,1,1,0,1,0,0,1,1,0,1,0,1,0,1
5466113,122,Entire home/apt,2,1,1,1,0,3.2194218430342616,78722,Guesthouse/Guest suite,1,11.25,1,31,0,2,0,0,1,1,0,1,0,1,0,0
1530622662948963298,131.4,Entire home/apt,2,1,1,1,0,12.841360027811112,78744,Unique/other,0,8.916666666666666,2,0,1,5,0,0,0,0,0,0,0,0,0,0
2432292,342.5,Entire home/apt,4,2,2,1,0,4.720029029526709,78704,House,0,13.75,3,0,0,2,0,0,1,1,0,1,0,1,0,0
1042067457284938314,343,Entire home/apt,7,3,3,2.5,0,8.62490758783304,78745,House,1,2.5,1,24,0,1,0,0,1,1,0,1,0,1,0,1
1263445414913778776,318,Entire home/apt,4,2,2,1,0,3.4865273366065908,78722,House,1,5.333333333333333,11,1,0,2,0,0,1,1,0,1,0,1,0,0
32312311,164.4,Entire home/apt,5,2,3,2,0,15.73991426839312,78758,House,0,7.333333333333333,5,3,0,5,0,0,1,1,0,1,0,1,1,1
1662391120766346636,1209,Entire home/apt,12,4,4,3.5,0,7.290940637060538,78746,House,1,10,8,4,0,2,1,0,1,1,0,1,0,1,0,0
1615462067524008771,902.5,Entire home/apt,8,4,4,3,0,8.620102650728645,Other,House,0,2.5833333333333335,1,0,1,2,1,1,1,1,0,1,0,1,0,0
957463050069566313,627.5,Entire home/apt,12,5,7,3,0,3.11355825752711,78702,House,1,7.666666666666667,1,25,0,1,0,1,1,1,0,1,0,1,0,1
1493874981435376547,239,Entire home/apt,7,2,4,2,0,2.136338173006976,78705,Apartment/Condo,0,0.75,1,20,0,1,0,0,1,0,0,0,0,0,1,1
50748723,214,Entire home/apt,4,1,2,1,0,2.8727643577822075,78705,Apartment/Condo,0,13.666666666666666,2,1,0,2,0,0,1,1,0,0,0,1,0,0
1545807326860144642,443,Entire home/apt,16,5,10,3,0,3.054402869846088,78702,House,1,7.833333333333333,27,48,0,1,1,1,1,1,0,1,0,1,1,1
8272629,180,Entire home/apt,4,2,2,2,0,3.080076572095711,78702,House,1,0.6666666666666666,1,47,0,1,0,0,1,1,0,1,0,1,1,1
1384100964151161813,662,Entire home/apt,10,4,5,3.5,0,3.498215116648659,78703,House,1,10.333333333333334,41,16,0,1,1,0,1,1,0,1,0,0,0,1
1463300399765860086,205.41,Entire home/apt,4,2,3,2,0,4.901372486521877,78741,Apartment/Condo,0,3.9166666666666665,16,8,0,1,1,0,1,1,1,1,0,1,1,1
1537009185276018869,303,Entire home/apt,5,2,3,1,0,25.80970133284239,78734,Unique/other,0,2.75,2,14,0,1,0,1,1,0,0,0,0,0,1,0
28458297,227.33,Entire home/apt,2,1,1,1,0,3.091041225765698,78703,Guesthouse/Guest suite,1,7.666666666666667,1,15,0,3,0,0,1,1,0,0,0,0,0,1
709469875342581822,342.5,Entire home/apt,4,2,2,1.5,0,6.828072970948136,78757,Guesthouse/Guest suite,0,11.083333333333334,1,5,0,2,0,0,1,1,0,1,0,1,0,1
1174699861249181732,265.51,Entire home/apt,5,2,2,2,0,4.217273050696432,78702,House,1,3.3333333333333335,2,5,0,3,0,0,1,1,0,1,0,1,1,1
1705039023577852603,332.4,Hotel/shared room,4,1,2,1,0,13.163879982628078,78758,Hotel-like,0,0,4,0,1,1,1,0,1,0,1,1,1,0,1,0
1238292091063852879,228,Entire home/apt,4,1,2,1,0,4.1148172679689345,78704,Apartment/Condo,0,8.666666666666666,53,20,0,1,0,0,1,1,0,1,0,1,0,1
158398,1717,Entire home/apt,8,4,4,3,0,4.915328138101173,78704,House,1,14.75,1,0,0,4,0,0,1,1,1,1,0,1,1,1
665819044127665218,300,Entire home/apt,8,4,4,2.5,0,19.879430190108042,78729,House,1,3.9166666666666665,1,22,0,2,0,0,1,1,0,1,0,0,0,1
1226773754807285863,1015.6700000000001,Entire home/apt,6,3,3,3,0,3.568716890058584,78704,House,0,14.25,1,0,0,3,0,0,1,1,0,1,0,0,1,1
49179235,87.5,Entire home/apt,6,2,2,1,0,11.790679246287857,78745,House,1,12.25,2,44,0,2,0,0,1,1,0,1,0,1,0,1
907925996822104083,246.49,Entire home/apt,2,1,1,1,0,22.195058291193998,78734,Unique/other,1,14.583333333333334,1,65,0,1,1,0,1,1,0,0,0,0,0,1
1602582959995731995,86,Private room,2,1,1,1,0,8.433352941579956,78744,Guesthouse/Guest suite,0,0.4166666666666667,3,18,0,1,0,0,1,1,0,1,0,1,1,0
1570473864698228563,287.58,Entire home/apt,6,3,3,2,0,23.71757360780235,78734,House,1,2.1666666666666665,1,11,0,2,0,0,1,1,0,1,0,1,0,1
1408439694616047682,211.5,Entire home/apt,7,3,5,2.5,0,6.387718578347633,78741,House,1,9.416666666666666,15,30,0,2,1,0,1,1,0,1,0,1,1,1
740711574819727002,132,Entire home/apt,3,1,1,1,0,13.907540647740202,78744,Guesthouse/Guest suite,1,3.6666666666666665,1,27,0,1,0,0,1,1,0,0,0,1,0,1
1406090239856108845,240,Entire home/apt,2,1,1,1,0,2.900956352780222,78702,Apartment/Condo,0,1.0833333333333333,1,3,0,2,0,0,1,1,0,1,0,0,0,0
1415535522132741939,452,Entire home/apt,6,3,3,2,0,20.98950635081844,78729,House,0,2.0833333333333335,1,18,0,1,0,0,1,1,0,1,0,0,0,1
1351656535244298967,232.5,Entire home/apt,6,2,2,1,0,2.129922515566471,78702,House,0,3.6666666666666665,1,5,0,1,0,0,1,1,0,1,0,0,0,0
734135481912613606,291,Entire home/apt,4,1,1,1,0,9.297370351837396,78724,Apartment/Condo,0,3.6666666666666665,1,0,1,1,1,0,1,1,1,1,1,1,1,0
1127592943609309531,239,Entire home/apt,3,1,2,1,0,5.0686026980302294,Other,Apartment/Condo,0,2.1666666666666665,1,0,0,1,1,0,1,1,0,1,0,1,0,1
1455784153994389864,149,Entire home/apt,4,1,1,1,0,17.587943274360537,Other,House,0,3.4166666666666665,5,3,0,2,1,0,1,1,1,1,1,1,1,0
1418375791012855923,405.5,Entire home/apt,6,2,2,2.5,0,10.516068171967797,78753,House,1,0.9166666666666666,1,19,0,2,1,1,1,1,0,1,0,0,0,1
844956848425284155,193,Entire home/apt,4,1,2,1,0,1.6130436936182249,78703,Hotel-like,1,3.6666666666666665,30,0,0,2,1,0,1,0,1,1,0,1,0,1
1424772699560467285,310.5,Entire home/apt,10,5,6,3,0,5.044223365209799,78721,House,0,6.083333333333333,4,3,0,2,1,0,1,1,0,1,0,1,0,1
1372720204073782412,194.57,Entire home/apt,8,3,4,2,0,10.25537692602332,78745,House,1,1.25,2,36,0,2,0,0,1,1,0,1,0,0,0,1
1189322213475308580,287.5,Entire home/apt,6,2,3,2,0,2.966635598402923,78704,Apartment/Condo,1,1.9166666666666665,1,11,0,1,1,0,1,1,0,1,0,0,0,1
1064707905213231401,83,Private room,2,1,1,1.5,0,5.595391434712167,78741,House,0,2.4166666666666665,1,5,0,1,1,0,1,1,0,1,0,1,0,1
1268264638407844240,1998,Entire home/apt,4,1,2,1,0,2.753585416612093,78704,Apartment/Condo,0,1.6666666666666665,1,0,1,1,1,1,1,1,0,1,0,1,0,0
25840498,197,Entire home/apt,6,2,2,1,0,2.667566778695441,78705,House,1,8.666666666666666,8,44,0,1,0,0,1,1,0,1,0,1,1,1
1673451939665619994,521,Private room,4,1,2,1,0,13.230842668987064,78758,Hotel-like,0,0.08333333333333333,4,0,1,1,1,0,1,0,1,1,1,0,1,0
39410181,244,Private room,2,1,1,1,0,1.1855741825968957,78705,Hotel-like,0,6.333333333333333,11,0,1,1,1,0,1,0,0,0,0,0,1,0
549927821983315725,210,Entire home/apt,4,2,2,1,0,11.993132400233936,78745,House,1,4.25,1,19,0,1,0,0,1,1,0,1,0,1,1,1
1449520579733267550,173.5,Entire home/apt,4,2,2,2,0,14.89298881188816,78758,Apartment/Condo,0,6.833333333333333,43,29,0,1,1,0,1,1,1,1,0,1,0,1
9525147,1209.75,Entire home/apt,10,4,4,3,0,5.777246137641406,78746,House,0,10.583333333333334,1,0,0,4,1,0,1,1,0,1,0,0,0,1
552373880310799289,283.67,Entire home/apt,6,3,4,2,0,12.918601514296938,78758,House,0,5.666666666666667,5,12,0,3,0,0,1,1,0,1,0,0,1,1
1486214863246397117,410,Entire home/apt,14,5,6,4,0,7.789643158805474,78745,House,1,3.1666666666666665,3,12,0,2,1,1,1,1,1,1,0,1,0,1
1142701213789730192,558.3299999999999,Entire home/apt,4,2,2,2.5,0,3.399680753645745,78704,House,1,4,2,1,0,2,0,0,1,1,0,1,0,1,0,1
920473904952326168,774.5,Entire home/apt,16,13,18,7,0,5.232791791805258,78721,House,1,7.666666666666667,1,18,0,2,0,1,1,1,0,1,0,1,0,1
1226412680139915514,468.67,Entire home/apt,8,4,4,4,0,1.8546450809949673,78702,House,1,2.25,1,16,0,1,0,1,1,1,0,1,0,1,0,1
799850252990756494,528.5,Private room,4,1,2,1,0,0.811681970262662,78701,Hotel-like,1,5.583333333333333,7,0,0,2,1,1,1,0,0,0,0,1,0,1
9194049,325.5,Entire home/apt,5,2,2,2,0,30.098715031114303,Other,House,1,10.333333333333334,1,16,0,2,0,1,1,1,0,1,0,0,0,1
811468853800881584,252.5,Entire home/apt,6,3,3,2,0,2.2566762240252887,78702,House,0,4.25,37,18,0,2,0,0,1,1,0,1,0,1,0,1
765919754069409331,249,Entire home/apt,6,2,3,2,0,1.6130436936182249,78703,Apartment/Condo,1,4.916666666666667,27,0,0,2,1,0,1,0,1,1,0,1,0,1
8423582,999,Entire home/apt,14,5,12,3.5,0,2.3905935771827505,78702,House,1,10.75,1,21,0,2,1,0,1,1,0,1,0,0,0,1
8459820,305.5,Entire home/apt,4,2,2,2,0,5.229674811322631,78746,Apartment/Condo,0,10.75,1,0,1,2,1,0,1,1,0,1,0,0,1,0
1935282,163,Entire home/apt,4,1,2,1,0,2.842364338636836,78702,House,1,12.583333333333334,2,42,0,1,0,0,1,1,0,1,0,1,0,1
803648586115788271,245,Entire home/apt,4,1,2,1,0,0.7746851277356186,78701,Apartment/Condo,1,4.333333333333333,9,0,0,2,1,1,1,0,0,1,0,1,0,1
933566601513905317,2168.5,Entire home/apt,3,1,2,1,0,0.9494045481182875,78701,Apartment/Condo,0,2.6666666666666665,1,0,0,2,1,0,1,1,1,1,1,1,0,1
1452981535903415609,259,Entire home/apt,6,3,4,2.5,0,8.262741718813261,78745,House,1,1.6666666666666665,6,21,0,2,0,0,1,1,0,1,0,1,1,1
1661074400088190210,194,Entire home/apt,4,1,2,1,0,5.814131142402317,78704,Apartment/Condo,1,4.5,178,1,0,1,1,0,1,0,0,1,0,0,1,1
920386301471124900,176,Entire home/apt,3,1,2,1,0,3.615167452947018,78704,House,1,3,1,63,0,1,1,0,1,1,0,1,0,1,0,1
1711086466626045293,100,Hotel/shared room,2,1,1,1,0,22.830669804267583,Other,Hotel-like,0,1,22,0,1,1,1,0,1,1,1,0,0,1,1,1
32241153,167.6,Entire home/apt,5,2,3,2,0,15.777533570479564,78758,House,0,7.333333333333333,3,0,0,5,0,0,1,1,0,1,0,1,1,1
21371197,55.92,Private room,2,1,1,1.5,1,19.0510446419899,78729,House,0,8.833333333333334,5,0,0,5,0,1,0,1,0,1,0,1,0,0
555709281461594410,187,Entire home/apt,8,2,4,1,0,3.454936474795399,78741,Apartment/Condo,0,7.25,1,30,0,1,1,0,1,1,0,1,0,1,0,1
40942081,292.52,Entire home/apt,6,2,3,2.5,0,1.348610194804381,78703,Apartment/Condo,1,12.333333333333334,3,10,0,3,0,0,1,1,0,1,0,1,0,1
11424382,442.5,Entire home/apt,9,3,3,2,0,3.318225752338102,78703,House,1,10.25,2,27,0,2,1,1,1,1,0,1,0,0,1,1
1065446931553849443,181.45000000000002,Entire home/apt,4,2,2,1,0,5.106087612836508,78751,House,1,2.4166666666666665,1,30,0,2,0,0,1,1,0,1,0,1,0,1
1095625401596826226,325.5,Entire home/apt,4,2,2,2.5,0,13.484131252074464,78744,House,0,11.25,1,2,0,2,0,0,1,1,0,1,0,1,0,1
972546871233251583,343,Private room,3,2,2,1,0,11.665884776255021,Other,House,0,2.75,1,0,1,1,0,0,1,1,0,1,0,0,0,0
1563959425504720270,283.5,Entire home/apt,12,4,6,3.5,0,4.824781977996531,78721,House,1,0.5,2,33,0,2,1,1,1,1,0,1,0,0,1,1
1410524017155002447,415,Entire home/apt,10,4,5,2.5,0,14.129543117487113,Other,House,0,7,1,8,0,1,0,0,1,1,0,1,0,1,1,1
343462,153,Entire home/apt,4,1,1,1,0,4.932563415671413,78721,Guesthouse/Guest suite,1,14.333333333333334,1,18,0,1,0,0,1,1,0,0,0,1,0,1
21111228,259.05,Entire home/apt,6,3,3,1,0,2.6370495541371746,78704,House,1,9.416666666666666,5,46,0,1,0,0,1,1,0,1,0,1,1,1
1619976511606065678,472.8,Entire home/apt,12,4,6,4,0,4.665017190827793,78704,House,1,4.5,178,0,1,1,1,0,1,0,0,0,0,0,1,1
907325193796955083,165.33,Entire home/apt,4,2,2,2,0,1.3909008572072343,78702,Apartment/Condo,1,10.333333333333334,41,13,0,6,0,0,1,1,0,1,0,1,0,1
674109717770596623,203.5,Entire home/apt,4,1,2,1,0,0.7542600020707663,78701,Apartment/Condo,1,4.916666666666667,27,0,0,2,1,0,1,0,1,1,0,1,0,1
837309724110017782,327,Entire home/apt,4,1,2,1,0,0.7580213488834885,78701,Apartment/Condo,0,3.9166666666666665,5,0,1,2,1,0,1,0,0,1,0,1,0,0
50696116,453,Entire home/apt,16,4,6,3,0,4.381800720438393,78702,House,1,6.666666666666667,14,38,0,1,1,1,1,1,0,1,0,0,1,0
1104286456559616241,236,Entire home/apt,6,3,3,1,0,2.44624468434986,78702,House,1,2.25,1,16,0,3,0,0,1,1,0,1,0,1,0,1
26958666,149,Entire home/apt,2,1,1,1,0,6.749191106928894,78723,Guesthouse/Guest suite,1,7.75,1,75,0,1,0,0,1,1,0,0,0,0,1,1
1028092661212006327,227.33,Entire home/apt,8,3,6,2.5,0,5.9797377245087375,78704,House,0,2.5833333333333335,1,13,0,3,0,0,1,1,0,1,0,0,1,1
638444632076594288,267.5,Entire home/apt,6,3,3,2,0,5.775392960653597,78721,House,0,4,1,2,0,2,0,0,1,1,0,1,0,1,1,0
1175630052842497968,209.33,Entire home/apt,4,1,2,1,0,7.62902161481393,Other,House,1,2,2,0,0,3,0,0,1,1,0,1,1,0,1,1
1371091014991949137,256.76,Entire home/apt,6,2,3,2,0,5.308311373530638,78741,Apartment/Condo,0,1.0833333333333333,1,45,0,1,0,0,1,1,0,1,0,1,0,1
1619977240023216651,680,Entire home/apt,16,6,9,6,0,4.665017190827793,78704,House,1,4.5,178,0,1,1,1,0,1,0,0,1,0,0,1,0
42199972,1350,Entire home/apt,8,4,4,4.5,0,3.7567838192353125,78703,House,0,9.25,47,3,0,3,1,0,1,1,0,1,0,1,0,1
32720821,628,Entire home/apt,10,4,4,2,0,4.220033222544076,78741,House,1,7.25,1,2,0,1,0,0,1,1,0,1,0,1,0,1
942752555870381385,572.87,Entire home/apt,16,4,9,2.5,0,2.698561462548933,78702,House,0,2.6666666666666665,2,22,0,1,0,0,1,1,0,1,0,0,1,1
1605233043496785115,138.67,Entire home/apt,3,1,1,1,0,1.7745301489331387,78705,Apartment/Condo,0,1.75,8,4,0,1,0,0,1,1,0,0,0,1,1,1
1521356447576083041,248.02,Entire home/apt,4,1,1,1,0,4.59148200773136,78741,Apartment/Condo,0,3.9166666666666665,16,4,0,1,1,0,1,1,0,1,0,1,1,1
1253168664983499362,341,Entire home/apt,4,2,2,2.5,0,5.712023872545297,78721,House,0,1.6666666666666665,1,3,0,2,0,0,1,1,0,1,0,0,1,0
1218896732625036673,155,Entire home/apt,4,1,2,1,0,13.174485409476805,Other,Apartment/Condo,0,4,38,7,0,1,1,0,1,1,1,1,0,1,1,1
1548768158552834290,138,Hotel/shared room,4,1,2,1,0,8.087177795136364,78744,Hotel-like,1,0.5833333333333334,6,0,1,1,1,0,1,1,1,0,0,1,0,1
765919560282843222,249,Entire home/apt,6,2,3,2,0,1.6130436936182249,78703,Apartment/Condo,1,4.916666666666667,27,0,1,2,1,0,1,0,1,1,0,1,0,1
29965151,247,Entire home/apt,12,3,8,2,0,1.3118499198602558,78702,Apartment/Condo,1,9.833333333333334,18,58,0,1,0,0,1,1,0,1,0,1,0,1
1221870345648625448,142,Entire home/apt,4,1,1,1,0,4.2169947056128905,78704,Apartment/Condo,0,3.9166666666666665,26,12,0,1,0,0,1,1,1,1,0,1,0,1
1637884542635178282,281,Entire home/apt,4,1,2,1,0,4.338112247375386,78751,Apartment/Condo,0,1.0833333333333333,1,4,0,1,1,0,1,1,0,1,0,1,1,1
993342744707989252,420,Entire home/apt,14,3,7,2.5,0,12.264885474866169,Other,House,1,7.833333333333333,27,62,0,1,1,0,1,1,0,1,1,1,1,1
1631363580692374803,154,Entire home/apt,4,1,1,1,0,5.9123818195108555,78704,Apartment/Condo,0,0.25,1,12,0,1,1,0,1,1,1,0,0,1,0,1
811152728197211831,352,Entire home/apt,11,4,5,4,0,5.083718112211554,78741,Apartment/Condo,0,3.75,8,22,0,1,1,1,1,1,1,1,0,1,1,1
1576381771895339060,191.5,Entire home/apt,8,3,5,2.5,0,8.533873925302617,78744,House,1,6.833333333333333,14,6,0,3,0,0,1,1,0,1,0,1,1,1
1222095815821681942,189,Entire home/apt,2,1,1,1,0,3.3590469225873476,78722,Unique/other,0,10.25,1,0,0,1,0,0,1,1,0,0,0,0,0,1
1525775872433621761,198.08,Entire home/apt,4,1,2,1,0,2.066260597556413,78704,Apartment/Condo,0,2.1666666666666665,19,8,0,1,1,0,1,1,0,1,0,1,1,1
53609610,218,Entire home/apt,4,1,2,1,0,6.962439385587484,78745,House,1,9.916666666666666,2,18,0,2,0,1,1,1,0,1,0,1,0,1
770305266831730882,523,Entire home/apt,15,6,8,3,0,4.86586938941398,78721,House,1,6.75,5,8,0,2,1,0,1,1,0,1,0,1,0,1
1285502938428433751,362.74,Private room,6,2,3,2,0,0.6789771739318631,78701,Hotel-like,0,6.75,30,0,1,2,1,0,1,0,1,1,0,1,0,1
1469730255978412421,559,Private room,6,2,3,2,0,0.742054373220734,78701,Hotel-like,1,1.1666666666666667,8,0,1,2,1,1,1,0,0,0,0,1,0,1
17217284,455,Entire home/apt,4,3,3,2,0,2.3901608205234375,78702,House,0,15.333333333333334,3,1,0,1,0,0,1,1,0,1,0,1,1,1
1550249273740037030,516.5,Entire home/apt,16,7,10,4,0,7.7966995247074475,78745,House,1,4,4,53,0,1,1,1,1,1,0,1,0,0,1,1
38192856,330.5,Entire home/apt,10,4,7,2,0,5.096355371524197,78721,House,1,6.333333333333333,3,3,0,2,0,0,1,1,0,1,0,1,1,1
1382039695006449382,181.5,Entire home/apt,4,1,2,1,0,9.630898694711796,78753,Apartment/Condo,1,8.25,2,3,0,2,0,0,1,1,0,1,0,1,1,1
584217035769653046,800.5,Entire home/apt,16,6,10,4,0,21.470754689756884,78737,House,1,7.166666666666667,23,15,0,2,1,1,1,1,0,1,0,1,1,1
53704425,308.5,Entire home/apt,4,2,2,2,0,3.4944679727930397,78704,House,0,10.916666666666666,40,9,0,1,0,0,1,1,0,1,0,1,1,1
1511065376389545097,400,Entire home/apt,2,1,1,1,0,6.724464221958227,Other,Apartment/Condo,0,0.25,1,2,0,1,1,0,1,1,1,1,1,1,0,1
978222936585115160,180,Entire home/apt,4,2,2,1,0,4.87613958997128,Other,House,0,9.333333333333334,1,9,0,2,0,0,1,1,0,0,0,0,1,1
1540657810264332829,593.5,Entire home/apt,4,2,2,2.5,0,3.05835686688698,78704,House,1,1.9166666666666665,1,14,0,2,0,1,1,1,0,1,0,0,0,1
1490394784022997384,269,Entire home/apt,9,3,7,3,0,6.559227106252464,78741,House,1,1.25,19,43,0,1,1,0,1,1,0,1,1,1,1,1
592126995983798655,223.5,Entire home/apt,6,3,3,2.5,0,11.73687757958544,78745,House,0,4,1,7,0,2,0,0,1,1,0,1,0,1,1,1
1095789862908429401,323.5,Entire home/apt,10,5,6,3,0,5.0445369839911125,78721,House,0,6.083333333333333,4,2,0,2,1,0,1,1,0,1,0,1,0,1
23088398,135,Entire home/apt,5,2,2,1,0,5.5195717786379275,78721,Apartment/Condo,0,1.0833333333333333,23,8,0,1,0,0,1,1,0,1,0,1,0,1
46219932,275.03,Entire home/apt,7,3,4,2,0,10.112306175588543,78745,House,1,5.5,2,8,0,2,0,0,1,1,0,0,0,1,1,1
1302910754694433325,564,Entire home/apt,6,4,6,3,0,3.395781809567225,78702,House,1,3.3333333333333335,5,6,0,2,1,0,1,1,0,1,0,1,1,1
1501556707315113083,206,Entire home/apt,4,2,2,1,0,19.128672389833337,Other,Apartment/Condo,1,11.083333333333334,23,37,0,1,1,0,1,1,0,0,0,1,1,1
792763468582479423,644,Entire home/apt,16,5,9,3.5,0,4.66476998299677,78721,House,1,4.916666666666667,3,4,0,1,0,0,1,1,0,1,0,1,1,1
1011691673420928436,328.09,Entire home/apt,4,2,2,1,0,25.375144142325887,78734,Unique/other,0,1.4166666666666667,2,32,0,2,1,0,1,1,0,0,0,1,0,1
1481214433100883257,683,Entire home/apt,3,1,1,1,0,0.9535132342452148,78701,Apartment/Condo,0,0.9166666666666666,1,1,0,1,1,0,1,1,0,1,0,0,0,1
578304658402940523,1542.6699999999998,Entire home/apt,10,4,6,3.5,0,4.03539609390811,78704,House,1,4.25,1,6,0,3,1,0,1,1,0,1,1,0,0,1
17263419,653.3299999999999,Entire home/apt,8,4,5,2.5,0,1.3618035700064324,78702,House,1,8.833333333333334,1,4,0,3,0,0,1,1,0,1,0,1,0,1
1660483173526805583,197,Entire home/apt,2,1,1,1.5,0,8.486374591505081,78724,Apartment/Condo,0,7,67,1,0,2,0,0,1,0,0,1,0,1,1,0
29762127,272,Entire home/apt,3,1,1,2,0,2.3941665018807887,78702,House,1,7.583333333333333,1,8,0,3,1,0,1,1,0,1,0,1,0,1
50025069,109.09,Entire home/apt,3,1,1,1,0,7.714174590875237,78752,Apartment/Condo,0,4.916666666666667,5,8,0,1,1,0,1,1,1,1,1,1,1,1
866875491715604044,234,Private room,8,2,4,2,0,7.97119734111113,78752,Hotel-like,0,3.25,92,1,0,1,1,0,1,1,1,0,0,1,1,1
1589528284204431934,135,Entire home/apt,4,1,2,1,0,2.251833574210577,78702,Apartment/Condo,1,6.666666666666667,1,67,0,1,0,0,1,1,0,0,0,0,1,1
1576985681881267521,2510.6,Entire home/apt,6,4,4,3,0,23.598213010628402,Other,House,1,10.75,2,0,1,5,0,0,1,1,0,1,0,1,0,0
49966427,430,Entire home/apt,8,3,4,2.5,0,4.686478146196911,78704,House,1,8.916666666666666,6,2,0,1,0,0,1,1,0,1,0,1,1,1
16831133,154,Entire home/apt,2,1,2,1,0,3.9922261276759716,78704,Guesthouse/Guest suite,1,9.416666666666666,1,15,0,2,0,0,1,1,0,0,0,1,0,1
765918144718920984,171.2,Entire home/apt,4,1,2,1,0,1.6130436936182249,78703,Apartment/Condo,1,4.916666666666667,27,0,1,2,1,0,1,0,1,1,0,1,0,1
780442962654145969,140,Entire home/apt,3,1,1,1,0,7.673943429585633,78752,Apartment/Condo,0,4.916666666666667,5,54,0,4,1,0,1,1,1,1,1,1,1,1
678969305920326858,151.5,Entire home/apt,6,2,3,1,0,8.486963925725734,78744,House,0,4.166666666666667,3,14,0,2,0,0,1,1,0,0,0,0,0,0
1611009134424651182,570.75,Entire home/apt,8,4,2,4.5,0,3.8761703906126623,78702,House,0,15.416666666666666,1,0,1,4,0,0,1,1,0,1,0,0,0,0
1587109512523202586,155,Entire home/apt,6,2,3,1.5,0,6.05081893501768,78704,House,0,0.4166666666666667,1,74,0,1,0,0,1,1,0,1,0,1,1,0
914572,1370,Entire home/apt,8,3,4,2.5,0,4.032149290009803,78703,House,0,13.333333333333334,1,0,1,1,0,0,1,1,0,1,0,0,0,0
32615462,166.67,Entire home/apt,2,1,1,1,0,3.3007316909661046,78704,Guesthouse/Guest suite,1,7.166666666666667,1,39,0,2,0,0,1,1,0,0,0,0,0,1
897858734207998629,194,Entire home/apt,4,1,2,1,0,3.394246465230925,78702,Unique/other,1,3,1,55,0,1,0,0,1,1,0,0,0,1,0,1
681607931385618501,201,Entire home/apt,4,1,2,1,0,0.7542600020707663,78701,Apartment/Condo,1,4.333333333333333,28,4,0,2,1,0,1,0,1,1,0,1,0,1
1407479439243080890,200,Entire home/apt,10,3,6,3,0,4.844702992651907,78741,Apartment/Condo,1,1.1666666666666667,2,52,0,1,1,1,1,1,1,1,1,1,1,1
1182641467634956291,212.91,Hotel/shared room,2,1,1,1,0,1.0901504103393052,78705,Hotel-like,0,3.1666666666666665,48,0,1,1,1,0,1,0,1,0,0,1,1,1
646982633016072845,969,Entire home/apt,7,3,3,4,0,11.336384785286526,Other,House,0,4,1,0,1,7,0,0,1,0,0,1,0,1,1,1
1243444267777415923,519,Entire home/apt,8,2,3,2,0,0.88356702823626,78701,Apartment/Condo,0,1.75,5,0,1,1,1,1,1,1,0,1,0,1,0,0
913011376998032062,153,Entire home/apt,6,2,3,1,0,8.593183181939606,78745,House,0,3,1,1,0,1,0,0,1,1,0,1,0,1,1,1
867452086315647848,511.5,Entire home/apt,10,3,4,2,0,4.656014811689908,78704,House,1,10.083333333333334,2,29,0,2,1,1,1,0,0,1,1,1,0,1
989932621131285136,385.15000000000003,Entire home/apt,8,3,5,2,0,10.469977097791164,78745,House,0,11.416666666666666,1,19,0,1,1,1,1,1,0,1,0,1,1,1
589214980714619826,429.5,Entire home/apt,10,3,4,2,0,21.391679464520166,78737,House,1,7.166666666666667,23,7,0,2,1,1,1,1,0,1,0,1,1,1
572614674285446917,44.730000000000004,Private room,1,1,1,2.5,1,8.736588006305947,78753,House,0,1.1666666666666667,8,38,0,1,0,0,1,1,0,0,0,0,0,1
1266865334804574708,999,Entire home/apt,2,1,1,1,0,5.412865158575475,78704,Guesthouse/Guest suite,0,1.6666666666666665,1,0,1,2,1,1,1,1,0,0,0,0,1,0
1637836056341543551,479,Entire home/apt,13,3,6,2,0,10.41682817534485,78758,House,1,3.1666666666666665,2,21,0,1,1,1,1,1,0,1,0,1,0,1
916019219926076146,489.5,Entire home/apt,8,3,4,3,0,3.2963359126590097,78704,House,1,9.916666666666666,5,22,0,2,1,0,1,1,0,1,0,1,1,1
1135629,1170,Entire home/apt,5,4,3,3.5,0,2.076508713374705,78702,House,0,12.416666666666666,1,0,0,2,0,0,1,1,0,1,0,0,0,0
868125278803239955,357.42999999999995,Private room,3,1,1,1,0,0.6460202436887756,78701,Hotel-like,0,3.25,92,0,1,1,1,0,1,0,1,0,0,1,1,1
855085076438509764,200,Entire home/apt,2,1,2,1,0,7.944718034220065,Other,Apartment/Condo,1,9.083333333333334,2,6,0,1,1,1,1,1,0,1,0,0,1,1
1458297065828636769,286,Entire home/apt,6,3,4,2,0,6.442169567769949,78723,House,1,0.4166666666666667,2,14,0,1,0,0,1,1,0,0,0,1,0,1
634210924280739363,580,Entire home/apt,6,3,3,1.5,0,20.544229136404635,Other,House,1,3.5833333333333335,1,34,0,1,0,0,1,1,0,1,0,1,1,1
51653764,648.6700000000001,Entire home/apt,6,1,4,1,0,12.35466777019197,Other,Guesthouse/Guest suite,1,4.833333333333333,2,5,0,2,1,1,1,1,0,1,0,1,1,1
31903170,98,Private room,4,2,2,1,1,14.480310883485389,Other,House,0,7.333333333333333,1,1,0,1,0,0,1,1,0,0,0,1,0,1
23579624,250,Entire home/apt,4,2,2,2.5,0,3.2421026339561436,78702,House,1,8.25,1,12,0,5,0,0,1,1,0,1,0,0,1,1
38495895,375,Entire home/apt,8,3,5,2.5,0,2.1908063154125474,78702,House,1,6.666666666666667,14,30,0,1,0,1,1,1,0,1,0,0,1,1
642763279007300879,114.5,Entire home/apt,3,1,2,1,0,10.296986874994138,78724,House,1,5.583333333333333,1,13,0,2,1,0,1,1,0,0,0,1,1,1
1285604033382764464,362.74,Private room,6,2,3,2,0,0.6829186439996565,78701,Hotel-like,0,6.75,30,0,1,2,1,0,1,0,1,1,0,1,0,1
1513938091730703962,384.74,Entire home/apt,5,2,3,2,0,13.56575660142476,Other,House,0,8.583333333333334,1,0,1,7,0,0,1,1,0,1,0,1,0,0
1544225521857745477,115.4,Entire home/apt,4,2,2,1,0,5.818186199584101,78752,House,0,0.5833333333333334,1,0,1,5,0,0,1,1,0,1,0,1,0,0
1483609371603043440,196,Entire home/apt,4,2,3,2,0,3.5966498730919656,78704,Apartment/Condo,1,0.8333333333333334,2,56,0,1,0,0,1,1,0,1,0,1,0,1
1543043093546868085,151.5,Entire home/apt,8,3,5,1,0,1.3669629226817746,78705,Apartment/Condo,1,0.5833333333333334,1,38,0,2,0,0,1,1,0,1,0,1,0,1
1264067173549643562,197,Entire home/apt,4,2,3,2,0,7.5527636773568885,Other,House,1,14.333333333333334,1,8,0,1,0,0,1,1,0,1,0,0,1,1
1434880631411050487,255.1,Entire home/apt,4,2,2,2,0,4.440768816546811,78721,House,1,4.666666666666667,47,22,0,1,0,0,1,1,0,1,0,1,1,1
24854477,88.5,Private room,2,1,1,1,0,3.133406181544569,78704,House,0,8.583333333333334,9,3,0,2,0,0,1,0,0,1,0,1,0,1
1365389439689877255,200,Entire home/apt,5,2,3,2.5,0,11.159839844070445,78758,House,0,1.25,2,14,0,2,1,0,1,1,0,1,0,1,1,1
1160317497849748514,194,Entire home/apt,2,1,1,1,0,2.757841767151784,78704,House,0,10.333333333333334,1,0,1,3,0,0,1,1,0,1,0,1,0,0
1326105017879069365,460,Entire home/apt,8,3,5,3.5,0,7.145292183296452,78745,House,1,1.3333333333333333,1,33,0,2,0,0,1,1,0,1,0,1,0,1
5457288,131.5,Entire home/apt,4,1,1,1,0,6.5085715724174396,Other,Guesthouse/Guest suite,1,11.25,1,17,0,2,0,0,1,1,0,0,0,0,0,0
1492312581402051154,483.86,Entire home/apt,4,1,2,1,0,0.7196818320954406,78701,Apartment/Condo,0,0.8333333333333334,1,0,1,2,1,1,1,0,1,1,0,1,0,1
49156888,364.67,Entire home/apt,4,2,3,2,0,13.527611225775948,Other,Guesthouse/Guest suite,0,4.833333333333333,2,1,0,3,1,0,1,1,0,0,0,1,0,1
1331261840476564780,228.5,Entire home/apt,2,1,1,1,0,5.483634406106711,78751,Guesthouse/Guest suite,0,10.333333333333334,1,4,0,2,1,0,1,1,0,0,0,1,0,0
13843877,210.89000000000001,Entire home/apt,4,2,2,1,0,5.581413322835722,78704,House,1,13.25,2,66,0,1,0,0,1,1,0,1,0,1,1,1
21153296,228.5,Entire home/apt,8,4,5,2,0,10.190762620185186,78758,House,1,8.75,1,11,0,2,0,0,1,1,0,1,0,1,1,1
640482071159479792,146,Entire home/apt,2,1,1,1,0,5.404375953621922,78721,Guesthouse/Guest suite,1,6.583333333333333,3,36,0,1,0,0,1,1,0,1,0,1,1,1
1495190785836905303,89.5,Entire home/apt,4,1,2,1,0,11.572196219400759,78724,Guesthouse/Guest suite,1,0.75,1,22,0,2,0,0,1,1,0,0,1,1,0,0
940640185996726955,370.31,Entire home/apt,8,4,5,2.5,0,27.30884628874572,78737,House,1,2.8333333333333335,1,22,0,2,1,0,1,1,0,1,1,1,1,1
1705871501413448406,227,Entire home/apt,8,4,4,2,0,5.386340266990825,78721,House,1,0.4166666666666667,1,0,1,2,0,1,1,1,0,1,1,1,1,0
759299834647926193,557,Entire home/apt,8,3,4,2,0,4.191935741530625,78704,House,1,8.25,19,16,0,1,0,0,1,1,0,1,0,1,0,1
1231350341053775759,216.83,Entire home/apt,10,4,4,2,0,10.055857917762813,78744,House,1,1.75,3,29,0,2,0,0,1,1,0,1,0,1,0,1
51378531,1272,Entire home/apt,4,1,2,1,0,0.758397140410333,78701,Apartment/Condo,0,12.25,23,0,0,1,1,0,1,1,1,1,0,1,0,1
1354072304346185064,232.8,Entire home/apt,6,3,3,2.5,0,11.73111206339498,78744,House,1,1.3333333333333333,1,8,0,1,0,0,1,1,0,1,0,1,1,1
1463834303923828798,82.5,Private room,1,3,1,2.5,0,10.640980163214618,78745,House,0,9.083333333333334,1,4,0,2,0,0,1,1,0,1,0,1,0,1
1075515019554700882,139,Entire home/apt,4,1,2,1,0,4.74067692416897,78704,Apartment/Condo,0,4,38,32,0,1,0,0,1,1,0,1,0,1,1,1
5422618,475.67,Entire home/apt,6,3,3,2.5,0,4.280559898139249,78704,House,0,13.75,1,0,0,3,1,0,1,1,0,1,0,1,1,0
47450499,1331.6699999999998,Entire home/apt,16,5,10,5.5,0,23.983950242442535,78734,House,1,4.583333333333333,1,10,0,3,0,0,1,1,0,1,0,1,0,1
53242297,268.5,Entire home/apt,4,1,1,1,0,23.38823785756919,78737,House,1,4.166666666666667,1,24,0,2,0,0,1,1,0,1,0,1,1,1
1441332326013441349,313.67,Private room,4,1,2,1,0,0.9195195661743822,78701,Hotel-like,0,3,60,0,1,3,1,0,1,0,1,1,0,0,0,0
752923961975429089,342.5,Entire home/apt,6,3,4,2.5,0,9.23011139841354,Other,House,1,3.5833333333333335,1,24,0,2,0,0,1,1,0,1,0,1,0,1
1432066040535689088,312,Entire home/apt,10,4,5,2.5,0,3.6343672118063157,78702,House,1,7.583333333333333,2,11,0,2,0,0,1,1,0,1,0,1,0,1
3124593,794,Entire home/apt,6,3,3,2,0,3.3441713598082408,78704,House,1,12.083333333333334,6,0,0,1,0,0,1,1,0,1,0,0,0,1
30145361,347,Entire home/apt,6,3,4,2,0,6.308180470173143,78741,House,1,13.166666666666666,3,0,0,1,0,0,1,1,0,1,0,1,0,1
1522671487317921880,224,Entire home/apt,2,1,1,1,0,3.0541214319240053,78704,Apartment/Condo,0,3.9166666666666665,26,16,0,1,0,0,1,1,0,1,0,1,1,1
1520611974611555241,137,Entire home/apt,6,1,3,1,0,24.217405598817514,78734,Unique/other,1,0.6666666666666666,1,29,0,2,1,1,1,1,1,0,0,0,0,1
719018947966193943,174.5,Entire home/apt,4,1,2,1,0,15.921218576020832,Other,Guesthouse/Guest suite,1,4.333333333333333,1,27,0,2,0,0,1,1,0,1,0,0,0,1
1634310396542942057,594.3299999999999,Entire home/apt,16,6,9,3,0,4.058905361871626,78741,House,0,2.25,4,0,1,3,1,1,1,1,0,1,0,1,0,0
836181585811219055,348.06,Entire home/apt,8,4,5,3.5,0,9.844509480174416,78758,House,0,5.666666666666667,5,16,0,2,0,0,1,1,0,1,0,1,1,1
44280139,1255.5,Entire home/apt,6,3,3,3.5,0,3.8770327320092073,78704,House,1,1.9166666666666665,2,15,0,2,1,0,1,1,1,1,1,1,1,1
833393669331280860,300,Entire home/apt,10,4,7,2,0,7.2299887873983595,78723,House,0,3.75,7,41,0,1,0,0,1,1,0,1,0,1,1,1
1710373067237312083,130.09,Entire home/apt,2,1,1,1,0,6.509691628384076,78741,Apartment/Condo,0,0,1,0,1,1,1,0,1,1,0,1,0,1,0,0
883970,211.5,Entire home/apt,3,1,2,1,0,3.322501000212178,78704,Apartment/Condo,0,13.416666666666666,1,6,0,2,0,0,1,1,0,1,1,1,1,1
1699664115282123602,111.84,Private room,2,1,1,1,0,10.416391491728938,78724,House,0,5,1,0,1,1,0,0,1,1,0,0,0,0,1,0
17794919,121.5,Entire home/apt,4,1,2,1,0,24.355536766727376,78734,Unique/other,1,8.916666666666666,3,33,0,2,0,0,1,1,0,0,0,0,1,1
948784858454864250,146,Entire home/apt,8,2,5,1,0,5.174044208909033,78721,House,1,9.75,18,63,0,1,0,0,1,1,0,0,0,1,1,1
28257171,184,Entire home/apt,2,1,1,1,0,3.7008507161391213,78703,Apartment/Condo,1,7.75,1,9,0,1,0,0,1,1,0,1,0,0,0,1
1578787,485,Entire home/apt,4,2,2,1,0,1.0184133641845217,78702,House,0,12.75,1,0,0,1,0,0,1,1,0,0,0,0,0,0
1628289277343182119,203.76,Entire home/apt,4,2,2,2,0,5.814131142402317,78704,Apartment/Condo,1,4.5,178,0,1,1,1,0,1,0,0,1,0,0,1,1
1626309110669427468,270,Entire home/apt,6,3,3,2,0,8.855607739627706,78724,House,1,0.6666666666666666,2,25,0,1,0,0,1,1,0,1,0,1,1,1
49667304,280.5,Entire home/apt,5,2,3,2,0,3.923362441065123,78741,House,1,4.833333333333333,1,31,0,1,0,0,1,1,0,1,0,1,0,1
1147205563720932359,314,Hotel/shared room,4,1,2,1,0,26.113937906418407,78734,Hotel-like,0,3.1666666666666665,48,0,1,1,1,0,1,0,1,0,0,1,1,1
1096417664355420592,330,Entire home/apt,4,2,2,1,0,7.277751820757302,78745,House,0,12.666666666666666,1,1,0,2,0,0,1,1,0,0,0,0,0,0
46273136,102.71000000000001,Entire home/apt,4,1,1,1,0,7.528189365019223,78752,Apartment/Condo,0,5.583333333333333,6,12,0,2,0,0,1,1,0,1,0,0,1,1
705511463215819318,298.67,Entire home/apt,6,2,3,2,0,5.97136014642734,78704,Apartment/Condo,0,3.75,8,27,0,3,1,0,1,1,1,1,0,1,1,1
1673375823561157077,114,Private room,4,1,2,1,0,15.863593368650532,78753,Hotel-like,0,0.08333333333333333,2,0,1,1,1,0,0,1,1,1,0,1,0,0
1087968444190998564,311,Entire home/apt,8,3,4,2,0,4.9826761836555855,78751,House,0,6.833333333333333,16,41,0,1,0,0,1,1,0,1,0,1,1,1
1561133540406195049,1870,Entire home/apt,2,1,1,1,0,1.144034473135242,78701,Apartment/Condo,1,1,4,0,1,1,1,0,1,1,0,1,0,1,0,0
1081490976842718839,999,Entire home/apt,16,6,6,3,0,3.8645215043449035,78704,House,1,12.5,3,2,0,1,0,0,1,1,0,1,1,1,1,1
47870705,168.5,Entire home/apt,2,1,2,1,0,11.207070216979323,Other,Guesthouse/Guest suite,0,5.083333333333333,1,7,0,2,0,0,1,1,0,1,0,0,0,1
578176433192714921,328.33,Entire home/apt,7,2,4,2.5,0,20.645650321385073,78734,House,0,4.833333333333333,2,0,0,3,1,0,1,1,0,1,0,1,1,1
1586308105970029647,141,Entire home/apt,3,1,2,1,0,6.908304674662551,78745,Unique/other,0,0.3333333333333333,1,13,0,1,0,0,1,1,0,1,0,0,0,1
736437579181109247,119.86,Entire home/apt,2,1,2,1,0,3.5294904766737023,78703,Apartment/Condo,1,3.75,2,8,0,7,1,0,1,1,0,1,0,1,1,1
1217610144364951122,145,Entire home/apt,4,2,2,1,0,10.217822873650507,78744,House,1,8.25,35,41,0,1,0,0,1,1,0,1,0,1,0,0
1328656195009529999,1242,Entire home/apt,16,6,20,5,0,2.4907680754224466,78702,House,1,7.833333333333333,27,53,0,1,0,1,1,1,0,1,1,1,1,1
1557300571705522239,717,Entire home/apt,16,5,9,2.5,0,14.863916442221443,Other,House,1,4.833333333333333,4,23,0,2,1,0,1,1,1,1,0,0,1,1
1648079649205196585,807.56,Entire home/apt,8,3,3,3.5,0,3.6402248625700993,78704,House,1,4.5,178,4,0,2,0,0,1,0,0,1,0,1,0,1
573422272223652695,307.2,Entire home/apt,4,2,2,1,0,10.166090890982105,78745,House,1,4.5,2,5,0,1,0,0,1,1,0,1,0,1,1,1
1554600459138880126,321,Entire home/apt,8,4,4,3,0,25.704162457010117,Other,House,1,3,24,7,0,2,1,0,1,1,0,1,0,1,0,0
1249949289831250381,165,Entire home/apt,4,1,2,1,0,2.4163311120560205,78702,Apartment/Condo,1,7.25,31,52,0,1,0,0,1,1,0,1,0,1,0,1
976793150149296479,361.67,Entire home/apt,4,2,2,2,0,3.133155679127544,78704,House,1,13.583333333333334,3,12,0,3,0,0,1,1,0,1,0,0,0,1
1018458441108704564,329,Entire home/apt,14,4,6,2,0,11.018224950938528,78758,House,1,2.5833333333333335,4,40,0,1,0,1,1,1,0,1,0,0,1,1
1574481,342.67,Entire home/apt,4,2,2,2,0,2.1883756696161805,78702,House,0,12.75,1,0,0,3,0,0,1,1,0,1,0,1,0,1
1688648905247967730,476.5,Entire home/apt,14,5,7,2.5,0,18.900954745977185,78729,House,1,1.5833333333333335,6,3,0,2,1,1,1,1,0,1,0,1,1,0
1434734866341183878,178,Entire home/apt,4,2,2,2,0,6.168879511066057,78723,Apartment/Condo,0,7,67,4,0,2,0,0,1,0,0,1,0,1,1,0
1410787841667519277,205.5,Entire home/apt,3,1,1,1,0,5.9796258460703795,Other,Apartment/Condo,1,1.3333333333333333,4,3,0,2,0,0,1,1,0,1,0,0,1,0
1104485015074672746,1141.5,Entire home/apt,6,3,3,3.5,0,5.729877112489739,78746,House,0,2.25,1,0,0,2,1,0,1,1,0,1,0,0,0,1
1166865318035048826,102.9,Private room,4,1,2,1,0,15.410836747379257,78753,Hotel-like,0,2,2,93,0,1,1,0,1,1,1,1,0,1,0,0
1618038819750449266,365,Entire home/apt,5,2,3,2,0,2.0748989642655915,78705,Apartment/Condo,1,1.25,19,19,0,1,0,0,1,1,1,1,0,1,0,1
1129926409154750373,240,Entire home/apt,6,3,3,1,0,4.93902180192259,78751,House,1,4.916666666666667,4,12,0,2,0,0,1,1,0,1,0,1,1,0
1293622658934405277,1707,Entire home/apt,16,6,8,4.5,0,22.866499256622816,78734,House,0,9.25,47,14,0,2,1,1,1,1,0,1,0,1,0,1
1210327898776508538,195,Entire home/apt,4,1,3,1,0,1.7322910826288753,78705,Apartment/Condo,0,4,19,25,0,1,0,0,1,1,0,1,0,1,0,1
1339344019883327723,258.5,Entire home/apt,6,2,3,1,0,2.0523646376711153,78702,House,1,3.75,3,21,0,2,0,0,1,1,0,1,0,1,1,1
844914193960027293,419,Entire home/apt,6,3,3,2,0,5.193304119217177,78704,House,0,9.25,47,12,0,2,1,0,1,1,0,1,0,1,1,1
1619278045505199921,120,Entire home/apt,3,1,1,1,0,3.881805418319084,78741,Apartment/Condo,1,1,8,12,0,1,0,0,1,1,0,0,0,0,0,1
1663980266544202012,1136,Entire home/apt,6,3,3,3.5,0,2.0107453882684445,78703,House,1,3.9166666666666665,3,0,1,1,1,1,1,1,0,1,0,1,0,1
1507355326814252643,431.5,Entire home/apt,16,6,10,4,0,5.947892042107388,78721,House,1,6.833333333333333,10,15,0,2,0,1,1,1,0,1,0,1,0,1
575421087622315096,551.6700000000001,Entire home/apt,7,3,3,3,0,19.044952438992386,78737,House,0,10,1,0,0,3,0,0,1,1,0,1,0,1,0,0
681608275526744621,201,Entire home/apt,4,1,2,1,0,1.6130436936182249,78703,Apartment/Condo,1,4.333333333333333,28,0,1,2,1,0,1,0,1,1,0,1,0,1
681607471133145032,201,Entire home/apt,4,1,2,1,0,0.7542600020707663,78701,Apartment/Condo,1,4.333333333333333,28,0,1,2,1,0,1,0,1,1,0,1,0,1
32184210,228.5,Entire home/apt,4,1,2,1,0,3.79125958143458,78704,Apartment/Condo,1,7.333333333333333,1,13,0,2,1,0,1,1,1,1,0,1,0,1
1531980664952331073,451,Entire home/apt,12,5,6,4.5,0,3.123658231463157,78704,House,0,4.25,37,2,0,3,0,0,1,1,0,1,0,1,1,1
1280488692466145554,304.33,Entire home/apt,6,3,3,2.5,0,2.2623490957500114,78702,House,1,5.833333333333333,12,32,0,3,0,0,1,1,0,1,0,0,0,1
5050692,194,Entire home/apt,4,1,1,1,0,3.2651409365010755,78703,Guesthouse/Guest suite,1,10.25,1,4,0,2,0,0,1,1,0,0,0,0,0,0
1027089677690299829,189,Entire home/apt,4,1,2,1,0,14.47189325505356,78758,Apartment/Condo,0,2.5833333333333335,1,0,0,2,0,0,1,1,0,1,0,0,0,0
1198768133864182591,679,Entire home/apt,12,4,8,2.5,0,3.0427504362055213,78702,House,1,4.583333333333333,3,18,0,1,1,1,1,1,0,1,0,1,0,1
1675174990458294747,427,Private room,6,2,3,2,0,0.8103496329627984,78701,House,0,0.5,3,0,1,2,1,0,1,1,1,1,0,0,0,0
960266654113052148,303,Entire home/apt,10,3,4,2,0,17.007548117910055,Other,House,1,9.75,33,21,0,1,0,0,1,1,0,1,1,1,1,1
1178913284239086357,294,Private room,2,1,1,1,0,0.7466397441133812,78701,Hotel-like,1,2,3,2,0,1,1,0,1,0,1,0,0,1,0,0
1469717910494713440,418.5,Private room,4,1,2,1,0,0.9166625647767516,78701,Hotel-like,1,1.1666666666666667,8,3,0,2,1,1,1,0,0,0,0,1,0,1
13658208,144.67,Entire home/apt,2,1,1,1,0,3.5082310490756057,78704,Apartment/Condo,1,11.166666666666666,1,16,0,3,0,0,1,1,0,0,0,1,0,1
51555532,85.73,Entire home/apt,2,1,1,1,0,4.1916412303585036,78704,Guesthouse/Guest suite,1,4.833333333333333,1,5,0,2,0,0,1,1,0,1,0,1,0,1
1686441551007915573,445.5,Entire home/apt,12,4,4,2,0,2.467681792861031,78705,House,0,3.9166666666666665,48,0,1,2,0,0,1,1,0,1,0,1,1,1
1240020730298665774,1142,Private room,6,1,2,1,0,11.138305426241297,Other,Hotel-like,0,1.75,1,0,1,1,1,1,1,0,0,0,0,1,0,0
14281779,204,Entire home/apt,2,1,1,1,0,3.4317098488084103,78751,Guesthouse/Guest suite,1,9.75,1,12,0,2,0,0,1,1,0,0,0,0,0,1
44135942,479.5,Entire home/apt,6,3,3,2.5,0,11.904204679619887,78745,House,0,5.916666666666667,1,2,0,2,1,1,1,1,0,1,0,1,1,1
38511590,974,Entire home/apt,12,4,7,5,0,0.8709447257304009,78702,House,1,8.833333333333334,38,14,0,3,0,0,1,1,0,1,0,0,0,1
1036203302333407073,362,Entire home/apt,10,4,5,2,0,13.242508704348415,78753,House,1,2.5,1,17,0,2,0,0,1,1,0,1,0,1,0,1
1297226547459561442,59.5,Entire home/apt,3,1,2,1,0,17.314129329413905,Other,Unique/other,0,4.416666666666667,4,18,0,1,0,0,1,1,0,0,0,0,1,0
1404450890405080395,416.33,Private room,6,2,3,2,0,0.7984617291565314,78701,Hotel-like,0,3,60,0,1,3,1,0,1,1,1,1,0,0,0,0
749972776264042428,203.5,Entire home/apt,4,1,2,1,0,1.6130436936182249,78703,Apartment/Condo,1,5.25,23,0,1,2,1,0,1,0,1,1,0,1,0,1
1358682606455032648,262.5,Entire home/apt,5,2,3,1,0,6.034468970915264,Other,Apartment/Condo,1,1.3333333333333333,4,2,0,2,0,0,1,1,0,1,0,0,1,1
726933178675379327,405.5,Entire home/apt,5,1,1,1,0,9.332392840685895,78744,House,0,3.6666666666666665,1,0,0,2,0,0,1,1,0,1,0,1,0,1
1391283523662128814,176,Entire home/apt,5,1,2,1,0,2.0157747604201632,78705,Apartment/Condo,1,1.5833333333333335,3,64,0,1,0,0,1,1,0,0,0,1,1,1
1614623803239115892,228,Entire home/apt,2,1,1,0,0,1.1921733721042511,78701,Apartment/Condo,0,2.0833333333333335,42,1,0,1,1,0,1,0,1,0,0,0,1,1
52302012,244.5,Entire home/apt,7,3,4,2,0,11.088600514216466,Other,House,1,4.833333333333333,1,10,0,2,0,0,1,1,0,1,0,1,0,1
988982263413446418,845,Entire home/apt,6,2,3,2,0,0.5898368360172123,78701,Apartment/Condo,1,2.75,26,0,1,1,1,0,1,0,1,1,0,0,0,1
52257772,460.33,Entire home/apt,4,2,2,2.5,0,4.699772293792604,78702,House,0,4.75,1,3,0,3,0,0,1,1,0,1,0,1,0,0
1592997702252248131,236.5,Entire home/apt,6,3,3,3,0,5.661850547145531,78704,House,1,10.416666666666666,23,13,0,1,0,0,1,1,0,1,0,1,1,1
23420686,309,Entire home/apt,6,3,3,2,0,12.519454220351468,78758,House,0,8.25,1,0,0,1,0,0,1,1,0,1,0,0,1,1
1506489828391726187,165,Hotel/shared room,4,1,2,1,0,4.3336571931994365,78723,Hotel-like,0,1,20,1,0,1,0,0,1,0,1,0,0,1,1,0
1243449801674799400,579,Private room,8,3,4,3,0,0.8197485087275824,78701,Hotel-like,0,1.75,5,0,1,1,1,1,1,1,0,0,0,1,0,0
53623820,355.67,Entire home/apt,6,3,3,2.5,0,4.5054813890115355,78704,House,1,4.5,3,5,0,2,0,0,1,1,0,1,0,1,0,1
1667751543887553217,223.5,Entire home/apt,4,2,2,1,0,5.265233469532854,78751,House,1,2.8333333333333335,1,5,0,2,0,1,1,1,0,1,1,0,1,1
39410587,216,Private room,2,1,1,1,0,1.215663065077531,78705,Hotel-like,0,6.333333333333333,11,0,1,1,1,0,1,0,0,0,0,0,1,0
1514545564715939225,599.5,Entire home/apt,12,4,7,2,0,20.341811466193,78734,House,0,0.6666666666666666,1,9,0,1,0,0,1,1,0,1,0,1,0,1
588259056754272604,162.5,Entire home/apt,5,2,2,1,0,5.830536164766804,78746,Apartment/Condo,0,0,1,0,1,3,1,1,1,1,1,1,1,1,0,1
1100736390821200576,571,Entire home/apt,1,1,1,0.5,0,1.3495733338461247,78703,Unique/other,0,2.25,1,0,1,1,0,0,0,0,0,0,0,0,0,0
1695149336090490245,151,Entire home/apt,4,1,2,1,0,5.814131142402317,78704,Apartment/Condo,1,4.5,178,0,1,1,1,0,1,0,0,1,0,0,1,1
1613263658976814827,124.5,Entire home/apt,4,1,1,1,0,3.451566359016872,78704,Apartment/Condo,0,0.3333333333333333,4,16,0,1,0,0,1,1,0,1,0,1,0,1
1409504591207843921,171.18,Entire home/apt,4,2,2,2,0,19.38066936110593,Other,House,0,1.0833333333333333,1,3,0,5,0,0,1,1,0,1,0,1,1,1
1450115901286599105,893,Entire home/apt,16,6,9,4.5,0,6.037182025556858,78741,House,1,4.083333333333333,2,6,0,2,1,0,0,1,0,1,0,1,1,1
1685676424207705862,114.11999999999999,Entire home/apt,4,1,1,1.5,0,7.896662034981447,78745,Apartment/Condo,0,0,1,0,1,1,0,0,1,1,0,0,0,1,0,0
30104242,76.5,Entire home/apt,3,1,2,1,0,7.72528107760126,78745,Guesthouse/Guest suite,1,7.583333333333333,2,53,0,1,0,0,1,1,0,0,0,1,0,1
44593376,264,Entire home/apt,7,2,4,1.5,0,12.12766450615972,78753,Guesthouse/Guest suite,1,5.75,1,9,0,1,0,0,1,1,0,1,0,1,0,1
1295002354942765489,220,Private room,4,1,2,1,0,19.123293820033325,Other,Hotel-like,0,3.25,92,3,0,1,1,0,1,1,1,0,0,1,1,1
1508765220481742959,1172,Entire home/apt,16,8,13,7,0,6.295107039232477,78704,House,1,2.0833333333333335,7,29,0,1,1,0,1,1,0,1,1,0,0,1
1502983389174807924,131,Hotel/shared room,2,1,1,1,0,4.39449764793434,78704,Hotel-like,0,3.4166666666666665,23,0,1,1,1,0,1,1,1,1,1,1,1,1
1488456229491915830,259.62,Entire home/apt,5,2,2,2,0,5.767432723488666,78746,Apartment/Condo,1,4.416666666666667,1,13,0,2,1,0,1,1,0,1,0,1,0,1
1627939274598704353,222.53,Entire home/apt,6,2,2,2,0,2.0572458902598125,78705,Apartment/Condo,1,0.6666666666666666,3,8,0,1,0,0,1,1,0,0,0,1,1,1
1300957445602850578,902,Entire home/apt,4,2,2,1.5,0,2.2650883725388953,78702,House,1,14.5,2,56,0,1,0,0,1,1,0,1,0,1,0,1
948847856504707540,283,Entire home/apt,4,1,2,1,0,1.903530534920103,78701,Apartment/Condo,1,2.8333333333333335,1,41,0,1,1,0,1,0,0,1,0,1,1,1
52685714,618,Entire home/apt,12,5,5,3.5,0,15.992775502104445,Other,House,1,8.75,1,2,0,1,1,0,1,1,1,1,0,1,1,1
1347813718377254603,179.5,Entire home/apt,4,2,3,1,0,10.67924834856142,78744,House,0,1.3333333333333333,1,2,0,2,0,0,1,1,0,0,0,0,0,1
889497512178483522,131.42000000000002,Entire home/apt,6,2,2,1,0,2.1214391868779,78704,Apartment/Condo,0,0.16666666666666666,15,25,0,1,1,0,1,1,0,1,0,1,0,1
1425550693738140955,141,Entire home/apt,6,1,3,1,0,19.340212860496916,78729,House,0,3.75,31,25,0,1,0,0,1,1,0,1,0,1,0,1
866868436093546796,374.4,Private room,12,3,6,3,0,7.97119734111113,78752,Hotel-like,0,3.25,92,0,1,1,1,0,1,1,1,0,0,1,1,1
1482829299884169198,280,Entire home/apt,4,2,2,2.5,0,2.571449193756366,78702,House,1,0.8333333333333334,1,64,0,1,0,0,1,1,0,1,0,1,0,1
1678359741519063460,219.10999999999999,Entire home/apt,4,1,1,1,0,13.789265410752622,78753,House,0,0.08333333333333333,1,0,1,1,0,0,1,1,0,0,0,0,1,0
1408660734696940148,279.59,Entire home/apt,5,2,2,1,0,9.43003188622335,78745,House,1,5.333333333333333,2,48,0,1,0,0,1,1,0,1,1,1,1,1
1674165954956801104,227,Entire home/apt,6,3,3,2,0,5.0446696736535,78721,House,1,7.25,31,3,0,2,0,0,1,1,0,1,0,1,1,1
997952249845239058,511,Entire home/apt,10,4,7,2,0,9.139881493609087,78745,House,0,2.6666666666666665,1,0,0,2,0,0,1,1,0,1,0,1,0,1
1640194922167773287,902.4,Entire home/apt,16,12,12,12,0,4.665017190827793,78704,House,1,4.5,178,0,1,1,1,0,1,0,0,1,0,0,1,0
645138440833925820,525,Entire home/apt,14,4,8,3.5,0,5.061224125397445,78704,House,1,10.666666666666666,10,3,0,2,1,0,1,1,0,1,0,1,1,1
563596286713446044,1532,Entire home/apt,16,6,12,3,0,22.079138421122984,78737,House,1,7.166666666666667,23,24,0,1,1,1,1,1,0,1,0,1,1,1
54001536,294,Entire home/apt,6,2,3,2,0,24.384505912990686,78737,House,1,7.083333333333333,6,0,0,2,0,0,1,1,0,1,0,1,1,1
1671389213223445262,286,Entire home/apt,8,4,11,1,0,6.337152564184919,78723,House,1,7.833333333333333,27,10,0,1,1,0,1,1,0,1,0,0,1,0
1313720034077985680,180,Entire home/apt,8,4,6,2,0,6.570535320522919,78745,House,1,7.833333333333333,5,11,0,1,0,0,1,1,0,1,0,0,1,1
1599308422847113052,150.48000000000002,Entire home/apt,4,2,2,2,0,5.814131142402317,78704,Apartment/Condo,1,4.5,178,0,1,1,1,0,1,0,0,1,0,0,1,1
41511557,555,Entire home/apt,16,4,13,3,0,7.253775898804054,78741,House,1,11.416666666666666,5,19,0,1,1,0,1,1,0,1,0,1,1,1
52494443,513.6700000000001,Entire home/apt,4,2,3,1,0,2.772189531553092,78704,House,1,7.333333333333333,1,5,0,3,0,0,1,1,0,1,0,1,1,0
19994783,154.5,Entire home/apt,2,1,1,1,0,3.0320835339848995,78703,Guesthouse/Guest suite,1,8.75,2,17,0,2,0,0,1,1,0,1,0,0,0,1
1619920148976782133,256.5,Entire home/apt,2,1,1,1,0,6.431573100701237,78757,Apartment/Condo,1,2.4166666666666665,7,0,1,4,0,0,1,1,0,1,0,0,0,0
1658094063467329111,209.6,Entire home/apt,4,1,2,1,0,5.814131142402317,78704,Apartment/Condo,1,4.5,178,0,1,1,1,0,1,0,0,1,0,0,1,1
1485176693061775286,202.67,Entire home/apt,8,3,5,2.5,0,10.247564884123756,78745,House,0,0.75,1,5,0,2,0,0,1,1,0,1,0,0,1,1
1024030117177958737,343,Entire home/apt,2,1,2,1,0,2.114709002421334,78701,Apartment/Condo,1,2.5833333333333335,1,15,0,1,1,0,1,0,1,1,0,0,0,1
1386390402169080933,353.5,Entire home/apt,6,2,5,1,0,24.65789553710346,78737,House,1,3.25,9,32,0,2,1,1,1,1,0,1,0,1,1,1
1487063098580177413,1167,Entire home/apt,16,5,8,4.5,0,5.139393014574142,78704,House,1,3.25,3,14,0,1,1,1,1,1,1,1,1,1,1,1
1310271973356132426,393,Entire home/apt,6,2,5,1,0,6.745769402750633,78704,House,0,3.25,4,37,0,1,1,1,1,1,0,1,0,0,1,1
1700243633678269488,281.5,Entire home/apt,6,2,3,2,0,1.0657744749491986,78701,Apartment/Condo,1,3.75,6,0,1,2,1,1,1,0,1,1,0,0,0,1
27556416,250.03,Entire home/apt,10,4,7,2,0,8.041896550779864,78723,House,1,7.833333333333333,1,15,0,2,0,0,1,1,0,1,0,1,1,1
1028948656784930906,281.33,Entire home/apt,6,2,3,2,0,0.8116133648361602,78701,Apartment/Condo,1,10.333333333333334,3,0,0,3,1,1,1,0,0,1,0,1,0,0
21267034,535,Entire home/apt,4,1,2,1,0,0.7544355295826735,78701,Apartment/Condo,1,12.416666666666666,10,0,0,1,1,0,1,0,1,1,0,0,0,1
43532791,274,Entire home/apt,16,8,15,3,0,5.081144926230124,78721,House,1,6.25,6,57,0,1,1,0,1,1,0,1,0,1,0,1
12534356,190.33,Entire home/apt,5,2,2,1,0,4.4305785753653,78704,Apartment/Condo,0,10.75,9,14,0,2,0,0,1,1,0,1,0,1,0,1
43156280,341.5,Entire home/apt,4,2,3,2,0,2.9240379364419407,78704,House,1,13.166666666666666,1,16,0,2,0,0,1,1,0,1,0,0,0,1
1299849,124.5,Entire home/apt,5,2,3,2,0,15.74156454681807,78758,House,0,12.916666666666666,1,0,1,2,0,0,1,1,0,1,0,1,0,1
22705362,229,Entire home/apt,2,1,1,1,0,10.040116480037018,Other,Apartment/Condo,0,7.75,1,0,0,1,1,0,1,1,1,0,0,0,0,1
1599479220538827728,225.5,Entire home/apt,8,4,4,4,0,5.1408567288270435,78741,Apartment/Condo,1,1,4,10,0,2,1,0,1,1,0,1,0,1,1,0
1399358595154910811,110,Entire home/apt,5,1,2,1,0,16.441173080013613,Other,Guesthouse/Guest suite,1,4.25,2,30,0,2,0,0,1,1,0,1,0,1,0,1
45634345,256,Entire home/apt,4,2,2,1,0,3.242935676082722,78704,House,0,8.333333333333334,2,2,0,2,0,0,1,1,0,1,1,1,1,1
46876625,456,Entire home/apt,4,2,2,1,0,2.0992473766559914,78703,Guesthouse/Guest suite,1,3.9166666666666665,3,9,0,1,0,0,1,1,0,0,0,1,0,1
13624434,156,Entire home/apt,4,1,2,1,0,26.669932314752163,Other,Guesthouse/Guest suite,1,9.583333333333334,2,13,0,2,0,0,1,1,0,0,0,1,0,1
594291992666525609,187,Entire home/apt,6,2,4,1.5,0,4.864117968140405,78741,Apartment/Condo,0,9.083333333333334,2,3,0,2,1,0,1,1,0,0,0,0,0,1
1040047848767964845,414,Entire home/apt,3,1,1,1,0,0.950558918005649,78701,Apartment/Condo,0,2.75,1,10,0,2,1,0,1,0,1,1,1,1,0,1
1287837385987392382,123.25,Entire home/apt,4,1,2,1,0,4.458114471220295,78721,Guesthouse/Guest suite,1,1.4166666666666667,1,81,0,1,0,0,1,1,0,0,0,0,0,0
1492231773814031288,512.6700000000001,Entire home/apt,13,5,8,4,0,1.2368909185917125,78702,House,1,9.416666666666666,15,1,0,2,0,0,1,1,0,1,0,1,1,1
1566810969061236638,967,Entire home/apt,16,7,19,4.5,0,22.872051424724592,78737,House,1,2,3,4,0,2,1,0,1,1,0,1,0,0,1,1
564267667756390414,285.5,Entire home/apt,4,2,2,2,0,10.850972674891867,78745,House,0,8.666666666666666,1,0,0,2,0,0,1,1,0,1,0,1,1,1
994206628981666298,488.41999999999996,Entire home/apt,16,4,9,3,0,21.41139416528455,78729,House,1,3.1666666666666665,2,26,0,1,1,1,1,1,0,1,1,1,1,1
1688567181418548240,784.5,Entire home/apt,6,3,3,3.5,0,3.0864304798515443,78704,House,1,8.25,19,3,0,1,1,0,1,1,0,1,0,1,0,1
1608860512748956246,635,Entire home/apt,6,2,3,2,0,0.7196818320954406,78701,Apartment/Condo,0,0,1,0,1,1,1,1,1,1,0,1,0,0,0,0
15552668,187,Entire home/apt,4,1,2,1,0,4.689393297377306,78721,House,1,9.666666666666666,2,16,0,2,0,0,1,1,0,1,0,1,1,1
1278370211844166638,2629,Entire home/apt,16,6,14,4,0,6.9957732937885195,78746,House,1,4.166666666666667,2,0,1,2,1,1,1,1,0,1,0,1,1,0
1262199078410095661,277,Entire home/apt,3,1,1,1,0,22.531349165716904,78734,Unique/other,0,2.75,4,5,0,1,0,1,1,1,0,0,0,0,1,1
866634553208523490,499.2,Private room,16,4,8,4,0,7.928942318938001,78752,Hotel-like,0,3.25,92,0,1,1,1,0,1,1,1,0,0,1,1,1
1239890505768071326,325,Entire home/apt,8,3,4,3.5,0,2.7060864099705593,78722,House,1,6.916666666666667,3,27,0,2,0,0,1,1,0,1,0,1,1,1
763761118677816549,325.5,Entire home/apt,13,4,8,4,0,4.746612243024491,78721,House,1,10.083333333333334,2,21,0,2,0,0,1,1,0,1,0,1,0,1
1684166456279632440,304.5,Private room,6,2,3,2,0,6.5792325518452595,78741,Apartment/Condo,0,2.0833333333333335,7,0,1,2,1,0,1,1,1,1,1,1,0,0
1487138818356513745,109,Private room,1,4,2,2,0,13.701035864360648,Other,House,0,0.8333333333333334,2,1,0,1,0,0,1,1,0,1,0,1,0,0
1269909821204925625,366,Entire home/apt,2,1,1,1,0,1.817559528668271,78705,Apartment/Condo,0,1.6666666666666665,2,0,1,1,1,0,1,0,0,1,0,1,0,1
1299571555368535966,152,Entire home/apt,2,2,2,2,0,4.559304416971435,78741,House,0,12.583333333333334,1,35,0,1,0,0,1,1,0,0,0,0,0,1
44087479,210.5,Entire home/apt,4,1,2,1.5,0,2.4551140045346127,78703,Guesthouse/Guest suite,1,5.916666666666667,1,24,0,2,1,1,1,1,0,1,0,1,0,1
649514455439091082,147,Entire home/apt,3,1,2,1,0,1.6678914309516497,78702,House,0,7.583333333333333,3,60,0,1,0,0,1,1,0,0,0,1,1,1
1634951542427253243,644,Entire home/apt,16,7,12,5,0,8.715477211707446,78745,House,1,9.416666666666666,15,1,0,1,1,0,1,1,0,1,0,1,1,1
1600094258758488611,150.48000000000002,Entire home/apt,4,2,2,2,0,5.814131142402317,78704,Apartment/Condo,1,4.5,178,0,1,1,1,0,1,0,0,1,0,0,1,1
1400181513523205595,456.5,Entire home/apt,8,3,5,2,0,4.1485903593186375,78704,House,1,1.1666666666666667,1,10,0,2,0,0,1,1,0,1,0,1,0,1
934844930597445199,205.5,Entire home/apt,2,1,1,1,0,14.415236050682958,Other,Unique/other,1,12.333333333333334,3,37,0,1,1,0,1,1,0,0,0,1,0,1
547097178829506733,227,Entire home/apt,6,3,3,2,0,9.070816232204292,78744,House,1,8.25,35,6,0,1,1,0,1,1,0,1,0,1,0,1
630485307956951875,587,Entire home/apt,6,3,3,2,0,6.066939647541332,78741,House,0,8.583333333333334,1,35,0,1,1,1,1,1,0,1,0,0,1,1
26643434,245.67,Entire home/apt,4,2,2,1.5,0,3.0765190779065525,78702,House,1,13,1,25,0,2,0,0,1,1,0,1,0,1,1,1
1473231247570612378,295.5,Entire home/apt,6,3,3,2,0,19.83373168910864,Other,House,1,0.8333333333333334,1,18,0,1,0,0,1,1,0,1,0,1,0,1
719483448723448002,856,Entire home/apt,10,4,7,3,0,8.2866706220045,78745,House,1,3.75,1,11,0,1,1,0,1,1,0,1,0,0,1,1
1359751198202978329,195.5,Entire home/apt,4,1,1,1,0,3.4514621464337485,78741,Apartment/Condo,0,1.3333333333333333,1,17,0,2,1,0,1,1,0,1,0,1,0,1
909023082555332917,325,Entire home/apt,10,4,5,2,0,12.410933222747662,Other,House,1,2.4166666666666665,1,51,0,1,1,0,1,1,0,1,0,1,1,1
960159031814159328,343,Entire home/apt,6,3,3,2.5,0,7.661242615263704,78757,House,0,2.8333333333333335,1,3,0,1,0,0,1,1,0,1,0,1,1,0
1434240792620083725,252,Entire home/apt,4,2,2,1,0,6.8030944109678515,78745,House,1,3.25,1,24,0,1,0,0,1,1,0,1,0,1,1,0
1388355391195015339,166.5,Entire home/apt,6,3,3,2,0,4.957567243268642,78721,House,1,13.666666666666666,1,46,0,2,0,0,1,1,0,1,0,1,0,1
1442887197163701872,158.62,Entire home/apt,4,1,2,1,0,3.400009789344228,78704,Apartment/Condo,0,0.9166666666666666,1,29,0,1,0,0,1,1,0,1,0,1,1,1
1265250652739841257,142,Entire home/apt,5,1,3,1,0,3.9826910821935626,78751,Apartment/Condo,0,1.75,3,65,0,1,1,0,1,1,0,1,0,1,1,1
1593451,169.33,Entire home/apt,2,1,1,1,0,4.476740139639803,78704,Guesthouse/Guest suite,1,12.75,1,26,0,3,0,0,1,1,0,0,0,1,0,1
706738666931680487,159,Entire home/apt,2,1,1,1,0,5.761056427425974,78723,Unique/other,1,9.666666666666666,2,19,0,1,0,0,1,1,0,0,0,1,0,1
1136368830912349728,210.4,Entire home/apt,7,2,3,2.5,0,5.7519296109962905,78704,House,0,4.5,3,16,0,4,0,0,1,1,0,1,0,1,1,1
1710644443217510758,190,Entire home/apt,3,1,1,1,0,2.9078854337802693,78704,Apartment/Condo,1,2.75,7,0,1,1,0,0,1,1,0,1,0,1,1,0
1510831705678953730,300.5,Entire home/apt,5,3,3,2,0,9.175278905766149,78757,House,1,0.75,1,24,0,1,1,0,1,1,0,1,0,1,0,1
1446737156303178251,765.9,Entire home/apt,12,6,6,4,0,6.416963437555236,78723,House,1,5.333333333333333,11,7,0,2,1,1,1,1,0,1,0,1,1,1
1603965623766408298,147,Entire home/apt,4,1,2,1,0,4.018805315547224,78751,Apartment/Condo,0,0.6666666666666666,2,8,0,1,0,0,1,1,0,1,0,1,1,1
10767302,1385.6699999999998,Entire home/apt,8,3,3,3.5,0,2.423859086535297,78702,House,0,11.25,1,0,0,3,0,0,1,1,0,1,0,0,0,0
1182638894293893604,207.31,Hotel/shared room,2,1,1,1,0,1.0901504103393052,78705,Hotel-like,0,3.1666666666666665,48,0,1,1,1,0,1,0,1,0,0,1,1,1
7146530,221.39000000000001,Entire home/apt,2,1,1,1,0,4.706251907236947,78704,House,1,11.166666666666666,4,40,0,1,0,0,1,1,0,1,0,0,1,1
15634528,381.38,Entire home/apt,14,5,7,2.5,0,20.475158019373147,Other,House,1,12,1,10,0,2,1,0,1,1,0,1,0,0,0,1
1268409614302267893,425.5,Entire home/apt,14,3,7,2.5,0,5.378407334424615,78704,House,1,5.333333333333333,6,24,0,2,1,0,1,1,0,1,0,1,0,1
1340225992928147220,399.67,Entire home/apt,6,3,4,2,0,8.856523845452095,78746,House,1,8.083333333333334,1,12,0,2,1,1,1,1,0,1,0,1,1,1
1558807878178270096,212,Entire home/apt,6,2,3,1,0,4.416693804362007,78751,Apartment/Condo,0,9.333333333333334,47,20,0,1,0,0,1,1,0,1,0,1,0,0
1063992683976553910,258.5,Entire home/apt,4,1,3,1,0,1.087963506606226,78701,Apartment/Condo,1,7.333333333333333,7,56,0,1,1,0,1,1,1,1,1,1,0,1
969489998611694972,160,Entire home/apt,2,1,1,1,0,1.9890756042487707,78705,Apartment/Condo,0,4.25,20,9,0,1,0,0,1,1,0,1,0,0,0,1
844957435227989210,193,Entire home/apt,4,1,2,1,0,1.6130436936182249,78703,Hotel-like,1,3.6666666666666665,30,0,1,2,1,0,1,0,1,1,0,1,0,1
975344857232858634,117,Private room,4,1,2,1,0,7.982164423610465,78752,Hotel-like,0,3.25,92,2,0,1,1,0,1,1,1,0,0,1,1,1
50381279,181.67,Entire home/apt,4,2,2,1,0,3.400100644527692,78702,Apartment/Condo,1,5,1,22,0,2,0,0,1,1,0,1,0,1,1,1
1312678121637832337,423,Entire home/apt,6,3,3,3,0,19.18585408020182,Other,Apartment/Condo,1,11.083333333333334,23,2,0,1,0,0,1,1,0,1,0,0,0,1
911913725309961295,232,Entire home/apt,5,2,3,2,0,18.43279144055817,Other,Apartment/Condo,0,3,6,8,0,1,1,1,1,1,0,1,0,1,1,1
883341430832707838,337,Entire home/apt,10,4,7,2,0,5.511505142063303,78704,House,1,3.0833333333333335,1,9,0,2,0,0,1,1,0,1,0,0,0,1
1365559517005664467,157,Entire home/apt,5,2,3,1,0,6.338199888500541,78741,House,1,1.25,1,37,0,1,0,0,1,1,0,1,0,0,1,1
50215624,1027.1399999999999,Entire home/apt,6,3,3,3.5,0,3.21626632432093,78703,House,0,12.416666666666666,1,0,0,7,0,0,1,1,0,1,0,1,1,0
910805544936414910,420,Entire home/apt,12,4,6,2,0,24.62267541693708,Other,House,1,7.833333333333333,1,12,0,1,0,1,1,1,0,1,0,1,1,1
841363281551743551,125.8,Entire home/apt,3,1,2,1,0,2.121777717221652,78704,Apartment/Condo,0,0.16666666666666666,15,33,0,1,1,0,1,1,0,1,0,1,0,1
986229448753152442,462,Private room,4,1,2,1.5,0,1.3302870485544138,78702,Hotel-like,0,2.6666666666666665,1,1,0,1,0,0,1,1,0,0,0,1,0,0
1637993898937789694,194,Entire home/apt,6,3,4,1,0,7.522593593941093,78745,House,0,0.25,1,33,0,1,0,0,1,1,0,0,0,0,1,1
948100349598297355,430,Entire home/apt,10,4,5,2,0,3.794308087846975,78704,House,1,8.25,19,16,0,2,0,0,1,1,0,1,0,1,0,1
1079887015080736624,182.6,Entire home/apt,2,1,1,1,0,5.378727722367245,78721,House,1,4.416666666666667,2,0,0,5,0,0,1,1,0,0,0,1,1,1
1669592684675069790,786.6700000000001,Hotel/shared room,2,1,1,1,0,1.9756706334360723,78704,Hotel-like,0,0.16666666666666666,47,0,1,1,1,0,1,0,1,0,1,1,1,1
1482543974453264480,95,Hotel/shared room,4,1,2,1,0,9.38130229574687,Other,Hotel-like,0,8.25,15,18,0,1,0,0,1,1,1,1,0,1,1,1
46888596,163.14,Entire home/apt,4,2,2,1,0,1.385806785036058,78702,House,0,13.333333333333334,1,12,0,2,0,0,1,1,0,1,0,1,1,1
1685045634921304260,569,Entire home/apt,8,3,4,2.5,0,6.525331494229889,78704,House,1,10,8,3,0,1,1,0,1,1,0,1,0,0,0,1
39410286,182,Private room,2,1,1,1,0,0.9712363913579204,78705,Hotel-like,0,6.333333333333333,11,0,1,1,1,0,1,0,0,0,0,0,1,0
47446861,255,Entire home/apt,2,1,1,1,0,2.3886184707573435,78701,Apartment/Condo,1,4.25,1,51,0,1,1,0,1,0,1,1,1,1,1,1
19295842,172,Entire home/apt,6,2,3,1,0,3.6399480450905384,78704,Apartment/Condo,1,10.416666666666666,23,33,0,1,0,0,1,1,0,1,0,1,1,1
53380610,1372.33,Entire home/apt,16,5,9,5.5,0,7.413450715959811,78746,House,1,7.25,2,21,0,1,1,1,1,1,0,1,0,1,0,0
1623930812153641451,367.46,Entire home/apt,16,5,12,3,0,8.073826004584877,Other,House,1,1.0833333333333333,1,21,0,1,0,0,1,1,1,1,0,1,1,1
679951151354767448,300,Entire home/apt,4,2,2,1,0,3.1542598570191913,78704,House,0,13.333333333333334,3,33,0,1,0,0,1,1,0,1,0,1,1,1
1188448629613160744,142,Entire home/apt,4,2,2,1.5,0,5.118195945381623,78704,House,1,1.9166666666666665,1,29,0,2,0,0,1,1,0,1,0,1,0,1
1631491057910989282,248,Entire home/apt,9,4,5,2,0,1.8401349506511475,78705,Apartment/Condo,1,10.666666666666666,10,3,0,2,1,0,1,0,0,1,0,1,1,0
48548399,234,Entire home/apt,6,3,3,2,0,5.5006684181749055,78721,House,0,5.666666666666667,1,21,0,2,0,0,1,1,0,1,0,1,1,1
940465632750242903,731.5,Entire home/apt,10,3,5,3.5,0,2.9239866823218286,78703,House,0,9.25,47,3,0,2,1,0,1,1,0,1,0,1,0,1
51298832,163,Entire home/apt,2,1,1,1,0,3.232493681990797,78751,Apartment/Condo,0,4.833333333333333,2,0,0,2,0,0,1,1,0,0,0,0,0,1
1529389876109810134,220,Entire home/apt,6,3,4,1,0,5.27925261464064,78704,House,0,0.4166666666666667,1,6,0,2,0,0,1,1,0,1,0,1,0,0
52105347,682.59,Entire home/apt,14,4,8,4,0,2.8200334627497834,78722,House,1,4.75,1,24,0,2,1,1,1,1,0,1,0,1,1,1
35881491,556.5,Entire home/apt,12,4,7,2.5,0,1.5681614353775042,78702,House,1,7,2,19,0,2,0,0,1,1,0,1,0,1,0,1
917421303045220962,219,Private room,4,1,2,1,0,19.12343240822804,Other,Hotel-like,0,3.25,92,0,0,1,1,0,1,1,1,0,0,1,1,1
1481175911272516707,417.78,Entire home/apt,12,4,6,3.5,0,3.7819016045612703,78702,House,1,3.5833333333333335,5,46,0,1,1,1,1,1,0,1,0,1,0,1
2254712,193,Entire home/apt,4,2,2,1,0,2.6722237703630145,78703,Apartment/Condo,1,12.333333333333334,1,33,0,1,0,0,1,1,0,1,0,1,0,1
1318017233860088077,670.5,Entire home/apt,16,5,10,4,0,6.295222057730704,78757,House,1,2.6666666666666665,3,67,0,1,1,1,1,1,0,1,0,1,0,0
1497043829666744334,166,Entire home/apt,2,1,2,1,0,17.358184919640273,78737,House,0,0.75,1,2,0,2,0,0,1,1,0,1,0,0,1,0
573232635985655115,149.37,Private room,1,4,1,2,1,5.736927333748023,78704,House,0,4.25,2,0,0,7,1,1,1,1,0,1,0,1,0,0
1282571060056716252,324,Entire home/apt,6,2,2,1,0,2.159277746547753,78704,Apartment/Condo,0,3.9166666666666665,26,13,0,1,1,0,1,1,0,1,0,1,1,1
692659030254892495,145,Entire home/apt,4,1,1,1,0,6.528813172149191,78741,Apartment/Condo,0,8.666666666666666,53,12,0,1,0,0,1,1,1,1,1,1,0,1
48833195,295,Entire home/apt,4,1,2,1,0,0.6773086802417437,78701,Apartment/Condo,0,12.333333333333334,6,0,1,1,1,0,1,0,1,1,0,1,0,1
856589198929724156,342.5,Entire home/apt,4,2,2,2,0,2.4674644630691227,78705,Apartment/Condo,0,0.3333333333333333,1,2,0,2,1,0,1,0,0,1,0,1,0,1
1687735518137373374,263.5,Entire home/apt,4,1,2,1,0,4.655426502394563,78704,Apartment/Condo,1,3.5833333333333335,9,2,0,2,0,0,1,1,1,1,0,0,1,1
1397983,220,Entire home/apt,2,2,1,1,0,5.8830574066792405,78704,Guesthouse/Guest suite,0,12.916666666666666,1,2,0,2,0,0,1,1,0,0,0,0,0,1
50574342,395.5,Entire home/apt,8,3,4,2.5,0,3.491633406117712,78704,House,1,11.416666666666666,5,10,0,2,1,0,1,1,0,1,0,1,1,1
676606350527797830,172,Entire home/apt,2,1,1,1,0,3.600960504836856,78704,Apartment/Condo,0,7.166666666666667,18,58,0,1,0,0,1,1,0,1,0,1,0,1
1442737179240987306,285,Entire home/apt,4,3,3,1,0,9.51823204681341,Other,Guesthouse/Guest suite,0,3.8333333333333335,1,18,0,2,0,0,1,1,0,0,0,1,0,1
1137297109267491742,126.11,Entire home/apt,3,1,1,1,0,2.2778793560060278,78702,Apartment/Condo,1,2.1666666666666665,1,14,0,4,0,0,1,1,1,1,1,1,1,1
1322483482633897943,285,Entire home/apt,8,3,3,2,0,2.4633476147396034,78722,House,1,1.4166666666666667,1,82,0,1,0,0,1,1,0,1,0,0,1,1
1569647973222830668,547.76,Entire home/apt,10,3,7,2,0,19.202632007108452,Other,House,0,0.5,1,0,1,1,0,0,1,1,0,1,0,0,1,0
1387042665743102876,108.5,Entire home/apt,4,1,2,1,0,1.6066195512469217,78703,Apartment/Condo,1,1.25,5,73,0,1,0,0,1,1,0,1,0,1,1,1
1679772621314866094,166,Entire home/apt,4,1,1,1,0,2.578738010577527,78702,Apartment/Condo,0,0.3333333333333333,1,1,0,1,1,0,1,0,1,1,0,0,1,1
732738613793695812,217,Entire home/apt,6,2,2,2.5,0,18.504287458803564,78729,House,1,3.6666666666666665,1,89,0,1,0,0,1,1,0,1,0,0,1,1
51725457,263.5,Entire home/apt,7,3,6,2,0,2.7384358683901007,78702,House,1,5.166666666666667,3,10,0,2,0,1,1,1,0,1,0,0,1,1
681170270688513753,268.4,Private room,6,3,3,2,0,13.020397124482688,Other,House,0,10,1,0,1,1,0,0,1,1,0,1,0,1,0,0
2124726,376.59,Entire home/apt,12,4,7,1,0,1.7128296286013338,78702,House,1,13.75,5,6,0,2,0,0,1,1,0,1,0,1,0,1
1424106498571909265,219,Entire home/apt,2,1,1,1,0,5.552647796363892,78746,Apartment/Condo,0,9.25,1,3,0,3,1,1,1,1,1,1,0,1,0,0
42536025,59.91,Entire home/apt,2,1,1,1,0,1.3516482410818096,78702,Unique/other,0,4.916666666666667,1,30,0,2,0,0,1,1,0,0,0,0,1,0
1239112785848259899,106,Entire home/apt,2,1,1,1,0,5.629313830222243,78721,Apartment/Condo,0,1.0833333333333333,23,10,0,1,0,0,1,1,0,1,0,1,0,1
44416489,184,Entire home/apt,4,2,3,1,0,7.19474870170903,78741,Guesthouse/Guest suite,1,13.333333333333334,1,48,0,1,0,0,1,1,0,0,0,1,1,1
840890781704621012,152,Entire home/apt,3,1,2,1,0,2.1214391868779,78704,Apartment/Condo,0,3.25,1,15,0,1,1,0,1,1,0,1,0,1,0,1
1458718227295802765,590.4,Entire home/apt,12,4,6,3,0,13.814132076623943,78753,House,1,1.25,2,28,0,1,1,0,1,1,1,1,0,0,0,1
813340242437237345,429.31,Entire home/apt,3,1,2,1,0,2.992604473217266,78705,Apartment/Condo,1,6.666666666666667,11,41,0,1,0,0,1,1,0,1,0,1,1,1
1147210641185552366,344,Hotel/shared room,3,1,1,1,0,26.113937906418407,78734,Hotel-like,0,3.1666666666666665,48,1,0,1,1,0,1,0,1,0,0,1,1,1
876215470671846919,266,Entire home/apt,10,3,6,2,0,6.18395014728055,78741,House,0,3.75,7,66,0,1,0,0,1,1,0,1,0,1,1,1
1081533274916031175,196,Entire home/apt,6,3,3,2.5,0,5.337256178672581,78721,House,1,2.3333333333333335,1,45,0,2,0,0,1,1,0,1,0,1,1,1
15208205,220.67,Entire home/apt,4,1,1,1,0,2.1632418857277016,78702,Guesthouse/Guest suite,1,9.666666666666666,4,0,0,2,0,0,1,1,0,0,0,1,0,1
1371755192762789225,403,Entire home/apt,6,2,3,2,0,6.441019926880936,78741,Apartment/Condo,0,2.0833333333333335,7,0,0,2,1,0,1,1,1,1,0,1,1,1
1067548924834386403,333.88,Entire home/apt,4,1,2,1,0,2.103164880073894,78701,Apartment/Condo,1,8.833333333333334,38,6,0,1,1,0,1,0,1,1,1,1,0,1
1737139,147.5,Entire home/apt,4,1,2,1,0,3.777898355541984,78704,Guesthouse/Guest suite,1,12.666666666666666,1,24,0,2,0,0,1,1,0,0,0,1,0,1
1340722191649462219,398,Entire home/apt,8,2,4,2,0,1.9914001071347922,78701,Apartment/Condo,1,8.833333333333334,38,8,0,1,1,0,1,0,1,1,1,1,1,1
14697359,331,Entire home/apt,10,3,4,2.5,0,1.66722687176642,78702,House,1,14.333333333333334,1,17,0,1,0,0,1,1,0,1,1,1,0,1
1515498092395469003,204.33,Entire home/apt,3,1,2,1,0,14.252963465452892,78758,Apartment/Condo,0,0.6666666666666666,1,6,0,2,1,0,1,1,1,1,0,1,0,1
1441337779108701449,370.67,Private room,4,1,2,1,0,0.9012899369056863,78701,Hotel-like,0,3,60,0,1,3,1,0,1,0,1,1,0,0,0,0
1448079104942710126,304,Entire home/apt,16,3,8,3,0,19.47880619021386,78729,House,0,3.75,31,6,0,1,0,0,1,1,0,1,0,1,0,1
800808630350725718,394.5,Entire home/apt,10,5,5,4.5,0,4.310668605096357,78704,House,0,4.25,37,5,0,2,0,0,1,1,0,1,0,1,0,1
1689851024850624033,295,Entire home/apt,6,3,3,2,0,2.2062922617017677,78703,House,0,7.166666666666667,18,1,0,1,0,0,1,1,0,1,0,1,1,1
987055847809749185,215,Entire home/apt,2,1,1,1,0,2.282890357699122,78705,Apartment/Condo,1,15.25,3,7,0,2,0,0,1,1,0,1,0,1,0,1
1595776136193739891,221.6,Entire home/apt,4,1,2,1,0,5.814131142402317,78704,Apartment/Condo,1,4.5,178,0,1,1,1,0,1,0,0,1,0,0,1,1
1302646734732434017,891.6700000000001,Entire home/apt,15,6,9,5,0,1.9699574668970632,78702,House,1,1.5,4,5,0,1,0,0,1,1,0,1,0,1,0,0
50595812,797.5,Entire home/apt,14,5,8,4,0,1.4763669769454568,78702,House,1,9.083333333333334,7,0,1,2,0,0,1,1,0,1,1,1,0,1
1437253322705956214,245.35000000000002,Entire home/apt,4,2,2,1,0,3.7296891879659864,78704,Apartment/Condo,1,1,3,8,0,2,1,0,1,0,1,1,0,1,0,1
755132529133708496,197,Private room,2,1,1,1,0,1.1335203030339913,78705,Hotel-like,0,6.333333333333333,11,0,1,1,1,0,1,0,0,0,0,0,1,0
1666096559118653221,543,Entire home/apt,8,4,4,2,0,7.215866083782415,78745,House,0,4.666666666666667,2,0,1,1,0,0,1,1,0,1,0,1,1,0
1432067047371444716,447.5,Entire home/apt,16,5,9,3.5,0,6.463086419825358,78741,House,1,6.333333333333333,2,4,0,2,0,1,1,1,0,1,0,1,0,1
1248575649902430343,442.5,Entire home/apt,4,2,3,2,0,2.357089154094258,78705,House,0,1.6666666666666665,1,5,0,2,0,0,1,1,0,1,0,0,0,1
1084776476075777264,1197.32,Entire home/apt,6,1,3,1,0,2.0968896550332867,78704,Apartment/Condo,1,3.5,7,52,0,1,1,0,1,1,1,1,0,1,1,1
1087673658513924062,2082.7799999999997,Entire home/apt,13,5,9,3,0,6.669786046899284,78746,House,1,4.5,14,21,0,1,1,0,1,1,0,1,0,1,1,1
1457476535309712310,216,Entire home/apt,7,4,5,2,0,10.447377910209788,78758,House,0,0.5833333333333334,1,21,0,2,0,0,1,1,0,0,0,1,0,1
48715048,194,Entire home/apt,6,3,4,2,0,2.5264826452201516,78705,House,1,14.333333333333334,9,49,0,1,0,0,1,1,0,1,0,1,0,1
1386681535025938525,561,Entire home/apt,13,4,6,2,0,9.317006217311349,78745,House,1,2.3333333333333335,1,38,0,1,0,0,1,1,0,1,0,1,1,1
1654879451928180238,217,Entire home/apt,2,1,1,1,0,16.138122931325302,Other,Apartment/Condo,0,0.16666666666666666,1,4,0,1,1,0,1,1,1,1,0,0,0,1
1632322105890204541,464.46,Entire home/apt,10,4,6,2.5,0,6.709657943239656,78746,House,0,0.3333333333333333,2,5,0,1,1,0,1,1,0,1,1,1,1,1
1197727822085156216,445.52,Entire home/apt,8,3,5,2.5,0,4.291298212988819,78704,House,1,4.333333333333333,3,30,0,1,0,0,1,1,0,1,0,0,0,1
776106434092035725,536.5,Entire home/apt,8,4,5,3,0,24.196548907869122,78737,House,1,4.25,5,5,0,2,0,1,1,1,0,1,1,1,1,0
51861368,142,Entire home/apt,3,1,2,1,0,13.812714827721603,78744,Guesthouse/Guest suite,1,4.75,2,19,0,1,0,0,1,1,0,0,0,1,1,1
1371346725220973177,988,Entire home/apt,14,6,9,4.5,0,3.9147517722866545,78704,House,1,2.6666666666666665,1,37,0,2,1,1,1,1,0,1,0,0,0,0
1120438228666395672,384,Entire home/apt,10,6,8,3.5,0,15.811650181417951,Other,House,1,5.25,2,27,0,1,0,0,1,1,1,1,0,1,0,1
747781474986080559,700,Entire home/apt,8,4,5,4,0,3.3862129484756207,78704,House,1,3.5833333333333335,1,36,0,1,0,1,1,1,0,1,0,1,1,1
557229487619453099,234,Entire home/apt,3,1,3,1,0,4.162878828340946,78702,House,1,3.25,2,4,0,2,0,0,1,1,0,1,0,0,0,0
1658811344183426008,1207.33,Hotel/shared room,2,1,1,1,0,1.9756706334360723,78704,Hotel-like,0,0.16666666666666666,47,0,1,1,1,0,1,0,1,0,1,1,1,1
1643072502995075141,311,Entire home/apt,6,2,2,1,0,5.551533772241171,78704,Apartment/Condo,0,0.16666666666666666,1,4,0,1,0,0,1,1,0,0,0,0,1,0
1693933825226089709,218,Entire home/apt,5,2,3,1,0,2.0323827185791052,78705,House,1,5.833333333333333,18,0,1,1,0,0,1,1,0,1,1,1,1,1
904459296502037066,440,Entire home/apt,9,3,5,2,0,11.433870706297071,Other,House,0,5,1,7,0,1,0,0,1,1,1,1,0,1,1,1
1028820405672438267,400,Private room,4,1,2,1,0,7.957175998830957,78744,Hotel-like,0,3.5,1,0,1,1,1,1,1,1,1,0,0,1,1,1
1669592679246403009,842,Hotel/shared room,2,1,1,1,0,1.9752223417939487,78704,Hotel-like,0,0.16666666666666666,47,0,1,1,1,0,1,0,1,0,1,1,1,1
1673142,1278,Entire home/apt,8,5,6,4,0,4.997714027058328,78746,House,0,12.75,1,1,0,4,1,1,1,1,0,1,0,1,0,1
1555830554035340977,525,Entire home/apt,8,3,4,2.5,0,6.395070484907235,78704,House,1,0.4166666666666667,1,24,0,1,1,1,1,1,0,1,0,1,1,1
689895893761817749,252,Entire home/apt,4,2,2,1,0,22.09816940791391,78734,House,1,3.8333333333333335,2,101,0,1,0,1,1,1,0,1,0,0,1,1
24179296,52,Private room,2,2,1,1,1,21.235182071581402,78729,House,1,8.166666666666666,2,14,0,1,0,0,1,1,0,1,0,0,0,0
1441756299873310142,232.66,Entire home/apt,7,3,3,2.5,0,20.527478260164475,Other,House,1,1,1,40,0,2,0,0,1,1,1,1,0,1,0,1
1516707662504293122,205,Private room,2,1,1,1,0,10.538010375044777,78758,House,0,9,1,0,1,1,0,0,1,1,0,1,0,0,0,0
29947173,338,Entire home/apt,7,2,2,2,0,23.852811220028627,78734,House,1,9,5,28,0,1,0,1,1,1,0,1,0,1,1,1
1544447913867065856,259.24,Entire home/apt,8,4,4,4,0,2.0303736409530546,78702,House,0,2.0833333333333335,3,0,1,3,0,1,1,1,0,1,0,1,1,1
566548071441810904,252,Private room,6,2,3,2,0,2.024093001593643,78701,Hotel-like,1,4.333333333333333,7,65,0,1,1,0,1,0,1,1,1,1,0,1
1639593904543010039,98.75,Entire home/apt,4,2,7,2,0,13.718613960116539,78753,Apartment/Condo,0,2.75,3,2,0,4,0,0,1,1,0,0,0,1,1,0
1704669109987967246,220,Entire home/apt,6,3,3,1,0,7.532282469869652,78752,Apartment/Condo,0,0.3333333333333333,1,0,1,2,0,0,1,1,0,1,0,1,1,0
981853647260879977,261.5,Entire home/apt,4,1,2,0.5,0,12.503903348284261,Other,House,0,11,1,3,0,1,0,0,1,1,0,1,0,0,1,0
23400546,400.33,Entire home/apt,10,5,6,3,0,7.0589516806008215,78745,House,0,8.333333333333334,2,5,0,3,0,0,1,1,0,1,0,0,0,1
1653787466803608572,132.8,Entire home/apt,4,1,2,1,0,5.814131142402317,78704,Apartment/Condo,1,4.5,178,0,1,1,1,0,1,0,0,1,0,0,1,1
1138409866975537098,157.67,Entire home/apt,7,3,4,2,0,10.069352186163584,78745,House,1,2.1666666666666665,5,0,0,2,0,0,1,1,0,1,0,1,1,1
1624298018944766171,83.5,Private room,1,1,1,1.5,0,13.588697557095193,Other,House,1,2.5,9,2,0,2,0,0,1,1,0,1,0,1,0,1
238657,275.02,Entire home/apt,4,2,2,1,0,2.9491073844169824,78704,House,1,11.166666666666666,4,41,0,1,0,0,1,1,0,1,0,0,1,1
30090405,386,Entire home/apt,6,2,3,2,0,0.7720120473693878,78701,Apartment/Condo,1,10.833333333333334,4,0,0,1,1,0,1,0,1,1,0,0,0,1
1512025433820043909,240,Entire home/apt,5,2,3,2,0,2.0086225299550735,78705,Apartment/Condo,0,9.333333333333334,47,11,0,1,0,0,1,0,0,0,0,0,0,0
1460992729250727176,62.760000000000005,Private room,4,1,1,1,0,1.7434401370527914,78705,Apartment/Condo,1,0.9166666666666666,9,33,0,1,0,1,1,0,0,1,0,0,0,0
35278579,113,Private room,1,1,1,1,0,6.10396047574887,78721,House,0,7,1,0,0,2,0,0,1,1,0,1,0,0,1,1
1254623564347399729,219,Entire home/apt,2,1,1,1,0,3.576908831471199,78704,Apartment/Condo,0,1.6666666666666665,1,3,0,1,1,0,1,1,0,0,0,0,0,1
53572305,213.5,Entire home/apt,4,1,1,1,0,3.399310047502377,78741,Apartment/Condo,0,4.5,1,16,0,2,1,0,1,1,0,1,0,1,0,1
1711879961067376747,162.85000000000002,Entire home/apt,6,3,3,2,0,7.000494201179689,78723,Apartment/Condo,0,2.75,3,0,1,4,1,0,1,1,0,0,0,1,1,0
908963094317491695,306.6,Entire home/apt,13,6,7,3,0,16.325586569234773,78724,House,0,3,5,4,0,5,0,0,1,1,0,1,0,1,1,1
20030072,191.5,Entire home/apt,4,2,3,1,0,2.30268222894205,78704,House,1,12.666666666666666,2,58,0,2,0,0,1,1,0,1,0,0,0,1
1793471,957,Entire home/apt,6,3,3,2,0,3.105481795474326,78704,House,1,12.916666666666666,1,5,0,2,1,1,1,1,0,1,0,1,0,0
660394898842034834,377.5,Entire home/apt,16,5,8,2.5,0,3.801296935961023,78702,House,1,6.666666666666667,14,22,0,2,0,1,1,1,0,1,0,0,1,1
1165358582886790665,166,Entire home/apt,4,2,2,2,0,9.350192015918628,Other,Apartment/Condo,1,2,1,40,0,5,1,0,1,1,0,1,0,1,0,1
48521607,223,Entire home/apt,4,2,1,1,0,4.159483852655354,78704,Apartment/Condo,0,5.25,1,1,0,3,0,0,1,1,0,1,0,1,1,1
1187462046402994542,260.04,Entire home/apt,2,1,1,1,0,2.1441272437578616,78701,Apartment/Condo,1,8.833333333333334,38,5,0,1,1,0,1,0,1,1,1,1,0,1
1495238529062720314,548.5,Entire home/apt,16,5,10,4,0,4.208665233115452,78741,House,1,5.083333333333333,12,4,0,2,1,0,1,1,0,0,0,1,0,1
1618349521466208741,342.4,Private room,4,2,2,1.5,0,2.9593918823396255,78702,House,1,6.583333333333333,1,1,0,5,0,0,1,0,0,1,0,1,0,0
1221856188251270375,225.44,Entire home/apt,6,3,3,2,0,14.360010099897229,Other,House,0,9.666666666666666,1,46,0,2,1,0,1,1,0,1,1,1,1,1
556571301690895607,1369.5,Entire home/apt,6,3,3,2.5,0,10.543263250954283,Other,House,0,4.333333333333333,1,0,1,2,1,0,1,1,0,1,0,1,0,0
1003506424059642239,185,Entire home/apt,3,1,1,1,0,11.237762592291455,78753,Apartment/Condo,0,4.25,1,2,0,1,1,0,1,1,0,1,1,0,0,0
1655914841137322736,294.8,Entire home/apt,4,1,3,1,0,5.814131142402317,78704,Apartment/Condo,1,4.5,178,0,1,1,1,0,1,0,0,1,0,0,1,1
4054044,186.47,Entire home/apt,2,1,1,1.5,0,3.7685045184119756,78751,House,1,11.75,1,24,0,2,0,0,1,1,0,1,0,0,0,1
1654368742087854523,148,Entire home/apt,4,1,1,1,0,4.66455907225875,78704,Apartment/Condo,1,4.5,178,0,1,1,1,0,1,0,0,1,0,0,1,0
12356632,313.82,Entire home/apt,4,2,2,2,0,3.7436793774649035,78704,House,0,10,2,4,0,3,0,0,1,1,0,1,0,1,1,0
13115533,611,Entire home/apt,8,4,4,2.5,0,21.786348971956546,78734,House,0,10.083333333333334,1,0,0,2,0,1,1,1,0,1,0,0,1,1
45469731,258,Entire home/apt,4,2,2,2,0,5.163673558649576,78751,House,1,5.75,1,34,0,2,0,0,1,1,0,1,1,1,0,1
1244215511861688153,362,Entire home/apt,6,2,3,2,0,2.3063831028722976,78702,Apartment/Condo,1,1.75,1,8,0,2,1,0,1,1,0,1,0,1,1,0
770519004154544469,252.33,Entire home/apt,6,3,4,2.5,0,3.1970478097147645,78704,Apartment/Condo,0,11.583333333333334,6,21,0,3,0,0,1,1,0,1,0,1,0,1
1560234687477763511,248,Entire home/apt,5,2,3,1,0,4.9329561143743295,78721,House,0,0.5833333333333334,1,17,0,1,1,1,1,1,0,1,1,1,0,1
996395004619026607,365,Entire home/apt,12,4,8,2.5,0,6.305131235516245,78745,House,1,9.75,33,23,0,1,0,0,1,1,0,1,0,1,0,1
6448,204.33,Entire home/apt,2,1,2,1,0,2.8411719627462735,78704,Guesthouse/Guest suite,1,14.75,1,21,0,3,0,0,1,1,0,1,0,1,0,1
1348619106172868082,292.5,Entire home/apt,2,1,1,1,0,7.352731872690845,78745,Apartment/Condo,0,4.833333333333333,3,16,0,2,1,0,1,1,1,1,0,0,1,1
719725527662713851,571,Entire home/apt,12,7,8,3.5,0,4.234660139764174,78721,House,1,7.666666666666667,2,11,0,2,0,0,1,1,0,1,0,1,0,1
34835894,212.5,Entire home/apt,6,2,3,2.5,0,18.28356729861003,Other,House,0,8,2,4,0,2,0,0,1,1,0,1,0,0,1,1
1351560852782137273,149,Entire home/apt,2,1,1,1,0,4.733808694699369,78751,House,0,13.833333333333334,1,3,0,2,0,0,1,1,0,1,0,0,0,1
216473,548,Entire home/apt,2,1,1,1,0,2.6196748237333733,78704,Apartment/Condo,0,12.25,1,0,0,2,0,0,1,1,0,1,0,0,1,0
36566180,348.5,Entire home/apt,4,2,2,2,0,25.989636354926816,78734,Unique/other,1,6.833333333333333,2,11,0,2,1,1,1,1,0,1,0,0,0,1
1613284213358780465,505.2,Entire home/apt,16,5,10,3.5,0,3.6433744446678817,78704,House,1,4.666666666666667,47,12,0,2,1,1,1,1,0,1,0,1,1,1
821667321131941882,684,Entire home/apt,10,4,5,4.5,0,4.143946815260944,78704,House,1,6.666666666666667,14,14,0,1,1,1,1,1,0,1,1,1,1,1
1655133993918898087,1056,Entire home/apt,10,5,5,4.5,0,2.305234922085265,78702,House,0,0.16666666666666666,1,3,0,1,1,1,1,1,0,0,0,0,0,0
1265603895687157187,499,Entire home/apt,11,4,7,4.5,0,19.377187120121256,78737,House,1,2,8,12,0,2,0,1,1,1,0,1,0,1,0,1
1182646080024186553,209.70999999999998,Hotel/shared room,2,1,1,1,0,1.0901504103393052,78705,Hotel-like,0,3.1666666666666665,48,0,1,1,1,0,1,0,1,0,0,1,1,1
1251600450193944829,125,Entire home/apt,3,1,2,1,0,17.746244383516913,Other,Apartment/Condo,1,1.8333333333333335,3,19,0,2,1,0,1,1,1,1,0,1,1,1
1453697205040430957,472.45,Entire home/apt,8,4,5,3,0,14.086209638644938,78744,House,0,0.9166666666666666,1,0,1,2,1,0,1,1,0,1,0,1,0,1
43547536,234,Entire home/apt,8,4,4,2,0,11.946809873197552,Other,House,1,6,1,19,0,1,0,0,1,1,0,1,0,0,1,1
1605916170436531308,245.5,Private room,2,1,1,1,0,4.744262147791268,78704,House,0,4.25,3,0,1,4,0,0,1,1,0,1,0,0,1,1
641145292676719440,145,Entire home/apt,1,1,1,1,0,17.55629332545725,Other,Apartment/Condo,0,4.166666666666667,3,0,1,1,1,0,1,1,0,1,0,1,0,0
1436307036523332495,160.91,Entire home/apt,3,1,1,1,0,24.070092441462723,78734,Unique/other,0,1,1,15,0,1,1,1,1,1,1,0,0,1,1,1
31530285,308.5,Entire home/apt,6,3,3,2,0,9.308716927756432,78724,House,0,7.333333333333333,1,3,0,2,0,0,1,1,0,1,0,1,0,1
36560092,224,Private room,4,1,2,1,1,0.8626607266089948,78701,Hotel-like,0,6.666666666666667,3,6,0,2,1,1,1,0,1,1,0,1,0,1
1562128939750605711,270.46,Entire home/apt,6,3,3,2,0,6.243286827114725,78723,House,1,1.6666666666666665,5,15,0,1,0,0,1,1,0,1,0,0,1,1
625406455184181127,234.5,Entire home/apt,4,2,2,1,0,3.4009029540883,78704,House,1,12.083333333333334,23,13,0,1,0,0,1,1,0,1,0,1,1,1
50325128,685,Entire home/apt,8,3,4,1,0,23.180819345490455,78734,Apartment/Condo,0,5,1,0,0,2,0,0,1,1,1,1,0,1,1,1
6744307,116.36,Entire home/apt,5,2,3,1,0,15.90432250769588,78758,House,0,11,3,6,0,5,0,0,1,1,0,1,0,1,1,1
1542155953423136798,173,Entire home/apt,3,1,1,1,0,6.098613475265073,78723,Apartment/Condo,0,6.416666666666667,5,3,0,1,1,0,1,1,0,1,0,1,0,1
1138706281079728392,252,Entire home/apt,10,2,5,2,0,2.0168739994659255,78701,Apartment/Condo,1,4.333333333333333,7,64,0,1,1,0,1,0,1,1,1,1,0,1
884028416652584579,833.3299999999999,Entire home/apt,11,4,7,3,0,2.67612942171685,78702,House,1,3.0833333333333335,1,30,0,1,0,0,1,1,1,1,0,1,1,1
812430634530133743,245,Entire home/apt,4,1,2,1,0,0.8059567375405005,78701,Apartment/Condo,1,4.333333333333333,9,0,0,2,1,0,1,0,0,1,0,1,0,1
23238849,132.73,Entire home/apt,2,1,1,1,0,2.011094400602952,78703,Apartment/Condo,1,8.5,1,6,0,2,1,0,1,1,0,1,0,1,0,1
1055074267714252107,742,Entire home/apt,16,6,12,6,0,3.2232907598265554,78702,House,1,9.75,33,10,0,1,1,0,1,1,0,1,0,1,1,1
1679283374518032623,436,Entire home/apt,6,4,4,3,0,16.040832582922434,78724,House,0,0.08333333333333333,1,3,0,2,0,0,1,1,1,1,0,1,0,0
1712232674370312724,53.67,Private room,2,1,1,1.5,0,15.903569822934053,78753,House,0,10.25,4,0,1,3,0,0,1,1,0,1,0,1,0,1
603091137051606684,1290,Entire home/apt,16,6,12,4,0,23.74018155753289,Other,House,1,5.666666666666667,3,13,0,2,1,0,1,1,0,1,0,1,0,1
1643780395545742487,142.65,Entire home/apt,2,1,1,1,0,2.898436068191571,78705,Guesthouse/Guest suite,1,9.083333333333334,4,3,0,1,0,0,1,1,0,1,0,1,1,1
1154759099449377240,103.5,Entire home/apt,3,1,2,1,0,4.613586766419491,78741,Apartment/Condo,0,6.833333333333333,43,17,0,1,0,0,1,1,1,1,0,1,0,1
27486300,971,Entire home/apt,14,5,9,3,0,4.276680194777167,78704,House,1,8.916666666666666,16,10,0,1,1,0,1,1,0,1,0,1,0,1
1578428151226533410,1373.37,Entire home/apt,16,6,11,7,0,3.5572468721438066,78702,House,1,8.333333333333334,18,13,0,1,1,1,1,1,1,1,0,1,0,1
1289012721802647005,204,Entire home/apt,5,2,3,2,0,11.247468354984287,Other,House,1,8.166666666666666,1,0,0,2,0,0,1,1,0,1,0,1,1,1
504352670021486626,353.34000000000003,Entire home/apt,6,3,4,2,0,21.26863166569941,78734,House,1,4.5,14,30,0,1,0,0,1,1,0,1,0,1,1,1
1342315525720132509,138,Entire home/apt,4,1,2,1,0,5.846921198382235,Other,Apartment/Condo,1,1.5,9,12,0,1,1,0,1,1,0,1,0,1,1,1
1186375664309054189,555.5,Entire home/apt,12,4,9,2,0,11.258170869331652,78745,House,0,8.25,1,17,0,1,1,0,1,1,0,1,0,0,1,1
719883545049480084,454.45,Entire home/apt,8,4,5,3,0,6.923666132108857,78723,House,1,6.083333333333333,1,12,0,1,0,0,1,1,0,1,0,1,0,1
32667361,458,Entire home/apt,5,2,3,2.5,0,4.8998818182536,78704,House,0,15.333333333333334,2,10,0,2,0,0,1,1,0,1,0,0,1,1
1579932188996409455,272.74,Entire home/apt,6,3,4,2.5,0,3.062612013027964,78702,House,0,3.75,18,36,0,1,0,0,1,1,0,1,0,1,0,1
1693434264185889000,130,Hotel/shared room,2,1,1,1,0,7.972259002205327,78744,Hotel-like,0,1,22,0,1,1,1,0,1,1,1,0,0,1,1,1
1629250545336563059,103.5,Entire home/apt,3,1,2,1,0,0.664584136572999,78701,Apartment/Condo,1,7.333333333333333,3,19,0,1,0,0,1,1,0,1,0,1,0,1
28580619,189,Entire home/apt,6,4,5,2.5,0,14.517350396070485,Other,House,1,7.75,1,4,0,5,0,0,1,1,0,1,0,1,0,1
1635053978245484348,417,Entire home/apt,8,3,3,2,0,16.23938923301654,78724,Apartment/Condo,0,0.25,1,0,1,1,0,0,1,1,0,0,0,0,0,0
16998086,281,Entire home/apt,3,1,1,1,0,4.241601346893051,78751,Guesthouse/Guest suite,0,13.333333333333334,1,0,0,1,0,0,1,1,0,1,0,0,0,1
1123178146892681662,170.04,Entire home/apt,4,1,2,1,0,3.6171849109292156,78704,Apartment/Condo,1,6.833333333333333,4,20,0,2,0,0,1,1,0,0,0,1,1,1
1260960312436974752,332.66,Entire home/apt,8,3,4,2,0,6.957255563455249,78745,House,1,5.166666666666667,2,24,0,2,1,0,1,1,0,1,0,1,1,1
692990298812678965,260.19,Entire home/apt,4,2,2,2.5,0,3.6600177273257684,78702,House,0,3.75,1,9,0,2,0,0,1,1,0,1,0,1,0,1
1634902892490996951,505,Entire home/apt,6,2,2,1,0,2.795235861024062,78702,House,0,0.25,1,0,1,2,0,0,1,1,0,1,0,0,1,0
1673603757989700660,114.8,Private room,2,1,1,1,0,20.74322714739784,78729,House,0,1.6666666666666665,17,0,1,2,0,0,1,1,1,1,0,0,0,1
28607716,330.42999999999995,Entire home/apt,12,3,9,2,0,1.5158596814269918,78702,House,0,11.333333333333334,18,6,0,3,0,0,1,1,0,1,0,1,0,1
574879839235909701,265.5,Entire home/apt,6,2,3,1.5,0,2.029573029055548,78701,Apartment/Condo,0,10.5,9,35,0,1,1,0,1,0,1,1,1,1,0,1
1640300914794677538,213,Entire home/apt,10,4,4,2,0,7.20907726983948,78757,House,0,1.5833333333333335,2,14,0,1,0,0,1,1,0,1,0,1,1,1
1459622730110080830,1186.83,Entire home/apt,6,3,3,2.5,0,13.82295804841218,78744,House,0,0.6666666666666666,1,1,0,2,0,0,1,1,0,1,0,1,0,0
1572570322000937626,139,Entire home/apt,4,1,1,1,0,3.573404126847688,78751,Apartment/Condo,1,0.5,1,8,0,3,1,0,1,1,0,0,0,1,1,1
1517798326517736744,171.5,Entire home/apt,4,1,3,1,0,2.8345503808555734,78704,House,0,1.0833333333333333,1,5,0,2,0,0,1,1,0,1,0,1,0,1
723600448616326507,457,Entire home/apt,8,3,5,2,0,13.703960211936433,Other,House,0,3.6666666666666665,1,0,0,1,0,0,1,1,0,1,0,0,0,1
21366577,637.16,Entire home/apt,8,4,5,3.5,0,18.02392084672823,Other,House,1,8.666666666666666,1,6,0,3,1,1,1,1,0,1,0,1,0,1
869252456507432694,495.03,Private room,3,1,1,1,0,0.6465404865493488,78701,Hotel-like,0,3.25,92,0,1,1,1,0,1,0,1,0,0,1,1,1
52411621,818,Entire home/apt,12,4,7,3,0,3.9086676043640867,78741,House,1,8.916666666666666,16,15,0,1,1,0,1,1,0,1,0,1,0,1
10806723,468,Entire home/apt,3,1,1,1.5,0,1.1677449871205727,78702,House,0,10.25,1,2,0,2,0,0,1,1,0,1,0,1,0,1
1248666586576893870,60,Private room,4,1,2,0,1,2.048446494053604,78705,Hotel-like,0,1.75,1,0,0,1,0,0,1,1,0,0,0,0,0,0
1630137497179724680,196.5,Entire home/apt,4,2,2,2,0,10.580148613203239,78744,Apartment/Condo,0,7,67,2,0,2,0,0,1,0,0,1,0,1,1,0
1397020386119011689,148.67,Entire home/apt,4,1,2,1,0,17.74061815196782,Other,Apartment/Condo,1,1.25,1,33,0,2,1,0,1,1,0,1,0,0,0,1
724450948506494673,216,Entire home/apt,4,2,2,1,0,6.356392640722452,Other,House,0,3.6666666666666665,1,15,0,2,0,0,1,1,0,1,1,0,0,1
1146612531480091289,247,Entire home/apt,6,2,3,2,0,0.7196818320954406,78701,Apartment/Condo,1,2.1666666666666665,1,0,1,1,1,1,1,0,1,1,0,0,0,1
45276565,150,Entire home/apt,4,2,2,1,0,4.26137234721536,78702,House,1,9.75,18,100,0,1,0,0,1,1,0,0,0,0,1,1
1331245531414902974,595.53,Entire home/apt,6,2,4,2,0,3.6370800519254898,78704,House,0,10.916666666666666,40,25,0,1,0,0,1,1,0,1,0,1,0,1
42544174,140.5,Entire home/apt,4,1,2,1,0,6.2294572774666515,Other,Guesthouse/Guest suite,1,6.25,1,20,0,2,0,0,1,1,0,0,0,1,0,1
1453575798438693223,139.75,Entire home/apt,2,1,2,1,0,3.4858981311030806,78704,Guesthouse/Guest suite,1,0.9166666666666666,1,37,0,4,0,0,1,1,0,1,0,0,0,1
1267610454961165359,313.83,Entire home/apt,10,4,5,4,0,20.6890473790825,78729,House,0,1.6666666666666665,17,3,0,2,0,0,1,1,1,1,0,1,1,1
50403044,183,Entire home/apt,4,2,2,1.5,0,4.661702507579835,78723,House,1,4.75,2,11,0,1,0,0,1,1,0,1,0,1,0,1
746608698065695739,1288,Entire home/apt,4,2,2,2,0,3.708953130218866,78704,Apartment/Condo,1,4.666666666666667,13,0,0,2,0,0,1,1,0,0,0,0,1,1
52454570,147.20999999999998,Entire home/apt,6,2,3,1.5,0,5.936416880006081,78704,Apartment/Condo,1,4.416666666666667,1,37,0,2,0,0,1,1,0,1,0,1,0,1
49344973,257,Entire home/apt,4,2,2,2,0,11.536735587807614,Other,Apartment/Condo,0,5.083333333333333,1,0,0,3,1,0,1,1,1,1,0,0,0,1
364269,316,Entire home/apt,7,3,4,2.5,0,3.286782539471824,78704,House,0,14.25,9,8,0,2,1,0,1,1,0,1,1,1,1,1
970421758819524327,1484,Entire home/apt,8,3,3,3,0,14.737243159762542,78744,House,0,3,1,0,0,2,0,0,1,1,0,1,0,1,0,1
109005,206,Entire home/apt,4,2,2,1,0,2.851192700787142,78703,House,1,15.083333333333334,1,9,0,1,0,0,1,1,0,1,0,1,0,1
1506618767542440188,270,Entire home/apt,2,1,1,1,0,4.008223099913328,78704,House,1,0.75,1,22,0,2,0,0,1,1,0,1,0,1,0,0
980532615727187377,684.71,Entire home/apt,8,3,4,2.5,0,2.991928623617522,78703,House,0,3.75,18,26,0,1,1,0,1,1,0,1,0,1,0,1
1451599624189938840,439,Entire home/apt,13,5,8,3,0,7.656864033770836,78745,House,0,11.583333333333334,6,34,0,1,1,0,1,1,0,1,0,1,0,1
1181583145007274099,241.5,Entire home/apt,4,2,2,2,0,5.805858316523645,78741,House,1,1.8333333333333335,1,9,0,2,0,0,1,1,0,1,0,1,1,1
41929618,176.88000000000002,Entire home/apt,4,2,2,1,0,4.612686518651204,78751,House,1,6.333333333333333,1,36,0,1,0,0,1,1,1,1,0,1,1,1
709491927240274745,207,Entire home/apt,3,1,1,1,0,24.96401359063335,78734,Guesthouse/Guest suite,0,3.75,1,19,0,1,0,0,1,1,0,1,0,1,1,0
1109485841723690181,239.65,Entire home/apt,7,3,3,2,0,13.451874981783686,Other,House,0,7.75,1,36,0,1,1,0,1,1,0,1,0,1,1,1
1142920247241829454,553.5,Entire home/apt,11,5,9,3,0,14.74944478525817,Other,House,1,2.1666666666666665,1,23,0,2,0,0,1,1,0,1,0,0,0,1
800645969884996807,245,Entire home/apt,4,1,2,1,0,0.6004114809111275,78701,Apartment/Condo,1,4.333333333333333,9,0,0,2,1,1,1,0,0,1,0,1,0,1
1595171320076332356,234,Entire home/apt,4,1,2,1,0,5.814131142402317,78704,Apartment/Condo,1,4.5,178,0,1,1,1,0,1,0,0,1,0,0,1,1
992114932417289196,165,Entire home/apt,2,1,1,1,0,5.759717129943756,78704,Apartment/Condo,1,7.166666666666667,4,59,0,1,0,0,1,1,0,1,1,1,1,1
11815241,317.5,Entire home/apt,6,2,2,2,0,26.036936577510964,78734,House,0,10.25,17,1,0,2,1,0,1,0,0,1,0,1,0,0
978911374120285638,208,Entire home/apt,2,1,1,1,0,4.248856987702433,78751,Apartment/Condo,0,2.75,4,0,1,1,1,0,1,1,0,1,0,1,0,0
709297471884850501,293,Entire home/apt,16,6,10,3,0,4.456693545649448,78721,House,1,9.833333333333334,18,75,0,1,1,0,1,1,0,1,0,1,0,1
10438567,165.5,Entire home/apt,2,1,1,1,0,3.2445185877218425,78704,Guesthouse/Guest suite,1,10.333333333333334,1,11,0,1,0,0,1,1,0,0,0,0,0,1
37703984,329.33,Entire home/apt,6,2,3,2,0,0.5027392287310076,78701,Apartment/Condo,1,11.166666666666666,17,0,0,3,1,0,1,0,1,1,0,0,0,1
804415488849197455,97,Entire home/apt,4,2,1,2.5,0,20.81306087099636,Other,Apartment/Condo,0,0.3333333333333333,1,2,0,3,0,0,1,1,0,1,0,0,0,1
1281868537147715430,165,Entire home/apt,4,1,1,1,0,4.263189454746677,78704,Apartment/Condo,0,8.666666666666666,53,15,0,1,0,0,1,1,1,1,0,1,0,1
944822388627180674,145.5,Entire home/apt,2,1,1,1,0,26.218564079143636,78737,Apartment/Condo,1,7.166666666666667,23,21,0,2,0,0,1,1,0,1,0,1,1,1
1375529533721903853,893.2700000000001,Entire home/apt,12,4,8,3,0,5.509428993099929,78704,House,1,8.333333333333334,18,39,0,1,1,1,1,1,0,1,0,1,1,1
1475354823349581013,710,Entire home/apt,12,4,6,3.5,0,3.0536403168425865,78704,House,1,9.083333333333334,3,35,0,1,1,1,1,0,0,1,0,1,1,1
22938571,987.5,Entire home/apt,8,3,3,3.5,0,2.489635064915499,78702,House,0,8.333333333333334,1,0,0,2,0,0,1,1,0,1,0,1,1,1
911512348879000981,513.6,Entire home/apt,8,4,5,3,0,4.852285831629434,78746,House,0,2.8333333333333335,1,0,0,5,0,0,1,1,0,1,0,1,1,1
1635358466251375009,350,Entire home/apt,8,4,5,1.5,0,19.00243720314964,78729,House,0,8.833333333333334,5,1,0,1,0,0,1,1,0,1,0,1,0,1
575691752322276596,581,Entire home/apt,8,4,5,2,0,3.839363780584301,78741,House,1,5.5,1,7,0,2,0,0,1,1,0,1,0,1,0,1
1600757831661516564,216,Entire home/apt,4,1,2,1,0,5.814131142402317,78704,Apartment/Condo,1,4.5,178,0,1,1,1,0,1,0,0,1,0,0,1,1
10878105,475,Entire home/apt,5,3,3,2,0,3.219104478853545,78704,House,1,12.583333333333334,2,32,0,1,0,0,1,0,0,1,0,1,1,1
1143603246889516020,71.5,Private room,1,1,1,1,0,10.159760294742147,78745,House,0,12.333333333333334,1,0,0,2,0,0,1,1,0,1,0,1,0,0
1625367476065449451,236.8,Entire home/apt,4,1,2,1,0,5.814131142402317,78704,Apartment/Condo,1,4.5,178,0,1,1,1,0,1,0,0,1,0,0,1,1
31019216,405,Private room,4,1,1,0,1,13.900301637385002,Other,Hotel-like,0,7.583333333333333,8,0,0,1,1,0,1,1,0,0,0,1,0,0
48750020,201,Entire home/apt,2,1,1,1,0,2.5359397750781554,78702,House,1,13.833333333333334,7,27,0,1,0,0,1,1,0,1,0,1,0,1
19712479,223,Entire home/apt,4,2,2,1,0,2.784077579784527,78702,House,1,9.666666666666666,2,4,0,2,0,0,1,1,0,1,0,1,0,1
1445183935802756671,212.26,Entire home/apt,4,2,2,2,0,4.882678437301635,78741,Apartment/Condo,0,3.9166666666666665,16,10,0,1,1,0,1,1,1,1,0,1,1,1
3214547,1202.33,Entire home/apt,8,3,4,2,0,3.075537772877404,78704,House,1,12,2,3,0,3,1,0,1,1,0,1,0,0,1,1
52743470,429,Entire home/apt,14,4,7,2,0,1.6055828043704865,78702,House,1,4.416666666666667,2,24,0,1,0,0,1,1,0,1,1,1,0,1
1385106070689092213,181.45000000000002,Entire home/apt,4,2,3,1,0,2.9814642293007947,78702,House,1,1.1666666666666667,1,48,0,2,0,0,1,1,0,1,0,0,0,1
1480646309492214393,313,Entire home/apt,7,2,4,1.5,0,2.031239973204237,78701,Apartment/Condo,1,10.833333333333334,3,29,0,1,1,0,1,0,0,1,0,0,0,1
820803130013402978,190.67,Entire home/apt,4,2,2,1.5,0,17.147917342765922,Other,House,1,8,1,2,0,3,0,0,1,1,0,1,0,1,1,1
13465393,131.5,Entire home/apt,2,1,1,1,0,2.2938010816902485,78702,Unique/other,1,11.083333333333334,2,21,0,2,1,1,1,1,0,1,0,1,0,1
990853373398362342,288,Entire home/apt,16,5,8,3,0,6.636762308588644,78723,House,1,2.75,12,46,0,1,1,0,1,1,0,1,0,1,0,1
39678647,685,Entire home/apt,7,3,5,2,0,2.208288456595774,78705,House,1,6.583333333333333,2,3,0,2,0,0,1,1,0,1,0,1,0,1
667429004604940746,573,Entire home/apt,10,2,5,2,0,2.0168739994659255,78701,Apartment/Condo,1,4.166666666666667,20,48,0,1,1,0,1,0,1,1,1,1,0,1
8607291,1811.75,Entire home/apt,10,5,7,4,0,4.663061483972526,78746,House,0,15.083333333333334,1,0,0,4,1,1,1,1,0,1,0,0,0,0
1495241277912640119,522,Entire home/apt,16,6,14,3.5,0,4.226823267818818,78741,House,1,5.083333333333333,12,9,0,2,1,0,1,1,0,1,0,1,0,1
1456497811462266431,110.58,Entire home/apt,2,1,1,1,0,14.928221057286871,78753,Apartment/Condo,1,9.166666666666666,6,72,0,1,1,1,1,1,0,0,0,0,0,1
45117080,155.2,Entire home/apt,3,1,2,1,0,2.3001160674601073,78722,Guesthouse/Guest suite,1,5.75,1,99,0,1,0,0,1,1,0,0,0,0,0,1
1358697748597558818,109.04,Entire home/apt,4,2,2,2,0,15.573564218146197,78758,House,0,1.3333333333333333,1,1,0,4,0,0,1,1,0,1,0,1,1,0
1258899189594307490,113,Entire home/apt,2,1,1,1,0,2.2418689403116705,78702,Apartment/Condo,0,1.9166666666666665,1,26,0,2,1,0,1,1,0,1,1,0,0,1
681607761673788396,201,Entire home/apt,4,1,2,1,0,1.6130436936182249,78703,Apartment/Condo,1,4.333333333333333,28,0,1,2,1,0,1,0,1,1,0,1,0,1
41873306,205.5,Entire home/apt,6,2,2,2.5,0,10.03811662554765,78753,Apartment/Condo,1,13.333333333333334,1,7,0,2,1,0,1,0,0,1,0,0,0,1
51883631,659,Entire home/apt,7,3,4,2,0,3.268604108987401,78702,House,1,8.333333333333334,18,10,0,1,1,0,1,1,0,1,0,1,0,1
1298732925265614181,269.5,Entire home/apt,12,3,3,2,0,2.783651591706739,78704,House,1,1.5,2,32,0,2,0,0,1,1,0,1,0,1,1,1
1457438518292379458,780,Entire home/apt,16,4,7,3.5,0,6.198250240167804,78704,House,1,2.5,1,0,1,2,0,0,1,1,0,1,0,1,0,0
43347086,1951.6699999999998,Entire home/apt,10,5,8,4,0,3.170068907450489,78704,Unique/other,1,12,2,2,0,3,1,0,1,1,0,1,0,0,1,1
1113796371285492467,1672,Entire home/apt,12,5,7,4.5,0,13.261688947559024,Other,House,0,2.0833333333333335,1,2,0,1,1,1,1,1,0,1,0,1,1,1
983387956408595788,185,Entire home/apt,7,2,4,1,0,5.036360634615132,78741,House,0,2.75,2,18,0,1,0,0,1,1,0,1,0,1,1,1
42195743,268.33,Entire home/apt,8,3,3,2,0,10.140521097641052,78744,House,0,3.5,1,1,0,3,0,0,1,1,0,1,0,1,1,1
1478401755698028540,475.67,Entire home/apt,7,3,5,2,0,26.218511845087196,78734,Apartment/Condo,0,0.75,1,7,0,3,1,1,1,1,0,1,0,0,0,0
1538513616526603241,125,Entire home/apt,3,2,2,1,0,19.694878358525344,Other,Apartment/Condo,1,0.5833333333333334,2,49,0,1,0,0,1,1,0,1,0,0,0,0
1476000825377770330,267.5,Entire home/apt,10,4,4,3,0,7.321444724629047,78745,House,1,10.416666666666666,23,29,0,2,0,0,1,1,0,1,0,0,1,1
47869682,637,Entire home/apt,16,3,12,2,0,24.107295288732377,78734,House,1,9,5,34,0,1,0,1,1,1,0,1,0,1,1,1
1574907986904278119,208.07,Entire home/apt,4,1,2,1,0,2.0349013485844387,78701,Apartment/Condo,1,4.5,178,2,0,2,1,0,1,1,1,1,1,1,1,1
21154279,165.5,Entire home/apt,8,3,4,2.5,0,6.751374345354546,78741,House,0,8.666666666666666,2,25,0,2,0,0,1,1,0,1,1,0,0,1
4171708,188.5,Entire home/apt,2,1,1,1,0,0.7221599038428227,78701,Apartment/Condo,1,11.666666666666666,10,20,0,2,0,0,1,1,0,1,0,0,1,1
812391773815297592,902.5,Entire home/apt,9,4,5,2.5,0,10.333815171985055,Other,House,1,12,17,5,0,1,0,0,1,1,0,1,0,0,1,1
1424772450143725777,1067.5,Entire home/apt,16,14,20,8,0,5.001185939725291,78721,House,1,6.833333333333333,10,22,0,2,1,0,1,1,0,1,0,1,0,1
1650560917437396347,217,Entire home/apt,2,1,1,1,0,15.89487971839245,Other,Apartment/Condo,0,0.16666666666666666,1,7,0,1,1,0,1,1,1,1,0,0,0,1
1123476323720900320,371,Entire home/apt,8,4,4,3,0,21.8470828138868,Other,House,1,0.6666666666666666,1,18,0,2,0,0,1,1,0,1,0,0,1,1
1215260916774208537,326,Entire home/apt,14,3,9,3,0,5.43667766627654,78721,House,1,7.833333333333333,27,39,0,1,1,0,1,1,0,1,0,1,1,1
41905240,1867.33,Entire home/apt,16,5,16,4,0,15.84776600826078,Other,House,1,8.666666666666666,12,0,0,3,1,1,1,1,0,1,0,1,0,0
1448804832335369192,671,Entire home/apt,16,6,16,6,0,19.51555581261679,78729,House,0,3.75,31,6,0,1,0,0,1,1,0,1,0,1,0,1
15315326,144.5,Entire home/apt,2,1,1,1,0,2.1520038599615603,78702,Guesthouse/Guest suite,1,9.666666666666666,4,0,0,2,0,0,1,1,0,0,0,0,0,1
1697945968251650008,195,Entire home/apt,2,1,1,1,0,4.664328062877336,78704,Apartment/Condo,1,15.333333333333334,1,0,1,1,0,0,1,1,0,1,0,1,1,0
1254371877518177342,120,Private room,2,1,1,1,0,7.928942318938001,78752,Hotel-like,0,3.25,92,0,1,1,1,0,1,1,1,0,0,1,1,1
1706089170245789619,153.5,Entire home/apt,6,2,2,2,0,14.004180244807689,Other,House,0,7.916666666666667,2,0,1,1,0,0,1,1,0,1,0,1,1,0
954398309066666442,344.97999999999996,Entire home/apt,6,3,4,2,0,2.5496155037637123,78722,House,0,2.75,2,25,0,1,1,0,1,1,0,1,0,0,1,1
1147204052226295580,326,Hotel/shared room,2,1,1,1,0,26.113937906418407,78734,Hotel-like,0,3.1666666666666665,48,0,1,1,1,0,1,0,1,0,0,1,1,1
38065201,524.07,Entire home/apt,4,3,3,2,0,14.813181543548305,78724,House,0,11.666666666666666,4,0,0,1,0,0,1,1,0,1,1,1,0,0
628034,249,Entire home/apt,5,2,2,2,0,1.9938855454294238,78702,House,1,13.833333333333334,7,31,0,1,0,0,1,1,0,1,0,1,0,1
43897219,154.5,Entire home/apt,4,1,1,1,0,21.570174378057093,Other,House,1,5.916666666666667,1,18,0,2,0,0,1,1,0,0,0,0,1,1
1292976382190927936,315,Entire home/apt,2,1,1,1,0,3.1628894661137408,78704,Guesthouse/Guest suite,0,1.25,1,38,0,1,0,0,1,1,0,0,0,0,0,0
42384705,181.5,Entire home/apt,2,1,1,1,0,14.396444953134726,Other,Unique/other,1,12.333333333333334,3,30,0,1,1,0,1,1,0,0,0,1,0,1
981821642438918460,218,Entire home/apt,6,2,4,2,0,24.02841576692456,78734,House,1,2.75,3,34,0,2,0,0,1,1,0,0,0,1,1,1
1243566843281362948,736.3299999999999,Entire home/apt,13,5,6,3.5,0,11.636622168784957,78746,House,0,3.9166666666666665,48,15,0,2,1,0,1,1,0,1,0,1,0,1
1503042696386355998,177,Entire home/apt,2,1,2,1,0,3.1657299764839366,78751,Apartment/Condo,1,10.75,1,23,0,1,0,0,1,1,0,1,0,0,0,1
1192236758712630545,123,Entire home/apt,6,2,3,2,0,13.33252712627221,Other,Apartment/Condo,0,4,38,27,0,1,1,0,1,1,1,1,0,1,1,1
14070258,317.5,Entire home/apt,6,2,2,2,0,26.082220844184075,78734,House,0,10.25,17,0,0,2,1,0,1,1,0,1,0,0,0,0
1047095625713266519,292.5,Entire home/apt,6,3,3,3,0,5.306405555403679,78704,House,1,10.416666666666666,23,22,0,2,0,1,1,1,0,1,0,1,0,1
1205862014442795535,285,Entire home/apt,6,2,3,1,0,4.7213689609009295,78704,House,1,8.916666666666666,6,17,0,1,0,0,1,1,0,1,0,1,1,1
792682102545020608,491.5,Entire home/apt,12,5,7,3,0,3.4989616325664237,78704,House,0,4.166666666666667,4,3,0,2,0,0,1,0,0,1,0,1,0,1
1409295801388249919,363,Entire home/apt,8,4,6,2,0,1.8656387437176396,78705,Unique/other,1,5.833333333333333,18,2,0,1,0,0,1,1,0,1,1,1,1,1
1627758841606585051,227.25,Entire home/apt,6,2,3,2,0,23.809587030737656,78734,House,0,7.083333333333333,5,10,0,2,0,0,1,1,0,1,0,1,1,1
1367044465483755886,263,Entire home/apt,6,2,3,1,0,2.6525232292475,78704,House,1,2.8333333333333335,3,17,0,1,0,0,1,1,0,1,0,1,0,0
1101649548667771348,108.25,Private room,1,1,1,1,0,5.545963926529071,78704,Apartment/Condo,0,9.25,1,1,0,4,1,0,1,1,1,1,0,1,1,0
1258153835845818806,1397,Entire home/apt,9,4,5,3.5,0,3.6655033816493785,78704,House,1,11.083333333333334,9,32,0,1,1,0,1,1,0,1,0,1,1,1
1620547454655769527,128.38000000000002,Entire home/apt,2,1,2,1,0,14.051011537696759,Other,Guesthouse/Guest suite,0,0.3333333333333333,1,6,0,2,0,0,1,1,0,1,0,0,0,1
1654259351855139705,299,Entire home/apt,4,2,2,2,0,15.897233781110565,Other,Apartment/Condo,0,0.16666666666666666,1,5,0,1,1,0,1,1,1,1,0,0,0,1
53029479,228,Entire home/apt,9,4,10,2,0,3.9846203853724322,78702,House,1,13.583333333333334,7,57,0,1,0,1,1,1,1,1,0,1,1,1
742205425032476843,487,Entire home/apt,6,3,3,2.5,0,19.843114830444257,78729,House,1,3.6666666666666665,1,17,0,2,1,1,1,1,0,1,0,1,0,1
1704703062900149517,48,Private room,6,1,3,1,0,2.375170995911191,78705,Apartment/Condo,0,0,3,0,1,1,1,0,1,1,0,1,0,0,0,0
577066698378498459,260.26,Entire home/apt,14,3,8,2,0,4.220107120188291,78702,House,0,11.333333333333334,18,3,0,3,0,0,1,1,0,0,0,1,0,1
22902780,1241,Entire home/apt,16,5,8,3,0,1.7384367253764847,78702,House,1,8.333333333333334,1,8,0,1,1,0,1,1,0,1,0,0,0,1
705858,210,Entire home/apt,2,1,1,1,0,3.1972677334048285,78704,House,1,13.75,5,94,0,1,1,0,1,1,0,0,0,0,1,1
1709098832351832141,73.64999999999999,Entire home/apt,2,2,1,1,0,16.176045205787386,Other,Apartment/Condo,0,9.083333333333334,1,0,1,7,0,0,1,1,0,1,0,1,0,1
1544477533914676420,74,Private room,2,1,1,1.5,0,4.837986086644561,78723,House,0,3.4166666666666665,3,0,1,7,0,0,1,1,0,1,0,1,0,1
988979278648010543,392,Entire home/apt,6,2,3,2,0,0.7123630468530732,78701,Apartment/Condo,1,2.75,26,0,1,1,1,0,1,0,1,1,0,0,0,1
34807046,217,Entire home/apt,9,2,6,2,0,1.359633358798055,78702,Apartment/Condo,1,9.833333333333334,18,79,0,1,0,0,1,1,0,1,0,1,0,1
45830460,376,Entire home/apt,6,3,4,2,0,1.9619700397793558,78702,House,1,6.666666666666667,14,12,0,1,0,0,1,1,0,1,0,0,1,0
664772437043233824,143,Entire home/apt,3,1,1,1,0,13.847448911658846,78753,Unique/other,0,4.666666666666667,2,33,0,1,0,1,1,1,0,0,0,0,1,1
1682997272332128750,631.14,Entire home/apt,16,6,7,3.5,0,6.055494215493008,78741,House,1,10,8,6,0,2,1,1,1,1,0,1,0,0,1,1
1432064717916694252,311.8,Entire home/apt,11,5,7,4,0,3.647443354283062,78702,House,1,6.833333333333333,10,17,0,2,1,0,1,1,0,1,0,1,0,1
866870810198331476,350,Private room,12,3,6,3,0,7.97119734111113,78752,Hotel-like,0,3.25,92,1,0,1,1,0,1,1,1,0,0,1,1,1
1634945135298504580,499,Entire home/apt,4,2,2,2.5,0,6.475140243175067,Other,House,1,10.75,4,5,0,1,0,0,1,1,0,1,1,1,1,1
24608111,242.33,Entire home/apt,6,3,4,2,0,7.53023926206142,78745,House,1,8.083333333333334,1,18,0,3,0,0,1,1,0,1,0,0,0,1
1161637386515674899,508,Entire home/apt,8,3,4,1.5,0,5.306215601983698,78704,House,1,2.0833333333333335,7,34,0,1,1,0,1,1,0,1,0,0,0,1
706792591477040371,520,Entire home/apt,8,3,4,2,0,19.773310064447063,Other,House,1,2.75,2,3,0,1,0,0,1,1,0,1,0,1,1,1
1546863431308443716,529,Entire home/apt,12,6,8,3,0,1.735481547261087,78705,House,1,1.25,19,5,0,1,0,0,1,1,0,1,1,1,1,1
619438494040802277,137,Entire home/apt,1,1,1,1,0,17.62841445469461,Other,Apartment/Condo,0,4.166666666666667,3,0,1,1,1,0,1,1,0,1,0,1,0,0
1595775796233359991,252.8,Entire home/apt,4,2,2,2,0,5.814131142402317,78704,Apartment/Condo,1,4.5,178,0,1,1,1,0,1,0,0,1,0,0,1,1
1579915241887840121,38.4,Private room,1,1,1,1,1,0.5983840304882081,78701,Apartment/Condo,0,0.8333333333333334,35,0,1,1,0,0,1,0,0,1,0,0,0,0
1129882298335292469,662,Entire home/apt,6,3,4,1.5,0,5.689840301924892,78752,House,0,2.1666666666666665,1,0,0,1,0,0,1,1,0,1,0,0,1,0
17655820,100.04,Entire home/apt,4,2,2,2,0,1.9726130944420548,78705,Apartment/Condo,0,9.25,1,24,0,3,0,0,1,0,0,1,0,0,0,1
1630137547984958749,182,Entire home/apt,2,1,1,1,0,10.792265256071474,78744,Apartment/Condo,0,7,67,8,0,2,0,0,1,0,0,1,0,1,1,0
33043270,43.879999999999995,Entire home/apt,3,1,1,1,0,7.64845375555048,78745,Guesthouse/Guest suite,1,15.25,1,47,0,1,0,0,1,1,0,0,0,0,0,1
1579042452184273820,724,Entire home/apt,12,4,7,3.5,0,4.478445951600055,78702,House,1,8.5,2,14,0,1,1,1,1,1,0,1,0,1,0,1
7872804,130,Entire home/apt,6,2,4,1,0,3.1651722139648584,78702,House,1,11.25,2,29,0,2,0,0,1,1,0,0,0,1,0,1
1510898203320497614,242,Entire home/apt,6,3,3,2,0,9.006481807883379,78745,House,1,0.5833333333333334,1,20,0,2,0,0,1,1,0,1,0,0,0,1
1392865649404033827,169.33,Entire home/apt,6,1,3,1,0,2.3909846467414195,78702,Apartment/Condo,1,1.1666666666666667,1,9,0,2,0,0,1,1,0,1,0,1,0,1
1547550454470937293,330,Entire home/apt,4,2,2,1,0,21.360418662039294,Other,House,0,1.75,2,1,0,2,0,0,1,1,0,0,0,1,0,0
1262319837468734830,97,Entire home/apt,2,2,2,1,0,9.656891538272173,78745,House,1,2.25,1,55,0,1,0,0,1,1,0,1,0,1,1,1
1580579044077919672,189,Entire home/apt,4,1,1,1,0,8.253265715483458,78757,Apartment/Condo,0,3.75,2,8,0,1,0,0,1,1,0,1,0,0,1,1
803548453440169168,1168,Entire home/apt,12,4,8,3.5,0,0.8516086898907889,78701,House,1,12.083333333333334,23,7,0,1,1,0,1,1,0,0,0,1,0,1
13185632,237,Entire home/apt,2,1,1,1,0,3.6617511323795595,78704,Guesthouse/Guest suite,1,9.75,2,15,0,2,1,0,1,1,0,1,0,0,0,0
1429934213368294163,174.3,Entire home/apt,5,1,3,1,0,5.068952278061112,Other,Apartment/Condo,1,4.583333333333333,7,9,0,2,0,0,1,1,0,1,0,1,1,1
1445957814151553875,293,Entire home/apt,8,2,3,2,0,1.9384785398751356,78701,House,1,4.5,178,15,0,2,1,0,1,0,1,1,0,0,1,1
1331190932093991601,308,Entire home/apt,6,2,3,1.5,0,1.746692291927872,78702,Apartment/Condo,0,4.666666666666667,1,2,0,2,0,0,1,1,0,1,0,0,0,0
1035686546378465078,360,Entire home/apt,4,2,3,2,0,25.98881219820955,78734,House,0,2.5,1,0,0,1,1,1,1,1,0,1,0,0,0,0
1146387527504676827,177,Entire home/apt,3,1,1,1,0,3.3983753821725022,78702,House,0,1.0833333333333333,23,15,0,1,0,0,1,1,0,1,0,1,0,1
1607379440677531866,232,Entire home/apt,2,1,1,1,0,4.173005635015636,78721,House,1,5.333333333333333,4,7,0,1,0,0,1,1,0,1,0,1,1,0
1658927955308441391,174,Entire home/apt,4,1,2,1,0,5.814131142402317,78704,Apartment/Condo,1,4.5,178,0,1,1,1,0,1,0,0,1,0,0,1,1
5372361,450.54,Entire home/apt,6,3,3,2.5,0,1.8600804396568469,78702,House,1,11.25,1,42,0,1,0,0,1,1,0,1,1,1,0,1
6849900,110,Entire home/apt,2,1,1,1,0,5.718566288527987,78752,Apartment/Condo,1,11,2,63,0,1,0,0,1,1,0,0,0,1,0,1
1254416170828665164,257,Private room,8,2,4,2,0,7.928942318938001,78752,Hotel-like,0,3.25,92,0,1,1,1,0,1,1,1,0,0,1,1,1
1646004205083191959,111.57,Entire home/apt,4,2,2,2.5,0,2.4669299854245863,78704,Apartment/Condo,0,8.083333333333334,1,0,1,1,1,0,1,1,0,1,0,1,0,0
602320058854133108,280,Entire home/apt,6,2,4,1,0,12.615744527722155,Other,House,1,5.5,2,10,0,1,0,0,1,1,0,1,0,1,1,1
813746697775011094,461.5,Entire home/apt,6,3,5,2,0,5.861659407702506,78723,House,0,3.25,1,3,0,2,0,0,1,1,0,1,0,1,0,1
1116614818985374261,588.1,Entire home/apt,16,9,11,6,0,3.643341388794637,78702,House,1,6.75,2,20,0,2,1,0,1,1,0,1,0,1,0,1
912390824709429707,382,Entire home/apt,8,3,4,2,0,13.976939596918427,Other,House,1,7.333333333333333,1,49,0,1,1,1,1,1,0,1,0,0,1,1
1598700971648248755,545,Entire home/apt,14,4,6,4,0,3.7573664258719406,78751,House,0,4.583333333333333,1,8,0,1,0,1,1,1,0,1,0,1,0,1
1201652641611007421,646.6700000000001,Entire home/apt,8,4,4,3,0,15.289759955673665,Other,House,0,2.0833333333333335,2,0,1,3,1,0,1,1,0,1,0,1,1,0
10769659,206,Entire home/apt,4,2,2,1,0,3.812368308792979,78741,Apartment/Condo,0,10.416666666666666,1,6,0,2,0,0,1,1,0,1,0,0,0,1
46919733,359,Entire home/apt,4,2,2,2,0,4.786343577694962,78704,Apartment/Condo,0,9,15,18,0,2,0,0,1,1,0,1,0,1,0,1
29010142,228.81,Entire home/apt,5,2,3,2,0,3.5544219556582086,78703,House,0,13.25,2,1,0,1,0,0,1,1,0,1,0,1,0,1
1493038794250186897,1153,Entire home/apt,8,4,4,4,0,2.8218677691116727,78702,House,0,11.333333333333334,2,23,0,3,1,0,1,1,1,1,0,1,0,0
1030518014753012075,515,Entire home/apt,15,4,9,2,0,2.6399559874476304,78704,House,1,4.916666666666667,6,32,0,1,1,1,1,1,0,1,0,1,0,1
42646618,547,Entire home/apt,7,3,4,3,0,2.648603824782905,78702,House,0,10.25,1,0,0,2,0,0,1,1,0,1,0,0,0,0
1346791118365439696,386,Entire home/apt,6,3,3,3,0,3.5745986972965955,78704,House,1,8.416666666666666,1,24,0,2,0,0,1,1,0,1,0,1,0,1
14074010,243,Entire home/apt,6,2,2,2,0,26.07585218282296,78734,House,0,10.25,17,0,0,2,1,0,1,1,0,1,0,0,0,0
48824805,1157,Entire home/apt,16,6,14,5.5,0,26.069616434685297,78737,House,1,12,17,2,0,1,1,1,1,1,0,1,0,0,1,1
1440824966393976363,510,Entire home/apt,6,3,3,2,0,4.920508914482234,78704,House,0,10.916666666666666,40,5,0,1,0,0,1,1,0,1,0,1,1,0
47272891,313.14000000000004,Entire home/apt,12,4,7,2.5,0,18.092878029509016,Other,House,1,3.3333333333333335,8,19,0,2,0,1,1,1,0,1,0,1,1,1
1349563203116026546,273.67,Private room,4,1,2,1,0,0.6546356434666064,78701,Hotel-like,0,1.8333333333333335,2,1,0,3,1,1,1,1,1,1,0,1,0,1
644155356683986723,613.9499999999999,Entire home/apt,6,3,4,2,0,4.849135072703868,78704,House,1,12.333333333333334,1,18,0,1,1,0,1,1,0,1,0,1,1,1
1695778724048371779,105.56,Private room,2,1,1,1,0,5.573781873842994,78751,House,0,0,1,0,1,2,0,0,1,0,0,0,0,0,0,0
1020972950376701018,154.5,Entire home/apt,4,1,2,1,0,8.426185588478553,78757,Guesthouse/Guest suite,1,2.3333333333333335,1,27,0,1,0,0,1,1,0,0,0,1,1,1
19329015,1331.33,Entire home/apt,10,4,6,3.5,0,5.133057399993286,78746,House,0,9.25,47,0,0,3,0,0,1,1,0,1,0,1,0,1
2277691,483.33,Entire home/apt,6,3,2,2,0,8.117549208912012,78745,House,0,12.333333333333334,1,0,0,3,0,0,1,1,0,1,0,0,0,0
1516033810479052897,251.33,Entire home/apt,8,3,5,2,0,12.046079771342635,78745,House,0,0.75,2,0,1,3,0,0,1,1,0,1,0,1,0,1
1295692449851871625,134.75,Entire home/apt,6,2,2,2,0,6.5869232400720525,78741,Apartment/Condo,0,8.666666666666666,53,13,0,1,0,0,1,1,0,1,1,1,0,1
1336447115846286053,956,Entire home/apt,16,4,8,3.5,0,3.792547584153151,78741,House,1,1.8333333333333335,5,21,0,2,1,1,1,1,0,1,0,1,1,1
47565390,51.5,Private room,1,1,1,1,1,7.7311297710409175,78745,Unique/other,1,14.416666666666666,22,17,0,2,0,0,1,1,0,0,0,0,0,0
1129757447859320813,274,Entire home/apt,3,1,2,1,0,3.155880870399964,78705,Guesthouse/Guest suite,0,5.166666666666667,1,0,0,1,0,0,1,0,0,0,0,0,0,0
1461877194497305696,179.17,Entire home/apt,3,1,3,2,0,14.229665460206789,78758,Apartment/Condo,1,0.6666666666666666,1,9,0,2,1,0,1,1,1,1,0,1,0,1
16479513,215.2,Entire home/apt,6,3,4,2,0,11.251056143560458,Other,House,1,15.166666666666666,10,2,0,5,0,0,1,1,0,1,0,1,1,1
1112509833579972071,174,Entire home/apt,6,2,2,2,0,5.500102924092804,78704,Apartment/Condo,0,8.666666666666666,53,14,0,1,1,0,1,1,0,1,0,1,1,1
602827552648505471,391.67,Entire home/apt,14,6,7,5.5,0,3.622754862090854,78702,House,1,5.833333333333333,3,2,0,2,0,0,1,1,0,1,0,1,0,1
1634811602409182650,264.5,Entire home/apt,6,2,3,2,0,5.554552188881013,Other,House,1,1.6666666666666665,2,9,0,2,0,0,1,1,0,1,0,1,0,1
1602298099456579483,221.6,Entire home/apt,4,1,2,1,0,5.814131142402317,78704,Apartment/Condo,1,4.5,178,0,1,1,1,0,1,0,0,1,0,0,1,1
45467226,262.5,Entire home/apt,4,1,2,1,0,0.7479454335702679,78701,Apartment/Condo,0,10.333333333333334,3,0,0,2,1,0,1,0,0,1,0,1,0,0
26629680,1170,Entire home/apt,16,4,5,3,0,22.671840389012797,78734,House,1,8.166666666666666,3,4,0,2,1,1,1,1,1,1,0,0,1,0
18122977,78.74000000000001,Entire home/apt,1,1,1,1,0,4.359373001237803,78751,Guesthouse/Guest suite,1,9.166666666666666,2,3,0,5,0,0,1,1,0,1,0,0,0,1
1582006005122167561,279,Entire home/apt,10,3,6,2.5,0,5.268363187101326,78741,House,0,12,1,2,0,2,1,0,1,1,0,1,0,1,1,1
826932514793908124,465,Entire home/apt,8,4,4,3.5,0,2.3107351903039164,78702,House,1,5.5,1,0,0,2,0,0,1,1,0,1,0,1,0,1
1471298245164454775,177.35000000000002,Entire home/apt,4,1,2,1,0,2.856192937268505,78705,Guesthouse/Guest suite,1,2.25,1,18,0,2,0,0,1,1,0,1,0,0,0,1
666767252602206584,322.5,Entire home/apt,6,2,3,2,0,2.0349013485844387,78701,Apartment/Condo,0,5.166666666666667,23,17,0,1,1,0,1,0,1,1,0,1,0,1
1660324424972838366,125.6,Entire home/apt,2,1,1,1,0,5.814131142402317,78704,Apartment/Condo,1,4.5,178,0,1,1,1,0,1,0,0,1,0,0,1,1
1050902612641802963,228.33,Entire home/apt,4,2,2,1,0,12.3427818663441,78758,House,1,2.5,1,9,0,3,0,0,1,1,0,1,0,1,1,1
968077804190861888,117,Entire home/apt,2,1,1,1,0,3.3308662147090646,78704,House,0,8.583333333333334,9,0,1,2,0,0,1,0,0,1,0,1,0,1
1700228359742427138,130.4,Entire home/apt,2,1,1,1,0,5.813581637426155,78704,Apartment/Condo,1,4.5,178,0,1,1,1,0,1,0,0,1,0,0,1,1
924914421979711370,254,Entire home/apt,2,1,1,1,0,3.518157844009705,78702,Apartment/Condo,1,6.166666666666667,16,20,0,1,0,0,1,1,0,0,0,0,1,1
1075580620600586758,127,Entire home/apt,4,1,2,1,0,4.586870296966633,78704,Apartment/Condo,0,4,38,18,0,1,0,0,1,1,0,1,0,1,1,1
1648120753200283512,135,Entire home/apt,4,1,2,1,0,3.1982655633096546,78751,Apartment/Condo,0,0.16666666666666666,1,10,0,1,0,0,1,1,0,1,0,1,1,1
1452329362274491809,228,Entire home/apt,6,1,1,1,0,1.663449708143483,78705,Apartment/Condo,1,0.9166666666666666,9,14,0,1,0,1,1,1,0,1,0,1,0,1
1658094304696925644,146.4,Entire home/apt,4,1,2,1,0,5.814131142402317,78704,Apartment/Condo,1,4.5,178,0,1,1,1,0,1,0,0,1,0,0,1,1
15113719,551.6700000000001,Entire home/apt,6,3,4,3.5,0,5.51522898397252,78746,House,0,9.75,1,2,0,3,0,0,1,1,0,1,0,1,0,1
1322460334028855946,240,Entire home/apt,4,2,2,1,0,16.783713775381905,Other,Guesthouse/Guest suite,0,8.75,1,5,0,1,0,0,1,1,0,1,0,0,0,0
42226681,148,Entire home/apt,2,1,2,1,0,3.0097077832108994,78702,Unique/other,1,6.25,2,16,0,1,0,0,1,1,0,0,0,1,1,1
1421986732060677532,110.69,Entire home/apt,3,1,1,1,0,4.317071001702039,78741,Apartment/Condo,0,3.5,1,28,0,1,0,0,1,1,0,1,0,0,0,0
1237287391219361181,359.46999999999997,Entire home/apt,16,4,9,2.5,0,7.319558416345681,78752,House,0,2.6666666666666665,2,16,0,1,0,0,1,1,0,1,1,0,1,1
1098731649960137423,114.5,Entire home/apt,2,1,2,1,0,3.653992572873921,78702,Unique/other,1,13.25,1,13,0,2,0,0,1,1,0,0,0,1,0,1
3225770,116.44000000000001,Entire home/apt,4,2,2,2,0,0.5219628214788472,78701,Apartment/Condo,1,15.333333333333334,2,4,0,5,0,0,1,1,1,1,0,0,1,1
1240947263801100859,964.3299999999999,Entire home/apt,8,4,5,3,0,4.123328712430306,78704,House,0,1.75,1,9,0,2,0,0,1,1,0,1,0,0,0,1
1317325517058890256,219.5,Entire home/apt,7,3,4,2,0,6.354410863028805,78741,House,1,7.916666666666667,1,15,0,2,0,0,1,1,0,1,0,0,1,1
16325486,516,Entire home/apt,8,4,4,2.5,0,7.487775291509483,78757,House,0,11.333333333333334,1,0,0,2,0,0,1,1,0,1,0,1,1,1
1004575080807458167,399.5,Entire home/apt,6,2,3,2,0,4.0848888753123775,78702,House,1,3.25,2,5,0,2,0,0,1,1,0,1,0,0,0,0
1587890528668468087,261.33,Entire home/apt,6,3,3,2,0,15.83858135496893,Other,House,0,3.75,18,20,0,1,0,0,1,1,0,1,0,1,0,0
1470999349771659305,386.5,Entire home/apt,8,3,4,2.5,0,3.183556722499943,78702,House,0,3.9166666666666665,48,3,0,2,0,0,1,1,0,1,0,0,0,1
1013143042700106416,1070.6699999999998,Entire home/apt,4,1,1,1,0,12.961077459963487,Other,Apartment/Condo,0,2.5833333333333335,1,0,1,3,1,0,1,1,1,1,0,1,1,1
1613909198497758245,292,Entire home/apt,6,2,3,2,0,1.9973144986741689,78701,Apartment/Condo,1,3,24,9,0,2,1,0,1,0,1,1,0,1,0,0
899702904715465026,255.62,Entire home/apt,7,3,4,3,0,6.124799666696753,78723,House,0,3.1666666666666665,2,7,0,3,0,0,1,1,1,1,0,1,1,1
17365159,231.5,Entire home/apt,3,1,2,1,0,3.117886053638151,78704,Guesthouse/Guest suite,1,9.333333333333334,1,6,0,2,0,0,1,1,0,1,0,1,0,1
41593101,197,Entire home/apt,5,2,3,1,0,4.860946932765604,78704,House,0,7.333333333333333,3,2,0,2,0,0,1,1,0,1,0,1,1,1
5288423,162.33,Entire home/apt,9,3,7,1,0,2.3702569989899387,78702,House,1,13.583333333333334,7,47,0,1,0,0,1,1,0,1,0,1,1,1
1639254361679729180,194.99,Entire home/apt,2,1,1,1,0,3.0196632947657447,78702,Apartment/Condo,1,4.666666666666667,47,9,0,1,0,0,1,1,0,0,0,1,0,1
1406600842310125664,83.2,Private room,2,1,1,1,0,20.208819087751614,Other,Hotel-like,0,1.0833333333333333,4,10,0,1,1,0,1,1,0,1,0,1,1,0
1295002353005819619,214.65,Private room,4,1,2,1,0,19.123293820033325,Other,Hotel-like,0,3.25,92,0,1,1,1,0,1,1,1,0,0,1,1,1
1656589130966668805,166,Entire home/apt,3,1,1,1,0,3.135369642427419,78722,Apartment/Condo,1,0.25,6,9,0,1,1,0,1,1,1,1,0,1,1,1
681669897441064107,238.51,Entire home/apt,4,2,4,2.5,0,7.708595208919676,78752,House,1,3.9166666666666665,1,38,0,2,0,0,1,1,0,1,0,1,0,1
42244632,121,Entire home/apt,3,1,2,1,0,6.619771463129527,78741,House,1,9.75,18,53,0,1,0,0,1,1,0,1,0,1,1,1
1315635046716944025,211,Entire home/apt,4,2,2,1.5,0,9.286522933884665,78745,House,1,1,2,24,0,2,0,0,1,1,0,0,0,0,0,1
47903696,238.51,Entire home/apt,6,3,3,2,0,2.9052887003292,78702,House,1,14.5,2,46,0,1,0,0,1,1,0,1,0,1,0,1
1506032060634089610,80,Private room,2,1,1,1,0,20.69475080017948,78729,House,0,1.6666666666666665,17,3,0,2,0,0,1,1,0,0,0,0,1,1
1419442062274180098,244,Entire home/apt,8,2,5,2,0,15.399384815687853,78753,Apartment/Condo,1,1.0833333333333333,6,40,0,1,1,0,1,1,1,1,1,1,1,1
981889317120319918,338,Entire home/apt,14,4,10,2,0,14.506454170676124,Other,House,0,3.4166666666666665,3,19,0,2,0,0,1,1,0,1,0,1,1,1
808052974705433462,449,Entire home/apt,6,2,3,2.5,0,25.79186493265948,78737,House,1,3,1,12,0,1,1,0,1,1,0,1,0,0,1,1
8235178,354,Entire home/apt,6,3,4,2,0,4.86971874686743,78704,House,1,11.166666666666666,4,28,0,1,0,0,1,1,0,1,0,0,1,1
28302431,126,Private room,2,2,2,1.5,1,21.436316100815237,78729,House,0,8.083333333333334,2,0,0,1,0,0,1,1,0,1,0,0,0,1
536949468165152227,419.67,Entire home/apt,10,4,7,2.5,0,2.6714002877131087,78702,House,1,12.333333333333334,3,12,0,3,0,0,1,1,0,1,0,1,0,1
1147207717341289791,421,Hotel/shared room,3,1,1,1,0,26.113937906418407,78734,Hotel-like,0,3.1666666666666665,48,0,1,1,1,0,1,0,1,0,0,1,1,1
1669143895405695466,221,Private room,2,1,1,1,0,0.625919808757904,78701,Hotel-like,0,2.5,2,0,1,1,0,0,1,0,1,1,0,1,1,0
968115058383066476,211,Entire home/apt,6,4,4,2.5,0,20.433529111827518,78729,House,1,2.8333333333333335,1,15,0,3,0,0,1,1,0,1,0,1,0,1
1161140713981745796,402,Entire home/apt,10,4,5,4.5,0,4.932883023191156,78721,House,1,9.75,33,47,0,1,0,1,1,1,0,1,0,1,1,1
10331035,180.56,Entire home/apt,4,1,2,1,0,3.319588792155284,78704,Unique/other,1,10.416666666666666,2,35,0,1,0,0,1,1,0,1,0,1,1,1
1614562476847737013,272,Entire home/apt,4,2,2,0,0,1.4079838134270697,78702,Apartment/Condo,0,2.0833333333333335,42,1,0,1,1,0,1,0,1,1,0,0,1,1
1161066388646454894,321.5,Private room,4,1,2,1,0,0.6528147642031147,78701,Hotel-like,1,3.5,1,0,1,2,1,1,1,0,0,0,0,0,0,0
1015307858356928904,330.3,Entire home/apt,16,4,7,4,0,5.426573729320816,78704,House,0,5.75,9,0,0,1,0,0,1,1,0,1,0,1,1,1
1119883345995100218,232,Entire home/apt,5,3,3,2.5,0,13.407248572996657,78744,House,1,2.5833333333333335,1,27,0,1,1,0,1,1,0,1,0,1,1,1
968954719185770874,217,Entire home/apt,2,1,1,1,0,2.361463173857771,78702,Guesthouse/Guest suite,1,9.416666666666666,2,19,0,1,0,0,1,1,0,0,0,1,0,1
604453574177348833,240,Entire home/apt,3,1,1,1,0,3.8006040673228205,78702,Guesthouse/Guest suite,1,4.166666666666667,1,28,0,1,0,0,1,1,0,1,0,0,0,1
1594429799835189187,486,Entire home/apt,10,3,3,2,0,7.564693995143873,78724,House,1,8.25,35,0,1,1,0,0,1,1,0,1,0,1,0,0
1052165310077455529,161.5,Entire home/apt,2,1,1,1,0,2.403545592761518,78705,Apartment/Condo,1,12.916666666666666,3,23,0,2,0,0,1,1,0,1,0,0,0,1
1075587764899746091,158,Entire home/apt,4,1,2,1,0,4.664089601242473,78704,Apartment/Condo,0,4,38,13,0,1,0,0,1,1,0,1,0,1,1,1
1380667734929240685,457.5,Entire home/apt,12,4,6,3.5,0,2.0110837399474035,78701,House,1,4.5,178,0,0,2,1,0,1,1,1,1,0,1,1,1
1598953749522814358,306.97999999999996,Entire home/apt,8,3,5,2.5,0,10.599727147451945,78745,House,1,0.3333333333333333,3,16,0,1,0,0,1,1,0,1,1,1,1,1
986241124566632822,227,Entire home/apt,4,1,1,1,0,6.544372244711241,Other,House,1,3.0833333333333335,4,20,0,1,0,0,1,1,0,0,0,0,0,1
1313175280510138876,337,Entire home/apt,6,3,3,2,0,5.635845376636532,78704,House,1,1.5,1,16,0,1,0,0,1,1,0,1,0,1,1,1
1648844741968027622,831,Entire home/apt,16,6,17,4,0,4.968067770634752,78721,House,0,2.6666666666666665,5,3,0,1,1,0,1,1,0,1,0,1,1,1
1699630412158377731,287.5,Entire home/apt,4,1,2,1,0,1.047407996830761,78701,Apartment/Condo,1,3.75,6,0,1,2,1,1,1,0,1,1,0,0,0,1
975448909455244713,308,Entire home/apt,4,1,2,1,0,2.1102290866204063,78701,Apartment/Condo,1,8.833333333333334,38,27,0,1,1,0,1,0,1,1,1,1,1,1
762225228796171641,591.5,Entire home/apt,16,6,16,3.5,0,10.938311999207423,Other,House,1,3.5,1,17,0,2,1,0,1,1,0,1,0,0,0,1
693511412657709588,1626.5,Entire home/apt,8,4,4,3,0,3.6796786230547287,78702,House,0,3.8333333333333335,1,0,1,2,1,1,1,1,0,1,0,1,0,0
1148015719140823967,383,Entire home/apt,6,2,4,2.5,0,3.433492630765568,78704,House,0,13.25,2,34,0,1,0,0,1,1,0,1,0,0,0,1
916556042703818237,277,Entire home/apt,3,2,2,1.5,0,4.627796674408217,78703,House,1,3,1,13,0,2,0,0,1,1,0,1,0,0,0,1
654921575581594983,356.76,Entire home/apt,4,1,2,1,0,1.9181916320703356,78701,Apartment/Condo,1,8.833333333333334,38,10,0,1,1,0,1,0,1,1,1,1,0,0
1512719874744061200,154.33,Entire home/apt,3,1,1,1,0,14.200148168415819,78758,Apartment/Condo,0,5.5,1,5,0,3,1,0,1,1,0,1,0,1,0,0
48883595,162.5,Entire home/apt,2,1,1,1,0,0.7855626131242567,78701,Apartment/Condo,1,5.583333333333333,6,34,0,2,0,0,1,1,0,1,0,1,1,1
1463706897974472621,171,Entire home/apt,2,1,1,1,0,4.188702628775402,78704,Apartment/Condo,0,7.166666666666667,18,24,0,1,1,0,1,1,0,1,0,1,1,1
349447,149,Entire home/apt,4,1,1,1,0,1.6996878418633943,78702,House,1,14.333333333333334,9,67,0,1,0,0,1,1,0,1,0,1,0,1
27487781,347,Entire home/apt,6,3,3,2,0,1.9068847137384535,78702,House,1,5.166666666666667,1,5,0,2,0,0,1,1,0,1,0,1,0,1
1499488702896462490,173,Entire home/apt,3,1,1,1,0,1.5291421083053787,78702,House,1,9.083333333333334,4,40,0,1,0,0,1,1,0,0,0,1,1,1
912158436359608796,372,Entire home/apt,4,2,2,2,0,2.593299340424818,78703,House,1,4.75,5,35,0,1,0,0,1,1,0,1,0,1,0,1
1642566748446745915,298,Private room,2,1,1,1,0,1.623751851170271,78701,Hotel-like,0,1.8333333333333335,8,0,1,1,1,0,1,0,0,1,0,1,1,0
1234918848780575091,287.75,Entire home/apt,6,4,4,2,0,15.599017843572923,Other,House,1,6.833333333333333,14,0,0,4,0,0,1,1,0,1,0,1,0,1
50767445,175,Entire home/apt,6,2,3,1,0,2.5757567392801604,78702,House,1,4.916666666666667,11,72,0,1,1,0,1,1,0,1,0,1,0,1
1417694019854341295,355,Entire home/apt,6,3,3,2,0,3.632226246556181,78702,House,0,1.0833333333333333,3,9,0,2,0,0,1,0,0,1,0,0,0,1
1190690811284022346,256.77,Entire home/apt,8,3,6,2.5,0,17.324013413546307,Other,House,1,1.9166666666666665,1,36,0,1,0,0,1,1,0,1,0,0,1,1
1712732438713327679,200,Entire home/apt,8,3,4,2,0,5.798417283103488,78721,House,0,14.5,1,0,1,2,0,0,1,1,0,1,0,0,0,1
811148816301434481,369.33,Entire home/apt,11,4,5,4,0,5.083718112211554,78741,Apartment/Condo,0,3.75,8,10,0,3,1,1,1,1,1,1,0,1,1,1
1331239939243385789,443,Entire home/apt,6,3,3,2.5,0,3.5045683737420514,78703,House,1,10.416666666666666,23,20,0,1,0,0,1,1,0,1,0,1,1,1
50755754,327,Entire home/apt,11,3,6,2,0,2.4130482009426633,78702,House,1,4.916666666666667,11,56,0,1,1,0,1,1,0,1,0,1,0,1
608870876143058913,204.75,Entire home/apt,2,1,1,1,0,2.034456987676643,78701,Apartment/Condo,1,4.5,178,14,0,2,1,0,1,1,1,1,0,1,1,1
1536373109593084771,212,Entire home/apt,4,1,2,1,0,4.815975520097159,78704,Apartment/Condo,0,7.166666666666667,18,16,0,1,0,0,1,1,0,1,1,0,0,1
45468626,572.3299999999999,Entire home/apt,4,2,2,2.5,0,6.2391637675255085,78741,House,0,5.75,1,0,0,3,0,0,1,1,0,1,0,0,0,1
1615529698184821907,135,Entire home/apt,3,1,1,1,0,5.721541489143023,78704,Apartment/Condo,1,12.333333333333334,10,6,0,2,0,0,1,1,0,1,0,1,0,1
1679256655884890323,260.8,Entire home/apt,4,2,2,2,0,4.66455907225875,78704,Apartment/Condo,1,4.5,178,0,1,1,1,0,1,0,0,1,0,0,1,0
593362981324550162,229,Entire home/apt,6,3,3,2,0,7.5956951647139634,78745,House,1,5.333333333333333,1,29,0,1,1,0,1,1,0,1,0,1,0,1
1546534880381500183,160,Entire home/apt,4,1,2,1,0,1.8278120075601734,78705,Apartment/Condo,0,6.916666666666667,25,6,0,1,0,0,1,0,0,1,0,0,0,0
1472701311799323082,457,Entire home/apt,6,3,3,2,0,0.6961805969723336,78701,Apartment/Condo,0,9.833333333333334,28,16,0,1,1,0,1,0,1,1,1,0,0,1
1627651812902046990,113,Private room,6,1,1,0,1,19.326624858545756,Other,Hotel-like,1,1.5,5,5,0,1,1,0,1,1,0,0,0,0,0,1
1192246801004163109,241,Entire home/apt,8,3,4,2,0,4.349929755912915,78741,House,1,2.0833333333333335,2,12,0,2,0,0,1,1,0,1,0,0,1,1
1442031557731915032,251.06,Entire home/apt,7,3,3,2,0,8.799772462783704,78744,House,1,1.5,1,50,0,1,0,0,1,1,0,1,0,0,1,1
32871278,248.67,Entire home/apt,4,2,2,1,0,22.535527740276024,78734,House,1,8.25,5,0,0,3,0,0,0,1,0,1,0,1,1,1
14071933,317.5,Entire home/apt,6,2,2,2,0,26.086132848242148,78734,House,0,10.25,17,1,0,2,1,0,1,1,0,1,0,0,0,0
39702506,194,Entire home/apt,4,1,2,1,0,6.787200227696878,78723,House,1,4.333333333333333,1,23,0,1,0,0,1,1,0,1,1,1,1,1
694214369494001166,675,Entire home/apt,4,3,5,2,0,21.967535530338047,78737,House,1,7.166666666666667,23,0,0,1,1,1,1,1,0,1,1,1,1,1
1387992119134336741,524,Entire home/apt,16,9,13,5,0,4.677526957038426,78721,House,1,9.833333333333334,18,7,0,1,1,0,1,1,0,1,0,1,0,1
48134625,187.91,Entire home/apt,5,2,2,1.5,0,2.5817451873976087,78722,Guesthouse/Guest suite,1,7.5,1,30,0,2,0,0,1,1,0,1,0,0,0,1
756591447633444476,351,Entire home/apt,4,1,1,1.5,0,15.39310702903148,78724,House,1,3.6666666666666665,5,3,0,1,1,0,1,1,0,0,0,1,1,0
19918545,91.33,Private room,2,1,2,1,1,21.427994541293735,78729,House,0,0.4166666666666667,1,0,1,3,0,0,1,1,0,1,0,1,1,0
1481175207546591609,186,Entire home/apt,6,2,4,2,0,10.085135500511539,78745,Apartment/Condo,1,0.8333333333333334,1,51,0,1,0,0,1,1,0,1,0,1,1,1
1111481837409380762,870,Private room,4,1,2,1,0,0.8378934477454437,78701,Hotel-like,1,3.0833333333333335,3,0,1,3,1,1,1,0,0,1,0,1,0,0
1516344059006265040,511,Entire home/apt,16,5,8,4.5,0,2.3402052082832907,78702,House,1,7.833333333333333,27,58,0,1,1,1,1,1,0,1,0,1,1,1
611100293590688536,954.9399999999999,Entire home/apt,16,7,13,4,0,20.022954565222914,78729,House,1,8.583333333333334,1,16,0,2,1,1,1,1,0,1,0,1,1,1
22741340,291,Entire home/apt,6,3,3,2,0,2.4881541169747745,78702,House,1,8.416666666666666,1,25,0,1,0,0,1,1,0,1,0,0,0,1
40175923,392,Entire home/apt,6,2,3,2,0,0.7680296324253173,78701,Apartment/Condo,1,12.416666666666666,10,0,1,1,1,0,1,0,1,1,0,0,0,1
1642665907541045475,1604.37,Private room,7,4,4,4,0,1.8501611962395386,78701,Hotel-like,0,1.8333333333333335,8,0,1,1,1,0,1,0,0,1,0,1,1,0
1685461583659320305,238,Entire home/apt,2,1,1,1,0,13.633789559774787,Other,Apartment/Condo,0,0.08333333333333333,1,0,1,1,1,0,1,1,1,1,1,0,1,1
578938713543014724,621.6700000000001,Entire home/apt,6,3,3,2,0,5.7984233122084285,78723,House,0,9.75,1,4,0,3,1,0,1,1,0,1,1,1,1,1
1516230893504398511,446.46999999999997,Entire home/apt,9,3,6,3.5,0,2.018558684338754,78702,House,1,4.5,178,15,0,2,1,0,1,1,0,1,0,1,0,1
1215154087350202988,279,Entire home/apt,4,2,2,2,0,18.681887641729343,78729,House,1,1.6666666666666665,1,15,0,1,0,0,1,1,0,0,0,0,0,1
1676152382317666422,180.25,Entire home/apt,6,3,3,2,0,4.9881847175265985,78741,House,1,9.75,2,0,1,2,0,0,1,1,0,1,0,1,1,1
1304328348746403576,199,Entire home/apt,4,1,2,1,0,10.272352787411634,78745,House,1,8.5,1,28,0,1,1,0,1,1,0,0,0,1,0,1
2464759,201.23,Entire home/apt,4,2,2,2,0,2.5559299101710384,78702,House,1,12.25,3,19,0,2,0,0,1,1,0,1,0,1,0,1
21383011,1867.33,Entire home/apt,16,5,17,4,0,15.917297744584147,78737,House,1,8.666666666666666,12,7,0,3,1,1,1,1,1,1,0,1,1,1
1408234906345323734,437,Entire home/apt,12,5,7,3,0,3.0366237627483983,78704,House,1,8.916666666666666,6,30,0,1,0,0,1,1,0,1,0,1,1,1
1669592694908729355,786.6700000000001,Hotel/shared room,2,1,1,1,0,1.9752223417939487,78704,Hotel-like,0,0.16666666666666666,47,0,1,1,1,0,1,0,1,0,1,1,1,1
28362968,865,Entire home/apt,16,4,8,3,0,1.7006824757435286,78702,House,1,14.5,13,5,0,1,1,0,1,1,0,0,0,1,1,1
1574248283784743537,234,Entire home/apt,16,3,6,3,0,2.4596745715448893,78702,House,1,7.833333333333333,27,19,0,2,0,0,1,1,0,1,0,1,1,1
10547715,200.45000000000002,Entire home/apt,4,2,2,1,0,4.660327810067968,78721,House,1,4.583333333333333,1,33,0,1,0,1,1,1,0,1,0,1,0,1
1128186066045737031,318.5,Entire home/apt,2,1,1,1,0,3.8079803238813663,78704,Apartment/Condo,1,4.666666666666667,13,15,0,2,0,0,1,1,0,1,0,1,1,1
1549320818883648269,529,Entire home/apt,11,4,6,2,0,9.571835126711285,78745,House,1,9.75,33,21,0,1,1,0,1,1,0,1,0,1,1,1
32642437,175,Entire home/apt,2,1,1,1,0,2.193602182294427,78702,Guesthouse/Guest suite,0,7.25,1,4,0,3,0,0,1,1,0,0,0,0,0,1
1442063861886457973,632,Entire home/apt,16,10,12,6,0,5.0445369839911125,78721,House,0,6.083333333333333,4,6,0,2,1,0,1,1,0,1,0,1,0,1
23119244,1208,Entire home/apt,8,4,5,3,0,1.578772634260854,78703,House,0,10.75,2,0,0,4,0,0,1,1,0,1,0,0,0,0
1227671569712282357,276.5,Entire home/apt,8,3,5,2,0,7.961614308022437,78723,House,0,3.9166666666666665,48,24,0,2,1,0,1,1,0,1,0,1,1,1
50175699,228.5,Entire home/apt,8,2,5,2,0,4.818757260126642,78741,Apartment/Condo,0,9.083333333333334,2,4,0,2,1,0,1,1,0,0,0,0,0,1
666140187451991286,84.66999999999999,Entire home/apt,2,1,2,1,0,7.914009212649074,78745,Unique/other,1,14.416666666666666,22,9,0,3,0,0,1,1,0,0,0,0,0,0
1594790267168542764,302,Entire home/apt,10,4,7,3,0,1.797855797299157,78702,House,1,1.25,19,16,0,1,0,0,1,1,0,1,1,1,1,1
959630,200,Entire home/apt,2,1,1,1,0,3.438798842405803,78704,Apartment/Condo,0,13.25,1,3,0,3,0,0,1,1,0,0,0,1,0,1
844957090802617383,193,Entire home/apt,4,1,2,1,0,1.6130436936182249,78703,Hotel-like,1,3.6666666666666665,30,0,1,2,1,0,1,0,1,1,0,1,0,1
1666182841848385323,80,Private room,2,1,1,1,0,12.676250921112729,78753,House,0,7.333333333333333,1,22,0,1,0,0,1,1,0,1,0,1,1,1
1572777193472554543,226.12,Entire home/apt,8,4,4,2,0,21.310672321135947,Other,House,0,0.5,1,6,0,1,0,0,1,1,0,1,0,1,1,1
1506058182782743832,1272,Entire home/apt,4,2,2,2,0,4.194754015274954,78704,House,0,13.333333333333334,2,14,0,2,1,1,1,1,0,1,0,1,1,0
815932122461831847,385.5,Private room,4,1,2,1,0,0.8241175066998249,78701,Hotel-like,0,4.666666666666667,4,0,0,2,1,0,1,0,0,1,0,1,0,1
929642844093806630,93,Private room,3,1,1,1,0,13.184981871802915,Other,Hotel-like,0,3.25,92,23,0,1,1,0,1,0,1,0,0,1,1,1
1595775333383504578,252.8,Entire home/apt,4,2,2,2,0,5.814131142402317,78704,Apartment/Condo,1,4.5,178,0,1,1,1,0,1,0,0,1,0,0,1,1
1251682897293783783,272,Entire home/apt,2,1,1,1,0,14.029001914090315,78744,Guesthouse/Guest suite,0,1.6666666666666665,2,7,0,1,0,0,1,1,0,0,0,1,0,0
52495941,682.42,Entire home/apt,16,4,11,3,0,1.06519808858017,78702,House,1,6.083333333333333,4,20,0,1,1,1,1,1,0,1,0,1,1,1
837800679839392291,193,Entire home/apt,2,1,1,1,0,2.4849303875754427,78705,Guesthouse/Guest suite,0,3.25,1,6,0,3,0,0,1,1,0,0,0,1,0,1
1336956719749769981,229,Entire home/apt,4,2,3,2,0,5.862130821692584,78704,Apartment/Condo,0,1.75,3,16,0,1,1,0,1,1,0,1,1,1,1,1
1382816217817290814,590.4,Entire home/apt,16,6,10,2.5,0,13.72822569758361,78758,House,1,2.8333333333333335,2,42,0,2,1,1,1,1,0,1,0,1,0,1
829749435393700765,207.13,Entire home/apt,8,3,5,2.5,0,18.74354466823437,78729,House,1,1.8333333333333335,1,28,0,1,0,0,1,1,0,0,0,1,1,1
1541487417941826566,113,Hotel/shared room,2,1,1,1,0,14.960916656918766,78758,Hotel-like,0,1,22,28,0,1,1,0,1,1,1,0,0,1,1,1
951639085484720168,127.53,Entire home/apt,3,2,2,1,0,8.710939022701867,78745,House,1,2.8333333333333335,1,4,0,3,0,0,1,1,0,1,1,1,0,1
1089123265799522978,205,Entire home/apt,3,1,1,1,0,1.3852955646042915,78703,Apartment/Condo,1,2.3333333333333335,1,29,0,1,0,0,1,1,0,1,0,1,0,1
1663904017659513483,395,Entire home/apt,3,1,1,1,0,1.839441947353979,78704,Apartment/Condo,0,0.08333333333333333,1,0,1,3,1,0,1,0,0,1,0,1,0,0
3139275,217,Entire home/apt,4,2,3,1,0,3.346272020410161,78751,House,0,0.16666666666666666,1,7,0,1,0,0,1,1,0,1,0,1,0,1
1592277337254460217,291,Entire home/apt,6,2,3,1,0,0.9361730899898922,78701,Apartment/Condo,0,9.333333333333334,47,7,0,1,0,0,1,0,0,0,0,1,0,0
765920223510372358,209.6,Entire home/apt,6,2,3,2,0,1.6129109247995204,78703,Apartment/Condo,1,4.916666666666667,27,0,1,2,1,0,1,0,1,1,0,1,0,1
1295892761342795514,149,Entire home/apt,4,1,2,1,0,4.740453340561538,78704,House,0,9.333333333333334,47,18,0,1,0,0,1,1,0,0,0,0,0,1
573781516857072964,102,Private room,2,1,2,1.5,0,7.707947951308247,78745,Guesthouse/Guest suite,1,14.416666666666666,22,3,0,2,0,0,1,1,0,1,0,1,0,0
1613988980406857573,171,Entire home/apt,2,1,1,0,0,1.2227598382776008,78701,Apartment/Condo,0,2.0833333333333335,42,0,1,1,1,0,1,0,1,0,0,0,1,1
917990396419144836,231.67,Entire home/apt,8,3,4,2,0,19.788032465410478,Other,House,1,5.083333333333333,2,24,0,2,0,0,1,1,0,1,0,1,1,1
1234181069777292642,267,Entire home/apt,2,1,1,1,0,3.9175506351509966,78702,House,0,10.916666666666666,40,7,0,1,0,0,1,1,0,0,0,1,0,0
1506489813905337837,242,Hotel/shared room,4,1,2,1,0,4.3336571931994365,78723,Hotel-like,0,1,20,0,1,1,0,0,1,0,1,0,0,1,1,0
1364527195727204351,891.9,Entire home/apt,16,5,7,4,0,5.263296754566243,78704,House,1,3,24,10,0,1,1,1,1,1,1,1,0,1,0,0
14556731,144,Entire home/apt,4,2,2,1,0,2.337195272742391,78702,House,1,12.833333333333334,4,29,0,3,0,0,1,1,0,1,0,1,0,1
17046910,343,Entire home/apt,4,2,2,1,0,5.402550601059724,78751,House,1,10.25,2,1,0,2,0,0,1,1,0,1,0,0,0,1
45939066,536.5,Entire home/apt,8,3,5,2,0,23.62521456248044,Other,House,1,5.666666666666667,3,7,0,2,1,0,1,1,0,1,0,1,0,1
41905528,1094.6699999999998,Entire home/apt,8,4,4,3,0,6.658910048982849,78746,House,1,8.666666666666666,12,1,0,3,0,0,1,1,0,1,0,1,0,0
1567271732033225437,208,Entire home/apt,4,2,2,1,0,0.8828000781796079,78702,Apartment/Condo,1,13.25,4,33,0,1,1,0,1,1,0,1,0,0,1,1
834726340126320830,283,Entire home/apt,16,5,8,2.5,0,3.8317825887178065,78702,House,1,4.083333333333333,12,69,0,1,1,0,1,1,0,1,0,1,0,1
1253673221010916720,238.5,Entire home/apt,4,1,2,1,0,3.274444039760792,78704,House,1,15.416666666666666,1,39,0,1,0,0,1,1,0,1,0,1,1,1
1468844485475094048,287.5,Entire home/apt,7,3,4,2,0,7.360723834086588,78757,House,1,2,8,20,0,2,0,0,1,1,0,1,0,0,0,0
810083216164184536,203,Entire home/apt,2,1,1,1,0,5.581811071878562,78704,Apartment/Condo,1,7.166666666666667,4,54,0,1,0,0,1,1,0,1,1,1,1,1
980450291880424921,235,Entire home/apt,9,3,6,3,0,24.005020661096736,78734,House,1,2.75,3,12,0,2,0,0,1,1,0,1,0,1,1,1
1594631645771609777,446,Entire home/apt,16,5,8,3,0,5.8972662381856065,78741,House,1,8.25,4,10,0,1,1,1,1,1,1,1,0,1,1,0
1542830913517823721,160,Entire home/apt,4,1,1,1,0,6.018052230933643,78704,Apartment/Condo,0,9.333333333333334,47,8,0,1,0,0,1,1,0,1,0,1,0,1
11474166,502,Entire home/apt,6,2,3,2.5,0,3.0781431382524915,78704,House,0,10.25,1,0,0,2,0,0,1,1,0,1,0,1,1,1
21040294,309,Entire home/apt,7,3,4,3,0,22.10203942903757,Other,House,1,8.75,1,16,0,1,0,0,1,1,0,1,0,0,1,1
1486380619679472393,520,Entire home/apt,16,5,11,4,0,4.454406679108824,78721,House,0,3.75,31,6,0,1,0,0,1,1,0,1,0,1,0,1
1036957687700647029,320.85,Entire home/apt,4,2,2,1,0,5.378695824196491,78704,House,0,4.75,7,0,0,3,0,0,1,1,0,1,0,1,1,1
25454554,392,Entire home/apt,6,2,3,2,0,0.7615350779636916,78701,Apartment/Condo,1,12.416666666666666,10,0,0,1,1,0,1,0,1,1,0,0,0,1
3424259,101.57,Entire home/apt,2,1,1,1,0,1.7145124790889907,78702,Unique/other,1,14.333333333333334,3,12,0,2,0,0,1,1,0,1,0,0,0,1
19496423,141,Entire home/apt,4,1,2,1,0,5.022125410270408,78704,Guesthouse/Guest suite,1,8.916666666666666,5,41,0,1,0,0,1,1,0,0,0,1,0,1
1152160986079546491,341,Entire home/apt,4,2,2,2,0,3.382245663997779,78702,House,1,3.3333333333333335,5,35,0,2,1,0,1,1,0,1,0,0,0,1
938080331365425096,400,Entire home/apt,4,1,2,1,0,12.155034679688734,Other,Apartment/Condo,0,4.25,2,0,1,1,1,1,1,0,0,1,0,1,1,0
1229859079619804669,255,Entire home/apt,8,3,4,2,0,7.411242274626097,78723,House,0,3.75,31,37,0,1,0,0,1,1,0,1,0,1,0,1
38447033,284.5,Entire home/apt,8,4,8,2,0,7.431924824821459,78752,House,1,8.5,5,29,0,2,1,1,1,1,0,1,0,1,0,1
1706190721082502007,189.44,Entire home/apt,6,2,2,1,0,17.596778243239008,Other,House,1,4.25,2,0,1,1,0,0,1,1,0,1,0,1,1,1
48319102,1880.5,Entire home/apt,12,5,8,3,0,24.202669676852075,78734,House,1,6.25,1,8,0,2,1,1,1,1,0,1,0,1,0,0
51033682,397,Entire home/apt,6,3,3,2.5,0,8.949989928685465,78724,House,1,9.75,7,0,0,2,0,0,1,1,0,1,0,1,0,1
645736707888158472,200,Entire home/apt,4,1,1,1,0,23.099415107581578,78737,Guesthouse/Guest suite,1,4,3,13,0,1,0,0,1,1,0,0,0,0,1,1
54315567,188,Entire home/apt,4,2,2,1,0,3.767733474289916,78704,House,1,15.416666666666666,6,28,0,1,0,0,1,1,0,1,0,1,0,1
933494526806232436,326,Entire home/apt,7,3,3,2,0,9.781161905824355,78744,House,1,4.416666666666667,1,18,0,1,0,0,1,1,0,0,0,1,1,1
3916923,2374,Entire home/apt,14,5,9,4,0,3.6334572640055773,78704,House,0,11.833333333333334,1,0,0,2,0,0,1,1,0,1,0,1,1,1
41935943,971,Entire home/apt,12,5,5,3,0,5.72704738566688,78741,House,1,8.916666666666666,16,8,0,1,1,1,1,1,0,1,0,1,0,1
729991890161311599,114.25,Entire home/apt,2,1,1,1,0,8.360468051579058,78745,Apartment/Condo,0,7.416666666666667,1,0,0,4,0,0,1,1,0,0,0,1,0,1
1452361570488048071,502,Entire home/apt,8,4,4,3.5,0,2.108228484686515,78722,House,1,4.75,5,30,0,1,0,0,1,1,0,1,0,1,0,1
627609838453993132,203.67,Entire home/apt,6,3,3,3,0,26.234022097145747,Other,House,1,10.916666666666666,1,22,0,3,0,0,1,1,0,1,0,1,0,1
994446028602263907,183,Entire home/apt,6,3,3,2,0,15.339045564591132,Other,House,0,2.5833333333333335,1,14,0,2,0,0,1,1,0,1,0,1,1,1
345536,306,Entire home/apt,4,2,3,1,0,3.727877512563225,78704,House,1,14.333333333333334,2,22,0,1,0,0,1,1,0,1,0,1,1,1
1249505114208078182,686,Entire home/apt,12,4,8,2.5,0,9.741993700956955,78745,House,1,1.75,3,32,0,1,1,0,1,1,0,1,0,1,0,1
1511279517727860037,59,Private room,2,1,1,1,0,5.036920408645506,78741,Apartment/Condo,0,3.6666666666666665,2,5,0,1,1,0,1,0,1,1,0,0,0,1
1333732368210183504,111,Entire home/apt,2,1,1,1,0,5.5334032376382805,78721,Unique/other,0,1.4166666666666667,1,33,0,1,0,0,1,1,0,1,0,0,1,1
42648985,142,Entire home/apt,2,1,1,1,0,2.341511175458753,78722,Unique/other,1,9.333333333333334,1,27,0,2,0,0,1,1,0,0,0,0,0,1
1467358891444582611,224,Entire home/apt,4,2,2,2,0,5.7014197024066195,78721,House,1,7.25,31,43,0,1,0,0,1,1,0,1,0,0,0,1
48452991,473.59,Entire home/apt,5,2,2,2,0,2.609081366519676,78722,House,1,5.25,2,14,0,1,0,0,1,1,0,1,0,1,1,1
947212669703405088,134,Entire home/apt,2,1,1,1,0,5.768445981319856,78741,House,1,9.75,18,58,0,1,0,0,1,1,0,0,0,1,1,1
618694558525094846,291,Entire home/apt,8,3,4,2,0,2.0167384325644666,78701,Apartment/Condo,1,4.166666666666667,20,46,0,1,1,0,1,0,1,1,1,1,0,1
1658137581243946816,158.4,Entire home/apt,4,2,2,2,0,5.813581637426155,78704,Apartment/Condo,1,4.5,178,0,1,1,1,0,1,0,0,1,0,0,1,0
963800957152156333,833,Entire home/apt,11,4,6,4,0,8.393428915725258,78745,House,1,12.083333333333334,23,13,0,2,1,0,1,1,0,1,0,1,0,1
1612650777081274768,330,Entire home/apt,6,2,4,2,0,14.381938674348785,78758,House,1,6.916666666666667,1,6,0,2,0,0,1,1,0,1,0,1,0,1
1598618976331486187,257,Entire home/apt,6,3,3,2.5,0,8.078767028317706,78745,House,1,0.5833333333333334,2,2,0,2,0,0,1,0,0,1,0,0,1,1
19875868,165.47,Entire home/apt,3,1,1,1,0,0.772899646990892,78701,Apartment/Condo,0,8.916666666666666,5,25,0,1,0,0,1,1,0,1,0,1,1,1
1563062842267512912,314,Entire home/apt,8,4,4,2,0,9.711501281481251,78744,House,1,0.5,1,20,0,2,0,0,1,1,0,1,0,1,1,0
1501483612791184599,329,Entire home/apt,10,4,5,3,0,5.758689962891338,78704,House,0,5.166666666666667,23,6,0,1,1,0,1,1,0,1,0,1,0,0
39398966,302.5,Entire home/apt,8,3,3,2,0,19.418847142546042,78729,House,1,6.333333333333333,3,0,0,2,0,0,1,1,0,1,0,1,0,1
926502223201459234,476,Private room,6,2,2,1,0,0.9250490971478572,78701,Hotel-like,1,3,7,0,1,2,1,1,1,1,0,0,0,1,0,1
802974670004104080,290,Entire home/apt,4,1,2,1,0,1.89730048731046,78701,Apartment/Condo,1,8.833333333333334,38,20,0,1,1,0,1,0,1,1,1,1,0,1
1596500046003780893,221.6,Entire home/apt,4,1,2,1,0,5.814131142402317,78704,Apartment/Condo,1,4.5,178,0,1,1,1,0,1,0,0,1,0,0,1,1
23139922,376.5,Entire home/apt,6,3,5,2,0,1.3691473939171113,78702,House,0,8.333333333333334,2,0,0,1,0,0,1,1,0,1,0,1,0,1
31718325,177.2,Entire home/apt,7,3,4,2,0,15.792099708968765,78758,House,0,7.416666666666667,4,2,0,5,0,0,1,1,0,1,0,1,1,1
1404406195295863291,416.33,Private room,6,2,3,2,0,0.8979017123487573,78701,Hotel-like,0,3,60,0,1,3,1,0,1,1,1,1,0,0,0,0
1322019841921636895,454,Entire home/apt,16,6,18,5,0,2.498988863486042,78702,House,1,7.833333333333333,27,49,0,1,0,1,1,1,0,1,1,1,1,1
901384966564355316,320,Entire home/apt,10,4,4,3,0,12.464919468202964,Other,House,1,3,1,33,0,2,1,0,1,1,0,1,0,1,1,1
1502985812987092539,884.5,Entire home/apt,10,5,5,4,0,7.33244986855272,78746,House,1,11.083333333333334,1,1,0,6,1,1,1,1,0,1,0,0,0,1
49195573,71.09,Entire home/apt,2,1,1,1,0,2.8470573604256804,78722,Apartment/Condo,1,11.5,2,11,0,3,0,0,1,1,0,1,0,1,1,1
1377419224149160173,137,Entire home/apt,2,1,1,1,0,15.272969006678968,78753,Apartment/Condo,1,1.3333333333333333,25,13,0,2,1,0,1,1,1,1,0,1,0,1
1654017874936873288,548.5,Entire home/apt,14,6,15,4.5,0,19.05707159932119,Other,House,0,0.16666666666666666,1,1,0,2,0,0,1,1,0,1,0,1,1,1
605658305221434385,669.5,Entire home/apt,10,4,7,3,0,14.315446322275342,Other,House,0,4.166666666666667,2,5,0,2,1,0,1,1,0,1,0,1,1,1
24159699,99,Entire home/apt,3,1,3,1,0,1.7120899132791796,78702,Guesthouse/Guest suite,1,13.75,5,7,0,2,0,0,1,1,0,1,0,0,0,1
599833734656337815,200.5,Entire home/apt,2,1,1,1,0,2.251128196775285,78702,Guesthouse/Guest suite,1,9.666666666666666,4,9,0,2,0,0,1,1,0,0,0,0,0,1
17237907,115.5,Entire home/apt,5,2,3,1,0,5.6821214626484435,78741,Apartment/Condo,0,9.333333333333334,1,0,0,2,0,0,1,1,0,1,0,0,1,1
1608378817777516745,51.5,Private room,1,1,1,1,1,14.567706570918926,78744,House,1,0.4166666666666667,4,3,0,2,0,0,1,1,0,0,0,1,0,1
1288582569165672999,173.4,Entire home/apt,6,3,4,2,0,19.942718467269223,78729,House,0,7.416666666666667,4,5,0,5,0,0,1,1,0,1,0,1,0,1
1532059165705472551,206,Entire home/apt,4,2,2,2,0,5.814131142402317,78704,Apartment/Condo,1,4.5,178,3,0,1,1,0,1,0,0,1,0,0,1,1
765920386893394578,209.6,Entire home/apt,6,2,3,2,0,1.6130436936182249,78703,Apartment/Condo,1,4.916666666666667,27,0,1,2,1,0,1,0,1,1,0,1,0,1
1439265031689976188,305.5,Entire home/apt,6,3,4,2,0,14.672404776526239,Other,House,1,0.8333333333333334,1,9,0,2,0,0,1,1,0,1,0,0,0,1
1695156342040421412,384,Entire home/apt,8,3,4,3,0,25.45015297814823,Other,Apartment/Condo,1,4,87,2,0,2,0,0,1,1,0,1,0,1,0,1
1510923786675852019,422.24,Entire home/apt,5,3,2,2,0,11.559404030608855,78745,House,0,0.75,1,20,0,1,0,1,1,1,0,1,0,1,1,1
1364673812165730598,336.02,Entire home/apt,6,2,3,2,0,4.754594881256063,78704,Apartment/Condo,1,4.666666666666667,47,35,0,1,0,0,1,1,1,1,0,0,0,1
1574005335843972377,477,Entire home/apt,12,4,6,2.5,0,5.395705314644045,78704,House,0,5.166666666666667,23,1,0,1,0,0,1,1,0,1,0,1,0,0
1179621864225482094,421,Entire home/apt,16,5,9,2,0,5.786141038062038,78704,House,1,2,1,21,0,1,1,0,1,1,0,1,0,1,0,1
10733649,273.5,Entire home/apt,2,1,1,0,0,18.405020094169952,Other,Unique/other,1,10.916666666666666,3,1,0,2,0,0,0,0,0,0,0,0,0,0
40786965,180.5,Entire home/apt,2,1,1,1,0,20.545809409017817,78737,Unique/other,1,7.166666666666667,23,34,0,2,1,1,1,1,0,1,0,1,1,1
1702932609282966310,106.66999999999999,Entire home/apt,4,1,1,1,0,15.534201551660738,78753,Apartment/Condo,0,0,1,0,1,3,1,0,1,1,0,1,0,1,0,0
1295002356036596754,213.85000000000002,Private room,2,1,1,1,0,19.123293820033325,Other,Hotel-like,0,3.25,92,1,0,1,1,0,1,1,1,0,0,1,1,1
43913939,336.8,Entire home/apt,4,2,2,3,0,5.440947346417473,78751,House,1,5.916666666666667,1,8,0,5,0,0,1,1,0,1,0,0,0,1
1147210252476436563,444,Hotel/shared room,3,1,1,1,0,26.113937906418407,78734,Hotel-like,0,3.1666666666666665,48,0,1,1,1,0,1,0,1,0,0,1,1,1
1189065859883929617,639.13,Entire home/apt,6,3,3,3,0,4.061111228082744,78723,House,0,10.916666666666666,40,5,0,2,0,0,1,1,0,1,0,1,0,1
1644272558576644026,52.5,Private room,1,1,1,1,1,14.754931809056126,78744,House,1,0.4166666666666667,4,5,0,2,0,0,1,1,0,0,0,1,0,0
1463037382553139268,526.66,Entire home/apt,14,5,8,3,0,2.171737855060182,78702,House,1,5.166666666666667,11,14,0,2,0,1,1,1,0,1,0,0,1,1
1608604791373704556,244,Entire home/apt,6,2,3,1,0,2.5208753786051576,78704,House,1,0.75,1,13,0,2,0,0,1,1,0,1,0,0,1,1
21280278,109.47,Entire home/apt,4,1,2,1,0,5.23423866819346,Other,House,1,10.75,2,17,0,2,0,0,1,1,0,1,0,1,0,1
1254383155747458811,124.8,Private room,4,1,2,1,0,7.928942318938001,78752,Hotel-like,0,3.25,92,0,1,1,1,0,1,1,1,0,0,1,1,1
1701663199501216881,602,Entire home/apt,15,5,8,3,0,2.7725100816969217,78705,House,1,10.333333333333334,41,1,0,1,0,1,1,1,0,1,0,1,0,1
1699742144131961692,93.33,Private room,2,1,1,1,0,20.824398383733673,78729,House,0,1.6666666666666665,17,0,1,3,0,0,1,1,0,0,0,1,1,1
1071316331666793314,127,Entire home/apt,3,1,1,1,0,5.468660724890456,78721,House,1,1.25,1,67,0,1,0,1,1,1,0,1,0,1,1,1
1371693871347267876,308,Entire home/apt,12,4,6,3,0,6.541665906654333,78723,House,1,9.416666666666666,15,25,0,2,1,0,1,1,0,1,0,1,1,1
1288422322131855668,1010,Entire home/apt,10,4,4,2.5,0,2.9930923297913785,78704,House,1,3.25,3,37,0,1,1,1,1,1,0,1,0,1,1,1
1484063368418904010,91,Entire home/apt,4,1,2,1,0,19.406092064478166,Other,Unique/other,1,4.833333333333333,5,124,0,1,0,0,1,1,0,0,0,1,1,1
572531232555572968,155,Entire home/apt,2,1,1,1,0,3.629251521028627,78702,Guesthouse/Guest suite,1,4.25,1,19,0,2,0,0,1,1,0,0,0,0,0,1
1549589447059350012,749.5,Entire home/apt,10,5,6,3.5,0,20.778868503663293,78729,House,1,0.5833333333333334,1,12,0,2,0,0,1,1,0,1,0,1,0,1
4278536,172,Entire home/apt,4,2,2,1,0,2.841681052207871,78702,House,1,12.583333333333334,2,22,0,1,0,0,1,1,0,1,0,1,0,1
1485558515148187060,913,Entire home/apt,12,5,7,4.5,0,3.4862966643974325,78703,House,1,12,17,1,0,1,0,0,1,1,0,1,0,1,1,1
53625668,533.5,Entire home/apt,10,3,2,3,0,24.348842841602732,78737,House,1,7.083333333333333,6,0,0,1,0,0,1,1,0,1,0,1,1,1
979719076617249675,550,Entire home/apt,7,3,3,2.5,0,2.0593077465472396,78702,House,1,4.333333333333333,1,5,0,1,0,0,1,1,0,1,0,0,0,1
1640779125121346490,227,Entire home/apt,4,2,2,2,0,8.790099900246034,78745,House,0,0.25,2,0,1,2,0,0,1,1,0,1,0,0,0,0
752085950697127285,514,Entire home/apt,6,3,3,3,0,13.63966576284177,78744,House,0,3.5833333333333335,1,4,0,2,0,0,1,1,0,1,0,1,0,1
1579928429374976185,528,Entire home/apt,11,5,6,4,0,3.0303178586997284,78702,House,0,4.25,37,7,0,2,1,0,1,1,0,1,0,1,0,1
21095942,107,Entire home/apt,2,1,2,1,0,10.407015988075289,78758,Guesthouse/Guest suite,1,10.916666666666666,1,55,0,1,0,0,1,1,0,0,0,1,0,1
1218828305732376639,199.9,Entire home/apt,6,2,4,1,0,13.217956788926429,Other,Apartment/Condo,0,4,38,30,0,1,1,0,1,1,1,1,0,1,1,1
49735188,185.33,Entire home/apt,2,1,1,1,0,2.4818797160047694,78722,Apartment/Condo,0,5.083333333333333,1,0,0,3,0,0,1,1,0,1,0,1,0,1
12912837,1626.33,Entire home/apt,8,4,4,2,0,3.620244891707919,78704,House,0,10.083333333333334,1,2,0,2,0,0,1,1,0,1,0,0,0,1
53311062,305.33,Entire home/apt,9,4,7,3,0,11.408595116812068,Other,House,0,4.333333333333333,1,13,0,3,0,0,1,1,1,1,0,1,0,1
50853917,219.5,Entire home/apt,6,3,3,1,0,6.450510389174059,78741,House,0,4.916666666666667,1,6,0,2,0,0,0,1,0,0,0,0,1,1
915275072049552161,141.51,Entire home/apt,4,1,1,1,0,4.100399358472959,78704,Guesthouse/Guest suite,1,9.416666666666666,5,85,0,1,0,0,1,1,0,0,0,1,1,1
1203728585188030388,393,Entire home/apt,4,1,2,1,0,2.031239973204237,78701,Apartment/Condo,1,4.666666666666667,47,15,0,1,1,0,1,0,1,1,1,1,1,0
1342654,155.36,Entire home/apt,3,1,1,1,0,1.9929943018035379,78704,House,0,12.916666666666666,2,19,0,1,0,0,1,1,0,1,1,1,1,1
1514076159307058099,189,Entire home/apt,3,1,1,1,0,8.85938933770882,78745,Apartment/Condo,0,0.6666666666666666,1,2,0,1,1,1,1,1,0,1,0,1,0,0
1101382264119048282,289.33,Entire home/apt,4,2,2,2,0,14.233179218305542,78758,House,0,2.25,1,1,0,3,0,0,1,1,0,1,0,1,0,1
1231893470559131378,561,Entire home/apt,15,5,9,3.5,0,2.3853531974091498,78702,House,1,10.333333333333334,2,12,0,2,0,0,1,1,0,1,0,1,0,1
1661251827873022974,484,Entire home/apt,16,9,17,4,0,4.430718678453975,78702,House,1,4.083333333333333,12,15,0,1,1,1,1,1,0,1,1,1,0,1
1405026738214069929,742.5,Entire home/apt,16,5,9,5.5,0,3.8297526645743,78702,House,1,1.8333333333333335,5,19,0,2,1,1,1,1,0,1,0,1,1,1
1437185009271627596,2678.04,Entire home/apt,10,4,4,4,0,14.933387329124018,Other,House,0,7.833333333333333,26,0,1,1,1,1,1,1,1,1,0,1,0,1
979014768261622454,440.04,Entire home/apt,7,2,3,2,0,19.48930296808255,78729,Apartment/Condo,0,2.75,1,0,1,2,1,0,1,1,1,0,0,0,1,1
1050839915917099191,156,Entire home/apt,5,2,3,2,0,7.888208705166589,78752,Apartment/Condo,0,6.833333333333333,43,34,0,1,1,0,1,1,1,1,0,1,0,1
28635902,184,Entire home/apt,7,3,4,2.5,0,12.079183095515495,Other,House,1,7.75,3,31,0,2,0,0,1,1,0,1,0,1,1,1
985622686294102528,104.5,Entire home/apt,3,1,2,1,0,5.998222278304367,78721,Unique/other,1,10.666666666666666,9,74,0,2,0,0,1,1,0,0,0,1,0,1
48145872,140,Entire home/apt,2,1,1,1,0,2.024556359579252,78702,Apartment/Condo,0,5.333333333333333,3,176,0,1,0,0,1,0,1,0,0,1,1,1
1061878669340823360,730.3499999999999,Private room,6,2,3,2,0,0.6451822419556034,78701,Hotel-like,0,3.5833333333333335,1,0,1,1,1,1,1,1,0,1,0,0,0,0
1658093760728324280,176.8,Entire home/apt,4,1,2,1,0,5.814131142402317,78704,Apartment/Condo,1,4.5,178,0,1,1,1,0,1,0,0,1,0,0,1,1
1650134896171702172,123.66999999999999,Entire home/apt,3,1,1,1,0,8.245570798837326,78757,Apartment/Condo,1,2.75,7,7,0,1,0,0,1,1,0,1,0,0,1,0
813655266751533814,144.33,Entire home/apt,4,1,2,1,0,4.7129770895380325,78704,Apartment/Condo,0,10.75,9,19,0,2,0,0,1,1,0,1,0,1,0,1
1133382962265447128,228.33,Entire home/apt,4,2,2,1.5,0,7.249649677229518,78723,House,0,10.666666666666666,2,6,0,3,0,0,1,1,0,1,0,1,1,1
577434897558827004,184.5,Entire home/apt,6,3,3,2,0,1.3445524567003242,78703,Guesthouse/Guest suite,0,11.333333333333334,18,11,0,2,0,0,1,1,0,0,0,1,0,1
1317419401220308282,100.86999999999999,Entire home/apt,3,1,2,1,0,2.121777717221652,78704,Apartment/Condo,0,0.16666666666666666,15,20,0,1,1,0,1,1,0,1,0,1,0,0
1369723394865359954,156,Entire home/apt,5,2,2,2,0,15.476656859314062,78753,Apartment/Condo,1,1.3333333333333333,25,21,0,2,1,0,1,1,1,1,0,1,0,1
844957198771307681,193,Entire home/apt,4,1,2,1,0,1.6130436936182249,78703,Hotel-like,1,3.6666666666666665,30,0,0,2,1,0,1,0,1,1,0,1,0,1
649473943038019316,410.5,Entire home/apt,13,5,5,3,0,9.070016159908329,78744,House,1,4,4,92,0,1,1,1,1,1,0,1,0,0,1,1
1608008293358482369,257,Entire home/apt,5,3,3,2,0,5.104974489160061,78723,House,0,12.916666666666666,1,0,1,1,0,0,1,1,0,1,0,1,1,0
834712298192043412,171,Entire home/apt,5,2,2,1,0,9.8804762775964,78745,House,1,5.333333333333333,2,21,0,2,0,0,1,1,0,1,0,1,0,1
16094172,211,Entire home/apt,5,2,2,1.5,0,1.2855577907507862,78702,Apartment/Condo,1,9.5,1,8,0,2,0,0,1,1,0,1,0,1,1,1
889361287718354467,229,Entire home/apt,8,3,5,2.5,0,9.716021831259,78745,House,1,3,2,37,0,2,0,1,1,1,0,1,0,1,0,1
1167699343122502951,161.67,Entire home/apt,3,1,1,1,0,1.5258975905207353,78703,Apartment/Condo,0,2.25,1,6,0,3,0,0,1,1,0,1,0,0,0,1
671503466425042541,207.13,Entire home/apt,2,1,1,1,0,8.452464376152719,78745,House,1,3.75,1,23,0,2,0,0,1,1,0,1,0,0,1,1
546275145393198866,1845,Entire home/apt,8,4,10,4.5,0,12.276540375951384,Other,House,1,6.083333333333333,2,0,0,3,1,0,1,1,0,1,0,1,1,0
1174087294987392703,339.8,Private room,2,1,1,1,0,1.7651209016454459,78701,Hotel-like,1,2,4,0,0,1,1,0,1,0,0,0,0,1,1,0
1529246636512431472,464.52,Entire home/apt,12,4,6,4,0,2.1046645852007253,78701,House,1,4.5,178,0,1,2,1,0,1,0,1,1,0,0,1,1
1084329431534151111,565.6700000000001,Entire home/apt,7,3,4,3.5,0,2.862555724908089,78722,House,0,2.75,2,0,1,3,0,0,1,1,0,1,0,1,1,1
1439850967510984272,195,Entire home/apt,2,1,1,1,0,4.3695065528992565,78704,Guesthouse/Guest suite,1,1,1,29,0,2,0,0,1,1,0,0,0,0,0,1
1259578380035879956,507,Entire home/apt,6,3,3,3,0,25.617212583442,78734,House,1,1.6666666666666665,1,14,0,2,1,1,1,1,0,1,0,1,1,1
1365441296571702756,171.33,Entire home/apt,3,1,1,1,0,11.37936872407857,78758,Apartment/Condo,0,6.666666666666667,2,0,1,3,1,0,1,1,0,1,0,1,0,0
1086291850907039283,1062.5,Entire home/apt,16,6,9,4.5,0,2.530847558492342,78702,House,0,4.666666666666667,2,30,0,2,1,0,1,1,0,1,0,1,1,1
19863514,204,Entire home/apt,10,3,9,2,0,2.497003296570424,78702,House,1,13.583333333333334,7,74,0,1,0,1,1,1,0,1,1,1,1,1
1634878866524231695,220.5,Entire home/apt,7,3,5,2,0,4.011089341899645,78723,House,0,4.25,37,0,1,2,0,0,1,1,0,1,0,1,0,1
1586356406746910596,458,Entire home/apt,12,5,9,3,0,4.008491912482866,78704,House,0,0.8333333333333334,7,14,0,2,0,1,1,1,0,1,0,1,1,1
952982541156155649,182.81,Private room,2,1,2,1,0,0.720993252022956,78701,Hotel-like,0,5.333333333333333,3,86,0,1,1,0,1,0,1,0,0,1,1,0
1147205952079595820,345,Hotel/shared room,4,1,2,1,0,26.113937906418407,78734,Hotel-like,0,3.1666666666666665,48,0,1,1,1,0,1,0,1,0,0,1,1,1
1333104899212949798,285.28999999999996,Entire home/apt,4,2,2,2.5,0,3.4240606947895267,78702,House,1,1.4166666666666667,1,28,0,1,0,0,1,1,0,1,0,0,1,1
1706692702154162441,133,Entire home/apt,2,1,1,1,0,5.771053488608134,78741,Apartment/Condo,0,0.4166666666666667,6,0,1,5,0,0,1,1,0,1,0,1,1,0
1516311003962011080,493,Entire home/apt,6,3,3,2.5,0,5.734397683225724,78704,House,0,0.75,1,6,0,1,0,0,1,1,0,1,0,0,1,0
48955585,198,Entire home/apt,6,3,3,2,0,12.40194679746867,78758,House,1,2.25,2,32,0,2,0,0,1,1,0,1,0,1,1,1
16255356,803,Entire home/apt,16,5,18,3,0,4.1518771465282045,78704,House,1,7.166666666666667,23,25,0,2,1,0,1,1,0,1,0,1,1,1
23120071,489,Entire home/apt,10,4,5,4,0,2.28054521480167,78702,House,0,9.25,47,22,0,2,0,0,1,1,0,1,0,1,0,1
1457232228710650784,277,Entire home/apt,8,3,3,2,0,10.81057735472494,78744,House,1,6,2,24,0,1,0,0,1,1,0,1,0,1,1,1
695214753459404700,230.6,Entire home/apt,4,2,2,2.5,0,13.224170473321461,78744,House,0,3.4166666666666665,1,4,0,5,0,0,1,1,0,1,0,0,0,1
1660381004822407119,276.5,Entire home/apt,10,4,5,3.5,0,7.304990967555286,78723,House,0,10.583333333333334,2,10,0,2,0,0,1,1,0,1,0,1,0,1
886441688646731858,198.5,Entire home/apt,10,3,6,2,0,7.594515894546242,78752,House,0,3.75,7,38,0,1,0,0,1,1,0,1,0,1,1,1
1242220544480109875,1711.8,Entire home/apt,10,4,4,3,0,3.6327152704979313,78704,House,0,1.75,1,0,0,5,0,0,1,1,0,1,0,1,0,1
1508278605826400162,327,Entire home/apt,8,3,4,2.5,0,5.406790063389474,78721,House,1,2,8,17,0,2,0,0,1,1,0,1,0,1,1,1
666699517994601134,167.67,Entire home/apt,2,1,2,1,0,2.682813911144831,78704,Guesthouse/Guest suite,1,3.25,1,15,0,3,0,0,1,1,0,0,0,1,0,1
814908,971,Entire home/apt,16,8,10,4.5,0,3.8766396605339835,78704,House,1,13.916666666666666,7,14,0,1,1,1,1,1,0,1,0,1,1,1
43858970,223,Entire home/apt,4,1,3,1,0,2.09963145019399,78702,Guesthouse/Guest suite,1,5.833333333333333,12,48,0,2,0,0,1,1,0,1,0,1,0,1
955796786117485465,183,Entire home/apt,2,1,1,1,0,2.223749000027761,78702,House,1,6.666666666666667,14,30,0,1,0,0,1,1,0,1,0,1,0,1
1299723282561740219,152.92000000000002,Entire home/apt,4,1,2,1,0,1.9699574668970632,78702,Guesthouse/Guest suite,1,1.5,4,59,0,1,0,0,1,1,0,1,0,1,0,0
877632000094753223,543,Entire home/apt,5,2,3,2.5,0,3.668175387704709,78704,House,1,11.083333333333334,9,23,0,1,0,0,1,1,0,1,0,1,1,1
1585957505833981315,1231,Private room,8,3,4,3,0,0.6828105791241897,78701,Hotel-like,0,0.6666666666666666,6,0,1,2,1,0,1,0,1,1,0,0,0,1
1238465333192117192,222.07,Entire home/apt,3,1,2,1,0,14.172390633314876,78758,Apartment/Condo,0,1.75,1,11,0,1,1,0,1,1,1,1,1,1,0,1
676855240894742804,192.75,Entire home/apt,3,2,2,2,0,21.697095893742326,78734,House,0,14.333333333333334,1,5,0,4,0,0,1,1,0,1,0,0,0,1
1574269667339540280,297.85,Entire home/apt,10,4,4,2.5,0,11.225886823984354,78745,House,0,5.166666666666667,1,10,0,2,0,0,1,1,0,1,0,0,0,1
1706658953865100468,120.64,Entire home/apt,2,1,1,1,0,5.591190188764526,78741,Apartment/Condo,0,0.4166666666666667,6,0,1,5,0,0,1,1,0,1,0,1,1,0
50217271,247.64,Entire home/apt,4,2,2,2.5,0,1.807211501698693,78702,House,1,4.666666666666667,1,36,0,1,0,0,1,1,0,1,0,1,0,1
20652492,336.2,Entire home/apt,9,4,6,2,0,19.934703257675736,Other,House,1,11.666666666666666,6,2,0,5,0,0,1,1,0,1,0,1,1,1
1095760784310835269,136,Entire home/apt,2,1,1,1,0,2.4255425016073997,78705,Apartment/Condo,0,6.416666666666667,3,42,0,1,1,0,1,1,0,0,0,1,0,1
1353762809667691453,180,Entire home/apt,3,1,2,1,0,3.5908286937551464,78704,Apartment/Condo,1,1.3333333333333333,1,43,0,1,0,0,1,1,0,1,0,0,0,0
41211499,171,Entire home/apt,3,1,1,1,0,0.7038999373869972,78701,Apartment/Condo,0,8.916666666666666,5,30,0,1,0,0,1,1,0,1,0,1,1,1
844958018377361427,236,Entire home/apt,6,2,3,2,0,1.6130436936182249,78703,Hotel-like,1,3.6666666666666665,30,0,1,2,1,0,1,0,1,1,0,1,0,1
588182935563100073,148.35000000000002,Entire home/apt,3,1,1,1,0,15.134084208969899,Other,Guesthouse/Guest suite,1,7.333333333333333,1,26,0,1,0,0,1,1,0,0,0,0,0,1
1335329139804175224,2373.65,Entire home/apt,16,11,31,10,0,14.22649506971355,Other,Unique/other,1,8.25,1,0,1,2,1,1,1,1,1,1,0,1,1,0
1199239072158677194,323,Entire home/apt,9,3,4,2,0,20.228688728065013,Other,House,1,1.8333333333333335,36,35,0,1,0,1,1,1,0,1,0,0,0,1
614470192862391103,253,Entire home/apt,6,2,3,2,0,2.0167384325644666,78701,Apartment/Condo,1,4.166666666666667,20,93,0,1,1,0,1,0,1,1,1,1,0,1
1258667179915870379,146.07,Entire home/apt,3,1,2,1,0,13.465301389568356,Other,Guesthouse/Guest suite,1,1.6666666666666665,1,45,0,2,1,0,1,1,0,0,0,1,0,1
1655248022211769477,312,Entire home/apt,4,2,2,2,0,4.588566424332106,78704,House,0,3.9166666666666665,48,4,0,2,0,1,1,1,0,1,0,1,1,1
2056845,509.61,Entire home/apt,4,2,2,2,0,3.097805308016524,78704,House,0,13.75,2,0,0,7,0,0,1,1,0,1,0,0,1,1
36560058,187.2,Private room,4,1,1,1,1,0.7086986302752757,78701,Hotel-like,0,6.666666666666667,3,2,0,2,1,1,1,0,1,1,0,1,0,1
1523410876925506023,124.5,Entire home/apt,2,1,1,1,0,15.273504032502055,78753,Apartment/Condo,1,1.3333333333333333,25,5,0,2,1,0,1,1,1,1,0,1,0,1
11791397,191.5,Entire home/apt,2,1,1,1,0,9.255430582030339,78746,Guesthouse/Guest suite,1,12.25,1,1,0,2,0,0,1,1,0,0,0,0,1,1
5221542,311.53,Entire home/apt,8,3,9,2,0,5.5588525516308325,78704,House,0,3.1666666666666665,2,19,0,1,0,0,1,1,0,1,0,1,1,1
1558977208541678828,89,Private room,1,1,1,1.5,1,12.94968101110114,78744,Unique/other,1,8.25,35,22,0,1,0,0,1,0,0,0,0,1,0,0
461404,164.5,Entire home/apt,3,2,3,1,0,5.544724798617331,Other,House,0,14,1,1,0,2,0,0,1,1,0,1,0,1,0,1
953162388121882314,851.5,Entire home/apt,14,6,8,5.5,0,3.046793317633329,78702,House,1,10,8,2,0,2,1,1,1,1,0,1,1,1,0,1
4431533,359,Entire home/apt,8,4,5,2,0,19.84143853706027,Other,House,1,11.666666666666666,6,3,0,1,0,0,1,1,0,1,0,0,1,1
995019005055619045,207.47,Entire home/apt,12,4,10,3,0,13.952520936075363,Other,House,0,7.916666666666667,12,6,0,7,0,0,1,1,0,1,1,1,1,1
1412382958043398543,117,Entire home/apt,2,1,1,1,0,11.514838473757049,78745,Guesthouse/Guest suite,1,2.8333333333333335,1,9,0,2,0,0,1,1,0,1,0,1,1,0
876794503835262939,396.51,Entire home/apt,6,2,3,2,0,2.0337214814860487,78701,Apartment/Condo,1,4.666666666666667,47,21,0,1,1,0,1,0,1,1,1,1,0,0
1375710506797937273,166,Entire home/apt,3,1,2,1,0,1.8193127165906333,78705,Apartment/Condo,0,9.333333333333334,47,5,0,1,0,0,1,1,0,1,0,0,0,1
9157222,280.82,Entire home/apt,12,3,7,2.5,0,3.1080407658581652,78702,House,1,12.75,6,13,0,2,0,0,1,1,0,1,0,1,1,1
51691647,126,Entire home/apt,2,1,1,1,0,2.5524959603307917,78722,Guesthouse/Guest suite,1,9.833333333333334,2,48,0,2,0,0,1,1,0,1,0,1,0,1
1669771672988103987,123.82,Entire home/apt,4,1,2,1,0,4.032019809693348,78751,Apartment/Condo,0,0.08333333333333333,2,1,0,2,0,0,1,1,0,1,0,1,0,1
5715331,80,Private room,2,1,1,1,0,7.67173959834362,78745,Unique/other,1,14.416666666666666,22,0,0,2,0,0,0,1,0,0,0,0,0,0
709340870098899887,138,Entire home/apt,2,1,1,1,0,4.373164307283835,78751,Apartment/Condo,1,10.416666666666666,23,29,0,1,0,0,1,1,0,1,0,1,1,1
1294969521362782302,398.5,Entire home/apt,8,4,5,3,0,17.230409643381996,Other,House,0,3.9166666666666665,48,17,0,2,1,1,1,1,0,1,0,1,1,1
1253888333134597746,290,Entire home/apt,12,4,6,2,0,6.393639319113536,78741,House,1,4.166666666666667,20,95,0,1,1,0,1,1,0,1,1,1,0,1
1633083596783960021,77.46000000000001,Private room,2,1,1,1,1,8.706169267297986,78745,House,1,7,6,1,0,2,0,0,1,1,0,1,0,0,1,1
1667612855319365753,257,Entire home/apt,6,2,3,1,0,7.622723740688254,78752,House,0,0.16666666666666666,1,16,0,1,0,1,1,1,0,1,0,1,0,1
1681479856686166830,915.3499999999999,Entire home/apt,8,4,4,4,0,4.709575640183113,78704,House,1,4.5,178,0,1,1,1,0,1,0,0,1,0,0,1,1
806050451279806229,236.5,Entire home/apt,6,3,3,2,0,3.42417017516177,78722,House,0,3.4166666666666665,1,0,0,2,0,0,1,1,0,1,0,1,1,1
1541335971632827956,96,Hotel/shared room,2,1,1,1,0,7.972259002205327,78744,Hotel-like,0,1,22,0,1,1,1,0,1,1,1,0,0,1,1,1
47870960,81.6,Entire home/apt,3,1,1,1,0,14.095235490563368,78744,Guesthouse/Guest suite,1,5.25,1,49,0,2,0,0,1,1,0,0,0,1,1,1
1419772290100539322,871,Entire home/apt,8,4,4,3,0,6.7788709985767595,78745,House,0,10.916666666666666,40,12,0,1,0,0,1,1,0,1,0,1,0,0
1691443379423440840,334,Entire home/apt,4,1,2,1,0,1.9198872139535463,78701,Apartment/Condo,0,5.166666666666667,23,1,0,1,1,0,1,0,1,1,1,1,0,0
1285723087657139810,312.5,Entire home/apt,2,1,1,1,0,7.615910971216071,78757,Guesthouse/Guest suite,0,10.75,2,13,0,2,0,0,1,1,0,0,1,1,0,1
11220779,125,Private room,4,2,2,1.5,0,13.064389449667532,Other,House,0,10.333333333333334,1,5,0,1,0,0,1,1,0,1,0,0,0,1
49449717,316,Entire home/apt,4,2,2,2,0,17.78487170521388,Other,House,1,2.5833333333333335,10,3,0,1,0,0,1,1,0,1,0,1,1,1
13685912,984.5,Entire home/apt,14,4,10,3,0,15.879757198216982,Other,Unique/other,0,9.583333333333334,2,0,0,2,0,0,1,1,0,1,0,0,1,1
868630470918063876,810,Entire home/apt,10,3,6,3,0,5.846451713253677,78704,House,1,12.583333333333334,1,9,0,1,1,1,1,1,0,1,0,1,0,1
1146506922732568676,961.75,Entire home/apt,10,5,5,4,0,2.3852252831791048,78702,House,1,12.333333333333334,10,6,0,2,1,0,1,1,0,1,0,1,0,1
5185181,908.5,Entire home/apt,16,5,13,3,0,4.011734091665929,78741,House,1,7.166666666666667,23,29,0,2,1,0,1,1,0,1,0,0,1,1
11611131,662,Entire home/apt,4,2,2,2.5,0,5.602388650494477,78741,House,0,10.25,1,0,0,5,1,0,1,1,0,1,0,0,1,1
25842709,314,Entire home/apt,10,3,4,2,0,11.189292394424042,Other,House,1,8,1,25,0,2,1,0,1,0,0,1,0,0,1,1
899429147050423441,894,Entire home/apt,4,2,2,2,0,0.8452899843906154,78701,Apartment/Condo,0,13.583333333333334,1,0,0,3,1,0,1,0,1,1,1,1,0,1
660395220329257833,321,Entire home/apt,16,5,8,2.5,0,3.801296935961023,78702,House,1,6.666666666666667,14,7,0,2,1,0,1,1,0,1,0,0,1,1
622710737832242824,269,Entire home/apt,4,2,2,2.5,0,5.843773268181526,Other,House,1,4.083333333333333,1,28,0,1,0,0,1,1,0,1,1,1,1,1
1087012507964835623,166,Entire home/apt,3,1,2,1,0,3.7773029472007034,78741,Apartment/Condo,1,5.166666666666667,1,36,0,1,0,0,1,1,0,0,0,0,0,0
1627725365888416937,123.5,Entire home/apt,2,1,1,1,0,11.449840753194955,78744,Guesthouse/Guest suite,1,5.916666666666667,6,8,0,2,0,0,1,0,0,0,0,1,0,0
1419739776617902843,293,Entire home/apt,12,3,6,3,0,4.661824136669264,78741,Apartment/Condo,1,1.0833333333333333,2,28,0,1,1,0,1,1,1,1,0,1,0,1
1612594684284841105,67.33,Private room,2,1,2,1,0,1.6596023160881948,78705,Apartment/Condo,1,3.4166666666666665,5,24,0,1,0,0,1,1,0,1,0,0,0,1
1145972624684546221,1255.5,Entire home/apt,12,3,6,3,0,19.362393139541176,Other,House,1,3.75,1,14,0,1,0,1,1,1,0,1,0,1,1,1
1597304705562224814,462.5,Entire home/apt,4,1,1,1,0,0.7275658595561056,78701,Apartment/Condo,0,0.4166666666666667,2,1,0,1,1,0,1,0,1,1,0,0,1,1
885551494547107839,268.5,Entire home/apt,10,4,5,2.5,0,21.275532447297152,78734,House,1,9.583333333333334,2,30,0,2,0,0,1,1,0,1,0,1,1,0
916018436666385767,205,Entire home/apt,4,1,2,1,0,2.0168739994659255,78701,Apartment/Condo,1,4.333333333333333,7,116,0,1,1,0,1,0,1,1,1,1,0,1
1147206361499360100,248,Hotel/shared room,2,1,1,1,0,26.113937906418407,78734,Hotel-like,0,3.1666666666666665,48,0,0,1,1,0,1,0,1,0,0,1,1,1
53314716,396.5,Entire home/apt,10,4,5,3.5,0,7.571717687026663,78745,House,1,5.666666666666667,7,16,0,2,1,0,1,1,0,1,0,1,0,1
49532236,116.74000000000001,Entire home/apt,2,1,1,1,0,2.9952695343037514,78702,Guesthouse/Guest suite,1,5.083333333333333,1,8,0,3,0,0,1,1,0,1,0,0,0,1
1420898157203545498,175.73999999999998,Entire home/apt,2,1,1,1,0,15.249664953203279,78753,Apartment/Condo,1,1.3333333333333333,25,11,0,1,1,0,1,1,1,1,0,1,0,1
734779079613475834,314,Entire home/apt,6,3,4,1,0,2.99537309362762,78704,House,0,9.25,47,8,0,2,0,0,1,1,0,1,0,1,1,1
772642624449841123,152.5,Entire home/apt,2,1,1,1,0,2.403545592761518,78705,Apartment/Condo,1,12.916666666666666,3,16,0,2,0,0,1,1,0,1,0,0,0,1
1369110255098185506,573,Entire home/apt,4,2,2,1.5,0,14.323735103092256,Other,House,1,2.5,3,11,0,1,0,1,1,1,0,1,0,1,1,1
44890086,459,Entire home/apt,10,4,5,4,0,2.1956352957729575,78702,House,0,5.833333333333333,2,18,0,1,0,0,1,1,0,0,0,0,0,1
5421249,302.67,Entire home/apt,10,3,3,2,0,6.8684914775679164,78741,House,0,11.333333333333334,1,1,0,3,0,0,1,1,0,0,0,0,0,1
1432068447430160710,338.5,Entire home/apt,14,4,6,2.5,0,6.463219251409241,78741,House,1,6.75,5,3,0,2,0,0,1,1,0,1,0,1,0,1
1684302623574250891,740,Entire home/apt,8,4,4,2.5,0,7.733608736503114,78752,House,0,0.8333333333333334,7,3,0,1,1,0,1,1,0,1,0,0,1,0
858623562052793174,40.52,Entire home/apt,2,1,1,1,0,7.690388589712707,78745,Guesthouse/Guest suite,1,7.583333333333333,2,45,0,1,0,0,1,1,0,0,0,1,0,0
22716452,227.1,Entire home/apt,4,2,2,1,0,6.610091157147302,78746,House,1,9.583333333333334,2,16,0,2,0,0,1,1,0,1,0,1,1,1
1688847326506915000,194,Entire home/apt,8,3,3,2,0,18.954913335673822,Other,House,0,5,1,0,1,1,0,0,1,1,0,1,0,1,1,0
329172,610.6700000000001,Entire home/apt,6,3,3,2,0,7.107053882064731,78746,House,0,14.333333333333334,1,0,0,3,1,0,1,1,0,1,0,0,0,0
681608501612457376,379.5,Entire home/apt,6,2,3,2,0,0.7542600020707663,78701,Apartment/Condo,1,4.333333333333333,28,2,0,2,1,0,1,0,1,1,0,1,0,1
28898451,176.03,Entire home/apt,4,1,2,1,0,2.2238877530718413,78702,Apartment/Condo,1,7.666666666666667,2,11,0,1,0,0,1,0,1,0,1,1,0,1
1090133931493054678,167.8,Entire home/apt,4,1,3,1,0,13.36979932893129,Other,Apartment/Condo,0,4,38,26,0,1,1,0,1,1,1,1,0,1,1,1
880630678586529198,1793,Entire home/apt,10,4,6,3,0,2.311339765149868,78704,House,1,8.833333333333334,10,17,0,1,1,0,1,1,1,1,0,1,1,0
1518880070439010266,524.5,Entire home/apt,12,4,8,2,0,7.7951998252870585,78745,House,1,0.6666666666666666,1,33,0,1,1,1,1,1,0,1,0,1,0,1
42255810,391,Entire home/apt,7,2,3,2,0,8.113169754084455,78745,House,0,2.25,1,12,0,1,1,0,1,1,0,1,0,0,0,1
1372595255080710518,218,Entire home/apt,5,2,2,1.5,0,7.970923575214041,78752,House,1,10.083333333333334,2,10,0,3,0,0,1,1,0,1,0,1,1,1
34220164,200,Entire home/apt,5,2,2,1.5,0,0.9644124445672746,78701,Apartment/Condo,0,7.833333333333333,2,12,0,2,0,0,1,1,0,1,0,0,1,1
1490701628151642259,202.68,Entire home/apt,6,3,3,2,0,15.911104392451055,78758,House,1,1.6666666666666665,5,20,0,2,0,0,1,1,0,1,0,1,1,1
1700998619280678166,211,Entire home/apt,4,2,2,2.5,0,6.24531196908053,78723,House,0,0.8333333333333334,7,2,0,2,0,0,1,1,0,1,0,0,1,1
1566349075224783760,296.71,Entire home/apt,8,3,4,3,0,3.9119351487176375,78702,House,1,0.5,1,33,0,1,1,0,1,1,0,1,0,1,1,1
962301539764360743,239,Entire home/apt,4,1,2,1,0,3.2038306846012476,78704,House,1,12.583333333333334,2,34,0,1,0,0,1,1,0,1,0,1,1,1
1328979920090298135,174,Entire home/apt,6,2,2,1,0,5.751395523542022,78723,Apartment/Condo,1,1.8333333333333335,36,6,0,1,0,0,1,1,0,1,0,1,0,1
1592207566110915006,349.96,Entire home/apt,10,3,6,2,0,13.028807132408755,78758,House,0,1.25,2,3,0,3,1,1,1,1,0,1,0,0,1,1
4076557,197,Entire home/apt,6,3,3,1,0,6.7843979919524,78745,House,1,11.666666666666666,1,13,0,2,0,0,1,1,0,1,0,0,0,1
13571814,143.03,Entire home/apt,4,1,1,1,0,4.560710828442698,78704,Apartment/Condo,0,10.75,9,13,0,2,0,0,1,1,0,1,0,1,0,1
22561297,129,Entire home/apt,3,2,3,1,0,21.208366715878572,78734,Guesthouse/Guest suite,1,10.083333333333334,3,24,0,1,0,0,1,1,0,0,0,1,0,1
1639592329182639937,422.5,Private room,4,1,2,1,0,0.7512264079849117,78701,Hotel-like,1,1.1666666666666667,4,0,1,2,1,1,1,0,0,1,0,1,0,1
1174085497496274908,339.8,Private room,2,1,1,1,0,1.7486426253933562,78701,Hotel-like,1,2,4,2,0,1,1,0,1,0,0,0,0,1,1,0
1662712226332830571,273.88,Entire home/apt,4,1,1,1,0,3.103345135745032,78703,Guesthouse/Guest suite,0,0.16666666666666666,1,1,0,1,0,0,1,1,0,1,0,1,0,0
1655175787136827158,81.82,Private room,2,1,1,2.5,0,17.203801527055163,Other,House,1,2.5833333333333335,5,0,1,2,0,0,1,1,0,1,0,1,0,0
1364711834262946762,195,Entire home/apt,4,2,2,1,0,1.8838258828862677,78703,House,0,1.6666666666666665,2,31,0,1,0,0,1,1,0,1,0,0,0,1
1507609250285147702,1292.5,Entire home/apt,14,5,6,3,0,6.769113687946835,78723,House,1,1.25,3,57,0,1,1,1,1,1,0,1,0,0,1,1
1558681328999852449,80,Private room,1,1,1,1,0,17.280764418136044,Other,House,0,14,1,0,1,4,0,0,1,0,0,1,0,0,0,0
1256838548933408653,1596,Entire home/apt,14,6,9,4.5,0,8.630538321745451,78757,House,1,7.333333333333333,4,11,0,2,1,0,1,1,0,1,0,0,1,0
49077419,669.5,Entire home/apt,16,5,11,2,0,9.921272341390193,78744,House,0,7.666666666666667,1,12,0,2,0,0,1,1,0,1,0,1,1,1
37008818,105.09,Entire home/apt,4,1,1,2,0,3.8793900071289618,78704,Apartment/Condo,0,6.833333333333333,1,1,0,5,1,0,1,1,0,1,0,1,1,1
2223634,251,Entire home/apt,4,2,2,1.5,0,3.3074951773126045,78704,House,1,15.416666666666666,6,20,0,1,0,0,1,1,0,1,0,1,1,1
1253777950634572592,268.32,Entire home/apt,8,3,4,2.5,0,5.257324170399083,78721,House,1,3.5,1,13,0,1,0,0,1,1,0,1,0,0,0,1
1136468418116645855,359.46999999999997,Entire home/apt,4,1,1,1,0,1.8999851537410735,78701,Apartment/Condo,0,1.6666666666666665,1,0,1,1,1,1,1,1,0,1,0,1,1,0
36633198,468,Entire home/apt,6,4,3,2.5,0,3.546824455212323,78704,House,0,13.25,2,0,0,3,0,0,1,1,0,1,0,1,0,1
1464620190298359998,200,Entire home/apt,3,1,1,1,0,14.896733491429552,78744,Guesthouse/Guest suite,1,7.25,3,30,0,1,0,0,1,1,0,1,0,1,1,1
906065157270891179,1084.5,Entire home/apt,5,4,4,2.5,0,14.978317925726113,78724,House,0,3.9166666666666665,5,0,0,2,0,1,1,1,0,1,0,1,0,0
1264353317475921269,181,Entire home/apt,3,1,2,1,0,24.047412488881562,78734,House,1,3.9166666666666665,3,31,0,2,1,1,1,1,1,0,0,0,0,1
809349061918913385,145,Entire home/apt,4,1,2,1,0,2.121777717221652,78704,Apartment/Condo,0,0.16666666666666666,15,21,0,1,1,0,1,1,0,1,0,1,0,1
1201690124598430253,159.76,Entire home/apt,6,2,3,1,0,8.80996159411105,78745,House,0,1.9166666666666665,1,8,0,3,0,0,1,1,0,1,0,0,0,1
731072315992112148,278,Entire home/apt,4,1,2,1,0,2.029573029055548,78701,Apartment/Condo,0,10.5,9,27,0,1,1,0,1,0,1,1,1,1,1,1
41952467,710.6700000000001,Private room,6,2,3,2,0,0.6363269921093401,78701,Hotel-like,0,8.833333333333334,2,0,0,3,1,0,1,0,1,1,0,0,0,1
1441392165676300776,416.33,Private room,6,2,3,2,0,0.8842945231250946,78701,Hotel-like,0,3,60,0,1,3,1,0,1,0,1,1,0,0,0,0
1220901315214510438,191,Entire home/apt,6,2,2,2,0,4.43097465307017,78704,Apartment/Condo,0,3.9166666666666665,26,28,0,1,0,0,1,1,1,1,0,1,0,1
841312017464841126,342.5,Entire home/apt,8,3,3,3,0,13.91143220403262,78744,House,0,0.6666666666666666,1,1,0,2,0,0,1,1,0,1,1,1,1,1
1192240182330047762,144,Entire home/apt,6,2,4,2,0,13.399917521969362,Other,Apartment/Condo,0,4,38,35,0,1,1,0,1,1,1,1,0,1,1,1
48663524,200,Entire home/apt,10,4,4,3,0,21.53102831695522,78734,House,1,9.583333333333334,2,41,0,1,0,0,1,1,0,1,0,0,1,1
1490717972857276765,182,Entire home/apt,4,1,2,1,0,4.344796354013559,78751,Apartment/Condo,1,0.4166666666666667,3,19,0,1,1,0,1,1,0,0,0,1,1,1
1401538368576083539,370.67,Private room,4,1,2,1,0,0.8292814492275474,78701,Hotel-like,0,3,60,0,1,3,1,0,1,1,1,1,0,0,0,0
934990042170037687,308,Entire home/apt,8,3,5,2,0,14.067869806269883,Other,House,1,2.9166666666666665,2,29,0,1,0,0,1,1,0,1,0,1,1,1
573197526424591853,247.5,Entire home/apt,5,2,2,1.5,0,1.6438744471287947,78703,Apartment/Condo,0,4.5,3,9,0,2,0,0,1,1,0,1,0,1,0,1
1315235232691580390,219.67,Entire home/apt,4,2,2,2,0,4.673754935368137,78704,Apartment/Condo,0,1.5,1,7,0,2,0,0,1,1,1,1,0,1,1,1
1097201394434670744,192,Entire home/apt,2,1,1,1,0,5.912653900304944,Other,Guesthouse/Guest suite,0,2.3333333333333335,1,6,0,1,0,0,1,1,0,0,0,0,0,1
1138413316546336952,121,Entire home/apt,2,1,1,1,0,1.2802573250821083,78701,Hotel-like,0,2.0833333333333335,42,2,0,1,1,0,1,0,0,0,0,0,1,1
21224597,257,Entire home/apt,2,1,1,1,0,2.4752658642516225,78703,House,0,8.666666666666666,1,0,0,2,0,0,1,1,0,1,0,0,0,1
1597375546392168592,216,Entire home/apt,4,1,2,1,0,5.814131142402317,78704,Apartment/Condo,1,4.5,178,0,1,1,1,0,1,0,0,1,0,0,1,1
1508036137124206290,542.5,Entire home/apt,8,3,5,2,0,9.372250388576454,78744,House,0,0.75,1,3,0,2,1,0,1,1,0,1,0,0,0,1
944845844797113255,574,Entire home/apt,16,5,12,3,0,26.258317378748064,78737,House,1,7.166666666666667,23,29,0,2,1,0,1,1,0,1,0,0,1,1
1308794760140978311,296.45,Entire home/apt,9,3,7,3.5,0,10.655326014513413,78745,House,1,1.5,3,7,0,1,0,0,1,1,0,1,0,1,1,1
854345884562823154,233,Private room,2,1,1,1,0,0.6465404865493488,78701,Hotel-like,0,3.25,92,0,1,1,1,0,1,0,1,0,0,1,1,1
1276064225322302764,183,Entire home/apt,8,3,3,2,0,11.890728277869696,78758,House,0,3.25,1,23,0,2,0,0,1,1,0,1,0,1,0,1
650635293502406464,153.01,Entire home/apt,6,2,2,1,0,1.6711396264694043,78702,House,1,9.75,3,35,0,3,0,0,1,1,0,1,0,1,1,1
32125293,128.95000000000002,Entire home/apt,2,1,1,1,0,16.638519311016548,Other,Guesthouse/Guest suite,0,10.666666666666666,2,33,0,1,0,0,1,1,0,0,0,1,0,1
660395971453922427,755.5,Entire home/apt,16,10,16,5,0,3.801296935961023,78702,House,1,6.666666666666667,14,6,0,2,1,1,1,1,0,1,0,1,1,1
1088699893177278083,94,Private room,2,1,1,1,0,8.189852208596399,78753,House,1,8.583333333333334,2,3,0,2,0,0,1,1,0,1,0,0,0,0
54221580,219.2,Private room,4,3,12,2.5,0,14.620857258048925,Other,House,1,4.333333333333333,1,0,0,5,0,1,1,1,0,1,0,1,1,0
1552985827030987339,93.41000000000001,Entire home/apt,2,2,2,2,0,13.141371865811248,Other,Apartment/Condo,0,8.5,1,0,1,6,1,0,1,1,0,1,0,1,0,0
670341538947144448,373,Entire home/apt,2,1,1,1,0,3.535142193809004,78704,Guesthouse/Guest suite,1,9.333333333333334,1,39,0,3,1,1,1,1,0,0,0,1,0,1
51859129,300.5,Entire home/apt,12,4,6,2,0,3.251255308318519,78704,House,1,4.833333333333333,2,16,0,2,1,0,1,1,0,1,0,1,0,1
53511394,127.35,Entire home/apt,6,2,5,1,0,6.267988466142066,78741,Apartment/Condo,1,3.3333333333333335,8,20,0,2,0,0,1,1,0,1,0,1,1,1
1477573480202888514,318.5,Private room,4,1,2,1,0,0.7559543718669878,78701,Hotel-like,0,2.25,7,2,0,2,1,0,1,0,0,1,0,0,0,1
988981411608995254,392,Entire home/apt,6,2,3,2,0,0.5898087846023603,78701,Apartment/Condo,1,2.75,26,0,1,1,1,0,1,0,1,1,0,0,0,1
1415354237385963356,74.86999999999999,Entire home/apt,4,2,2,1,0,7.020916062808977,78723,Apartment/Condo,0,1.5833333333333335,4,15,0,4,0,0,1,1,0,1,0,1,0,0
919900024798552575,685,Entire home/apt,15,4,9,2,0,11.710965111778185,Other,House,1,2.9166666666666665,1,24,0,2,1,1,1,1,0,1,0,1,0,1
184853,104.76,Entire home/apt,4,2,2,1.5,0,4.887367957768793,78704,House,1,15.166666666666666,2,3,0,1,0,0,1,1,0,1,0,0,1,1
1211503720026763584,231.5,Entire home/apt,4,2,2,2.5,0,7.4387579103201045,78752,House,1,1.8333333333333335,1,22,0,2,0,0,1,1,0,1,0,1,1,1
1674156712189446813,390,Entire home/apt,6,3,4,3,0,3.1423327240604246,78704,House,1,15.416666666666666,6,4,0,2,0,0,1,1,0,1,0,1,0,1
975346961114759374,117,Private room,4,1,2,1,0,7.982164423610465,78752,Hotel-like,0,3.25,92,5,0,1,1,0,1,1,1,0,0,1,1,1
23019704,230,Entire home/apt,3,3,1,2,0,6.268127454769865,78723,House,1,15.25,2,1,0,2,0,0,1,1,0,1,0,0,0,1
49831627,211,Entire home/apt,4,1,3,1,0,3.2802355942552177,78704,House,0,9.25,47,15,0,2,0,0,1,1,0,1,0,1,0,1
49050590,173.46,Entire home/apt,7,3,3,2,0,15.48877025314524,Other,House,1,5.166666666666667,1,4,0,5,0,0,1,1,0,1,1,1,1,1
1602298020786842333,252.8,Entire home/apt,4,2,2,2,0,5.814131142402317,78704,Apartment/Condo,1,4.5,178,0,1,1,1,0,1,0,0,1,0,0,1,1
1629268208973356374,241.5,Entire home/apt,6,3,3,2.5,0,5.270356775169008,78704,House,1,10.416666666666666,23,6,0,2,0,0,1,1,0,1,0,1,1,1
15395312,316.28999999999996,Entire home/apt,6,3,4,2.5,0,12.28935823202435,78744,House,1,11.25,3,0,0,7,0,0,1,1,0,1,0,1,0,1
1151379535175193483,231,Entire home/apt,4,1,2,1,0,3.6583544976993125,78704,Apartment/Condo,0,1.75,1,39,0,1,0,0,1,1,0,1,0,0,0,1
10254489,129.33,Entire home/apt,4,2,2,1,0,4.508515201950581,78751,House,1,15.083333333333334,10,5,0,3,0,0,1,1,0,1,0,0,0,1
620843955608092612,160,Entire home/apt,1,1,1,1,0,17.783094484730995,Other,Apartment/Condo,0,4.166666666666667,3,0,0,1,1,0,1,1,0,1,0,1,0,0
5456,134.5,Entire home/apt,3,1,2,1,0,1.673184167085926,78702,Guesthouse/Guest suite,1,15.416666666666666,1,12,0,2,0,0,1,0,0,0,0,0,0,1
1604449053741735810,314,Entire home/apt,6,2,3,1,0,0.9291210708977347,78701,Apartment/Condo,0,9.333333333333334,47,7,0,1,0,0,1,0,0,0,0,1,0,0
1673475934884380308,528,Entire home/apt,10,4,4,3,0,2.5114555701896037,78702,House,0,5.166666666666667,23,1,0,1,0,0,1,1,0,1,0,1,0,0
1640194258061143938,542.4,Entire home/apt,14,5,5,5,0,4.665017190827793,78704,House,1,4.5,178,0,1,1,1,0,1,0,0,1,0,0,1,1
1669592677691796779,1143.6699999999998,Hotel/shared room,2,1,1,1,0,1.9756706334360723,78704,Hotel-like,0,0.16666666666666666,47,0,1,1,1,0,1,0,1,0,1,1,1,1
1608358133690095633,268,Entire home/apt,5,2,2,2,0,4.757012677162755,78721,House,0,0.3333333333333333,2,7,0,2,0,0,1,1,1,1,0,1,0,1
1437305387683526204,146.67,Entire home/apt,3,1,2,1,0,5.890616301996002,78704,Apartment/Condo,0,9.333333333333334,47,26,0,3,0,0,1,1,0,1,0,0,0,1
1398658564375933944,246,Entire home/apt,4,2,2,2.5,0,6.141676913361991,78721,House,0,1.0833333333333333,1,6,0,1,0,0,1,1,0,1,0,1,0,1
867746411344715329,536.3499999999999,Entire home/apt,8,3,3,2.5,0,5.736984800178178,78721,House,1,7.75,7,39,0,1,0,0,1,1,1,1,0,1,0,1
1523335044581632916,184,Entire home/apt,2,1,1,1,0,15.365074852399683,78753,Apartment/Condo,1,1.3333333333333333,25,8,0,1,1,0,1,1,1,1,0,1,0,1
797974471031565193,477.5,Entire home/apt,4,1,2,1,0,0.6867336526753403,78701,Apartment/Condo,0,7.333333333333333,1,0,0,2,1,0,1,0,1,1,0,0,0,1
1493619989121109267,1826,Entire home/apt,16,6,8,5.5,0,2.901548226850121,78704,House,1,11.083333333333334,9,12,0,1,1,0,1,1,0,1,0,1,1,1
729140901088870113,313.5,Entire home/apt,8,3,4,2,0,5.020270323804383,78751,House,1,3.6666666666666665,1,6,0,2,0,0,1,1,0,1,0,1,1,1
1695449702440283751,400,Entire home/apt,15,5,4,3.5,0,8.950905535656057,78744,House,0,1.75,2,0,1,1,1,0,1,1,0,1,0,0,0,1
1327631273985206853,114,Private room,6,1,1,1,0,19.537921742341616,78729,Hotel-like,1,1.5,5,22,0,1,1,0,1,1,0,0,0,0,0,1
1616060420117554528,158.06,Entire home/apt,4,1,2,1,0,1.8963666677843216,78705,Apartment/Condo,1,0.3333333333333333,2,22,0,1,0,0,1,0,0,1,0,1,1,1
51169191,136.18,Entire home/apt,4,2,2,1,0,16.373132578034834,78737,House,1,11.666666666666666,4,49,0,2,0,0,1,1,0,1,0,1,1,1
1470522334334556464,298.67,Entire home/apt,2,1,1,1,0,3.878704144840307,78704,Guesthouse/Guest suite,0,15.333333333333334,4,0,1,3,0,0,1,0,0,0,0,1,0,0
48759122,297,Entire home/apt,2,1,1,1,0,5.631952454308153,78721,Unique/other,1,4.833333333333333,1,15,0,1,0,0,1,1,0,0,0,1,0,1
40891290,47,Hotel/shared room,1,1,1,1,1,0.6363404620269698,78701,Hotel-like,0,6.583333333333333,10,80,0,1,0,0,1,0,0,1,0,0,0,0
782612897719196397,306.5,Entire home/apt,6,2,3,2,0,1.9398765983765722,78701,Apartment/Condo,1,4,87,26,0,1,1,0,1,0,1,1,1,1,1,0
12582089,371,Entire home/apt,6,3,3,2,0,5.816682302159216,78723,House,0,6.916666666666667,1,1,0,2,0,0,1,1,0,1,0,1,1,1
1698921051250634198,134,Entire home/apt,3,2,2,1,0,5.012633948906936,78723,Apartment/Condo,0,10.25,1,3,0,1,0,0,1,1,0,1,0,0,1,1
1270139225068079799,799,Entire home/apt,3,1,1,1,0,13.23668787269497,78744,Apartment/Condo,0,1.6666666666666665,2,0,1,1,1,0,1,1,0,0,0,0,0,1
1447028908849297441,347,Entire home/apt,6,3,3,2,0,17.06729957033311,Other,House,1,11.083333333333334,23,38,0,1,0,0,1,1,0,1,0,1,1,1
1398480740765261394,1072.75,Entire home/apt,8,4,5,5,0,10.358005040245597,78746,House,0,1.1666666666666667,1,0,1,4,1,0,1,1,1,1,0,1,0,0
739167567166314458,435,Entire home/apt,8,4,4,2,0,13.483209748774295,78753,House,0,3.6666666666666665,3,27,0,1,0,0,1,1,0,1,0,1,1,1
1182641937514024325,176.10999999999999,Hotel/shared room,4,1,2,1,0,1.0901504103393052,78705,Hotel-like,0,3.1666666666666665,48,0,1,1,1,0,1,0,1,0,0,1,1,1
1619959441218882792,157.5,Entire home/apt,6,1,1,1,0,4.4450582281411055,78751,Apartment/Condo,0,0.3333333333333333,1,5,0,1,0,0,1,1,0,1,0,1,1,1
860138863116299478,324,Entire home/apt,4,1,2,1,0,1.2631223832846175,78703,Guesthouse/Guest suite,0,2.9166666666666665,1,9,0,2,0,0,1,1,0,1,1,1,1,1
982576074233196335,605,Entire home/apt,4,2,3,1,0,2.6817002185259806,78704,Guesthouse/Guest suite,0,3.6666666666666665,1,14,0,2,0,0,1,1,0,1,0,0,0,1
1598070753666816636,216,Entire home/apt,4,1,2,1,0,5.814131142402317,78704,Apartment/Condo,1,4.5,178,0,1,1,1,0,1,0,0,1,0,0,1,1
1550943236554736510,131,Entire home/apt,2,1,2,1,0,7.6578156967628965,78723,Apartment/Condo,0,6.833333333333333,43,32,0,1,1,0,1,1,1,1,0,1,0,1
865385067735720030,103,Entire home/apt,3,1,1,1,0,9.265040865194635,78753,Guesthouse/Guest suite,0,6.583333333333333,2,24,0,1,0,0,1,0,0,0,0,0,1,1
663910187987815591,283,Entire home/apt,6,2,3,2.5,0,20.31277026717141,78729,Apartment/Condo,1,1.8333333333333335,36,10,0,1,0,0,1,1,0,1,0,1,0,1
31014454,405,Private room,4,1,1,1,0,13.899683149570523,Other,Hotel-like,0,7.583333333333333,8,0,0,1,1,0,1,1,0,0,0,1,0,0
1510971031179710905,185,Entire home/apt,2,1,1,1,0,5.788384753013249,78704,Apartment/Condo,0,0.16666666666666666,1,2,0,1,1,0,1,1,0,1,0,0,0,1
1632781764494003279,436,Entire home/apt,11,3,6,2,0,7.043007305378893,78745,House,1,9.916666666666666,2,1,0,2,0,1,1,1,0,1,0,0,1,1
634768217847813866,428,Entire home/apt,6,3,3,2,0,11.196875725260906,78745,House,1,4,1,16,0,2,1,0,1,1,0,1,0,1,0,1
34143842,137,Entire home/apt,2,1,1,1,0,5.727305103035397,78723,Guesthouse/Guest suite,1,7.083333333333333,1,9,0,2,0,0,1,1,0,1,0,1,0,1
1247461064943361048,386.18,Entire home/apt,7,3,3,3.5,0,4.7794301645481765,78721,House,1,1.75,1,16,0,2,0,0,1,1,0,1,0,1,1,1
2855422,220,Entire home/apt,2,1,1,1,0,1.4927156884604118,78703,House,1,12.916666666666666,2,6,0,2,0,0,1,1,0,0,0,1,0,1
15422675,98.5,Entire home/apt,1,1,2,1,0,3.5475194834338297,78703,Unique/other,0,11,1,2,0,4,0,0,1,1,0,0,0,1,0,0
1675052722444229274,725,Entire home/apt,16,6,11,4,0,2.628921955556769,78702,House,1,13.583333333333334,7,0,1,1,1,1,1,1,0,1,0,1,1,0
43595691,164.6,Entire home/apt,5,2,2,1,0,11.898493409964079,Other,House,0,7.416666666666667,4,6,0,5,0,0,1,1,0,1,0,1,1,1
1431111887857066089,126,Entire home/apt,2,1,1,1,0,2.583138514780341,78705,Apartment/Condo,0,9.916666666666666,3,3,0,2,0,0,1,0,0,0,0,1,0,0
1045741714680312363,913,Entire home/apt,16,8,8,6,0,3.3910836770310593,78704,House,0,12.5,3,3,0,3,0,0,1,1,0,1,0,1,1,1
1643169630085426641,83,Entire home/apt,3,1,2,1,0,12.36596711629035,Other,Apartment/Condo,0,7.333333333333333,5,0,1,5,0,0,1,1,0,1,0,0,0,0
671631637889803198,579,Entire home/apt,8,3,3,3,0,2.187346386355477,78702,House,1,7.25,31,32,0,1,0,0,1,1,0,1,0,1,0,1
1238342168521945636,156,Private room,2,1,1,1,0,0.517788754434081,78701,Hotel-like,1,1.75,1,168,0,1,0,0,1,0,1,0,0,0,0,1
1375748366271664534,428.5,Entire home/apt,12,4,9,2,0,15.734965950739884,Other,House,1,2.4166666666666665,3,33,0,2,1,0,1,1,0,1,0,1,1,1
11112402,142,Entire home/apt,2,1,3,1,0,9.201588313758522,78745,Guesthouse/Guest suite,1,10.333333333333334,1,25,0,2,0,0,1,1,0,0,0,0,0,1
894950434348142244,670.5,Entire home/apt,8,4,4,4,0,15.372709246613361,Other,House,0,15.333333333333334,2,0,1,2,1,0,1,1,0,1,0,1,1,0
1167561134930016728,1212.5,Entire home/apt,12,5,5,4,0,3.628262623049724,78704,House,1,4.666666666666667,13,1,0,2,0,0,1,1,0,1,0,1,1,1
923401895826268152,239.06,Entire home/apt,2,1,1,1.5,0,2.1011117326273867,78702,House,1,12.583333333333334,4,25,0,1,0,0,1,1,0,1,0,1,1,1
854345788191857434,233,Private room,2,1,1,1,0,0.6465404865493488,78701,Hotel-like,0,3.25,92,21,0,1,1,0,1,0,1,0,0,1,1,1
1189772656083323046,288,Entire home/apt,8,3,5,2,0,11.86161399879956,Other,House,0,1.9166666666666665,1,1,0,1,0,0,1,1,0,1,1,1,1,0
814513361943510175,208.84,Entire home/apt,6,2,3,1,0,7.176219335442694,78745,House,0,11.833333333333334,4,22,0,1,0,0,1,1,0,1,0,1,1,1
615031912891206492,188.29,Entire home/apt,2,1,1,1,0,4.346240024796102,78721,Guesthouse/Guest suite,1,14.333333333333334,9,49,0,1,0,0,1,1,0,1,0,1,0,1
1305061937445437006,142,Entire home/apt,2,1,1,1,0,3.371713655539457,78703,Apartment/Condo,1,10.416666666666666,23,43,0,1,0,0,1,1,0,0,0,1,0,1
48385960,274,Entire home/apt,4,2,2,1,0,4.083125898574189,78704,House,1,4.333333333333333,1,12,0,2,0,0,1,1,0,1,0,1,1,1
1614504421204142857,78,Private room,1,1,1,1,0,5.42038055119967,78704,Apartment/Condo,0,0.3333333333333333,1,1,0,3,0,0,1,1,0,0,0,1,0,0
844261608117114532,380.67,Entire home/apt,6,2,2,2,0,0.9292061718247799,78701,Apartment/Condo,0,12.416666666666666,1,10,0,3,0,0,1,1,0,1,0,1,1,1
1223190799249596949,179.9,Entire home/apt,6,2,4,2,0,13.20005830356467,Other,Apartment/Condo,0,4,38,14,0,1,1,0,1,1,1,1,0,1,1,1
1676304040008452917,1624.71,Entire home/apt,12,6,7,5,0,6.498503681831929,78746,House,1,12.083333333333334,23,0,1,2,1,0,1,1,0,1,0,1,0,0
10042925,170.5,Entire home/apt,8,4,4,2,0,25.757353984677298,Other,House,1,10.5,1,51,0,2,0,0,1,1,0,1,0,1,1,1
1261726825847923256,260.19,Entire home/apt,4,2,2,1,0,7.223997442761269,78745,House,1,5.166666666666667,2,6,0,1,1,0,1,1,0,1,0,1,1,1
46427250,158.62,Entire home/apt,2,1,1,1,0,6.020877719552579,Other,House,1,5.583333333333333,1,27,0,1,0,0,1,1,0,1,0,0,0,1
1668086586481664693,114,Hotel/shared room,4,1,2,1,0,7.593452216345624,78741,Hotel-like,0,0.8333333333333334,6,0,1,1,0,0,1,0,0,1,0,1,0,0
38153497,329.87,Entire home/apt,10,5,7,3,0,9.193847668270685,78745,House,1,6.5,1,72,0,1,0,0,1,1,0,1,0,1,1,1
1346279135966461134,178.91,Entire home/apt,3,1,2,1,0,20.85848610198599,Other,Apartment/Condo,0,1.3333333333333333,10,6,0,1,1,0,1,1,1,0,0,1,1,1
1438543480538602213,214.5,Entire home/apt,4,2,2,2,0,20.510926353988634,Other,House,1,2.25,8,12,0,2,0,0,1,1,0,1,0,1,0,0
1660317303000784356,272,Entire home/apt,4,2,2,2,0,4.665017190827793,78704,Apartment/Condo,1,4.5,178,0,1,1,1,0,1,0,0,1,0,0,1,0
992177433453614816,257,Entire home/apt,3,1,2,1,0,1.7198576630361193,78703,Apartment/Condo,0,4.25,3,1,0,1,0,0,1,1,0,1,0,1,1,1
1229944358240430136,206,Entire home/apt,4,2,2,2,0,7.337932419467146,78723,House,0,3.75,31,38,0,1,0,0,1,1,0,1,0,1,0,1
554363903393865817,209.29,Entire home/apt,5,2,3,2.5,0,3.821849947156509,78741,House,0,4.083333333333333,1,9,0,1,0,0,1,1,0,1,0,1,0,1
1608994,139.6,Entire home/apt,4,2,2,1,0,3.355798647330154,78751,Guesthouse/Guest suite,1,15.083333333333334,10,9,0,3,0,0,1,1,0,1,0,1,0,1
1518375589315193830,194,Entire home/apt,3,1,2,1,0,14.260340748083856,78758,Apartment/Condo,1,0.6666666666666666,1,33,0,2,1,0,1,1,1,1,0,1,0,0
54304624,576,Entire home/apt,4,2,2,2,0,1.8168782219727388,78703,House,0,3.75,1,1,0,2,0,0,1,1,0,1,0,0,0,1
1403038373124846103,171,Entire home/apt,3,1,2,1,0,3.0244074263931235,78704,Apartment/Condo,1,1.25,1,84,0,1,0,0,1,1,0,1,0,1,1,1
1338829695520403110,227.5,Entire home/apt,2,1,1,1,0,2.1925972725187,78704,Apartment/Condo,0,5.583333333333333,10,6,0,1,1,0,1,1,1,1,0,1,1,1
1288637195018342995,165,Entire home/apt,3,1,1,1,0,5.629313830222243,78721,Apartment/Condo,0,1.0833333333333333,23,11,0,1,0,0,1,1,0,1,0,1,0,1
52895921,499.5,Entire home/apt,16,4,10,3.5,0,2.9161525864271893,78702,House,1,11.333333333333334,5,30,0,2,0,0,1,1,0,1,0,1,0,1
1596031382848583883,80,Private room,2,1,1,1,0,11.164634198235852,78745,House,0,4.333333333333333,2,0,1,1,0,0,1,1,0,1,0,1,1,1
707290099217846098,231,Entire home/apt,4,2,2,1,0,2.024556359579252,78702,Apartment/Condo,0,5.333333333333333,3,113,0,1,0,0,1,0,1,1,0,1,1,1
1664071048077941250,473.5,Entire home/apt,10,4,5,2.5,0,3.809148548297115,78704,House,1,4.5,178,0,1,2,0,0,1,1,0,1,0,0,0,1
782614797450675482,202,Entire home/apt,4,1,2,1,0,2.069749614274229,78701,Apartment/Condo,1,4,87,19,0,2,1,0,1,0,1,1,1,1,1,0
1642566879897076957,356,Private room,2,1,1,1,0,1.8145044403268689,78701,Hotel-like,0,1.8333333333333335,8,0,1,1,1,0,1,0,0,1,0,1,1,0
1511898073841850077,315,Entire home/apt,4,2,2,2,0,6.22079491049607,78721,House,1,0.75,3,29,0,2,1,1,1,1,0,1,0,0,1,1
685378113848318689,314.53,Entire home/apt,4,1,2,1,0,2.0349013485844387,78701,Apartment/Condo,1,6.416666666666667,1,8,0,1,1,0,1,0,1,1,1,1,0,0
746317,188.5,Entire home/apt,5,2,4,1.5,0,3.3446889636557557,78704,House,0,14.25,9,12,0,3,0,0,1,1,0,1,0,1,1,1
927544677272429698,158.5,Entire home/apt,2,1,1,1,0,4.045710060202615,Other,Guesthouse/Guest suite,0,2.6666666666666665,1,14,0,2,0,0,1,1,0,0,0,0,0,1
1595094588803537748,158.4,Entire home/apt,4,2,2,2,0,5.814131142402317,78704,Apartment/Condo,1,4.5,178,0,1,1,1,0,1,0,0,1,0,0,1,1
49852948,1255.5,Entire home/apt,6,3,3,1,0,2.3359606805733946,78705,House,0,1.6666666666666665,1,0,1,2,0,0,1,0,0,1,0,1,0,0
1060876574302629587,141,Entire home/apt,2,1,1,1,0,5.892165532540886,78704,Apartment/Condo,0,3.9166666666666665,16,13,0,1,1,0,1,1,1,0,0,1,1,1
1020316574412206544,468,Entire home/apt,6,3,4,2,0,6.107244381947723,78746,House,1,2.5,1,16,0,2,0,0,1,1,0,1,0,1,1,1
1242783588955855074,394,Entire home/apt,10,3,4,2,0,1.6833283080418415,78702,House,1,10.333333333333334,41,26,0,1,1,0,1,1,0,1,0,0,0,1
1136135940307572851,203,Entire home/apt,4,2,3,1,0,1.8933839634629632,78705,Unique/other,1,5.833333333333333,18,54,0,1,0,0,1,1,0,1,0,1,1,1
922731322299590177,375,Entire home/apt,16,5,9,2.5,0,20.95746665781963,78729,House,1,4.583333333333333,5,26,0,2,1,1,1,1,0,1,0,1,0,1
1338512089950278731,106.13,Entire home/apt,4,1,1,1,0,6.1289345849886665,Other,House,1,1.3333333333333333,1,25,0,2,0,0,1,1,0,0,0,0,0,1
1523606183490754857,102.71000000000001,Entire home/apt,7,2,3,2,0,14.794060481614588,Other,Apartment/Condo,1,0.9166666666666666,1,27,0,1,1,0,1,1,0,1,0,0,0,1
928373041507350637,127,Entire home/apt,5,1,3,1.5,0,6.38284842024306,78741,Apartment/Condo,1,3.3333333333333335,8,9,0,2,0,0,1,1,0,1,0,1,1,1
1251644624350201992,105,Entire home/apt,8,2,3,1,0,3.369630761762464,78751,Apartment/Condo,0,1.9166666666666665,4,54,0,1,1,0,1,1,0,1,0,1,1,1
4901443,428,Entire home/apt,2,1,1,2,0,3.119677204272605,78704,House,0,15.416666666666666,3,1,0,1,0,0,1,0,0,1,1,1,1,1
662806851002070384,174.03,Entire home/apt,4,1,2,1,0,2.953166636055326,78705,Apartment/Condo,1,3.9166666666666665,1,71,0,2,0,0,1,1,0,1,0,1,0,1
51111008,462.33,Entire home/apt,6,3,3,2,0,3.7504979016747177,78703,House,1,9.916666666666666,4,9,0,3,0,0,1,1,0,1,0,1,0,1
1161753396804353266,454.5,Entire home/apt,8,4,4,3,0,3.982673998240184,78704,House,0,3.9166666666666665,48,29,0,2,0,0,1,1,0,1,0,1,0,0
755939051836940284,351,Entire home/apt,4,2,2,1,0,15.253159136557354,78724,House,1,3.6666666666666665,5,12,0,1,1,1,1,1,0,0,0,1,1,0
619016576808969652,304.33,Entire home/apt,6,3,3,2.5,0,10.153025952109765,78757,House,1,4,1,11,0,3,0,0,1,1,0,1,0,1,1,1
1483755101262380221,157,Entire home/apt,3,1,2,1,0,6.170948031183556,78704,Apartment/Condo,1,10.25,1,12,0,2,1,0,1,1,0,1,0,0,1,1
1350020511345569071,301,Entire home/apt,6,3,3,3,0,2.377449730359078,78722,House,1,10.75,4,40,0,1,1,0,1,1,0,1,0,1,1,1
1557289305679149115,163,Entire home/apt,4,1,2,1,0,1.5111094833316392,78703,Apartment/Condo,1,0.9166666666666666,2,9,0,1,0,0,1,1,0,1,0,1,1,1
1692042078155237974,411,Entire home/apt,10,3,5,2.5,0,4.585632624847032,78721,House,1,10.333333333333334,41,1,0,1,0,0,1,1,0,1,0,0,1,1
1469606479381118551,449,Entire home/apt,6,2,3,2,0,0.7196818320954406,78701,Apartment/Condo,1,4.416666666666667,1,2,0,3,1,1,1,0,0,1,0,0,0,0
1700802126109234619,217,Entire home/apt,2,1,1,1,0,15.481268367502427,Other,Apartment/Condo,0,0,1,0,1,1,1,0,1,0,1,1,0,0,0,1
1662511472962765399,76.66999999999999,Private room,2,1,1,1,1,6.518094310010777,78741,Apartment/Condo,0,2.6666666666666665,3,1,0,3,0,0,1,1,0,1,0,1,1,1
46103871,130.33,Entire home/apt,2,1,1,1,0,2.702959349989473,78702,Guesthouse/Guest suite,1,5.583333333333333,1,21,0,2,0,0,1,1,0,1,0,1,0,1
1607491880930859891,279.67,Entire home/apt,5,2,2,2,0,3.9118538596397006,78704,House,1,11.25,1,12,0,3,0,0,1,1,0,1,0,1,1,1
1542889155021452474,265,Entire home/apt,5,2,3,1.5,0,3.8658219038381425,78751,House,1,1,4,9,0,1,0,0,1,1,0,1,0,1,0,0
1691565688444583082,209,Entire home/apt,4,1,1,1,0,6.008561259016009,78723,Apartment/Condo,0,6.416666666666667,5,0,1,1,1,0,1,1,1,1,0,1,0,1
662304755661101274,420.67,Entire home/apt,10,3,5,3,0,19.47072892753647,78729,House,0,3.9166666666666665,1,8,0,3,0,1,1,1,0,1,0,1,1,1
1481437836015458242,305.28999999999996,Entire home/apt,10,3,4,2,0,19.269745261086218,Other,House,1,2.1666666666666665,3,53,0,1,0,0,1,1,0,1,0,0,1,1
1637889981104768503,99,Entire home/apt,3,1,1,1,0,10.330103113543858,78757,Apartment/Condo,0,7.75,1,34,0,1,0,0,1,1,0,0,0,1,1,0
755836260647616627,218,Entire home/apt,2,1,1,1,0,2.2776892398580912,78702,Guesthouse/Guest suite,1,3.5833333333333335,1,43,0,1,0,0,1,1,0,1,0,1,0,1
1117441069105312697,338,Entire home/apt,4,2,2,2,0,2.3978650177185283,78702,House,0,10.916666666666666,40,13,0,1,0,0,1,1,0,1,0,1,0,1
1070434788004102122,219.5,Entire home/apt,5,2,2,1,0,7.627555551752159,78752,Apartment/Condo,1,2.3333333333333335,1,27,0,2,1,0,1,1,0,1,1,1,1,1
1308711645312311800,612.15,Entire home/apt,16,6,14,5,0,10.889498326058268,78745,House,1,1.5,3,10,0,1,0,0,1,1,0,1,0,1,1,1
657939740597605315,161,Entire home/apt,6,2,3,1,0,2.1855563576516266,78722,House,1,13.916666666666666,7,30,0,1,0,0,1,1,0,0,0,1,1,1
52557788,215,Entire home/apt,4,2,2,1,0,5.485983671133029,78721,House,1,4.666666666666667,1,20,0,2,0,0,1,1,0,1,0,1,1,1
1516662720065407818,402,Entire home/apt,16,9,14,4,0,6.173551857503255,78723,House,1,9.5,8,47,0,1,1,1,1,1,0,1,1,1,0,1
1401548896910264078,292.33,Private room,4,1,2,1,0,0.8108115111268422,78701,Hotel-like,0,3,60,0,1,3,1,0,1,1,1,1,0,0,0,0
1597251071207914057,856,Entire home/apt,6,3,4,2.5,0,2.9360532882064128,78704,House,0,0.75,2,0,1,3,1,0,1,0,0,1,0,0,0,0
38626103,187.44,Entire home/apt,6,4,4,2,0,16.678375980452028,Other,House,0,6.75,1,1,0,1,0,0,1,1,0,1,0,0,0,1
1443028539295495044,414.09,Entire home/apt,8,2,4,2,0,2.0412746399396307,78701,House,1,4.5,178,0,1,2,1,0,1,1,1,1,0,0,1,1
857282807955259397,219,Private room,2,1,1,1,0,19.12343240822804,Other,Hotel-like,0,3.25,92,1,0,1,1,0,1,1,1,0,0,1,1,1
594183793174890578,607.5,Entire home/apt,16,8,12,4,0,5.232791791805258,78721,House,1,6.75,5,13,0,2,0,1,1,1,0,1,0,1,0,1
46528916,587,Entire home/apt,6,2,2,1,0,19.10844262686026,Other,House,0,5.583333333333333,1,0,0,7,0,1,1,1,0,1,0,0,1,1
49467964,628,Entire home/apt,6,3,5,2,0,3.341069714587716,78704,House,0,4,1,0,0,2,0,0,1,1,0,1,0,1,1,1
1090025945233203833,334,Entire home/apt,8,4,4,3,0,6.149358874147163,78741,House,1,8.25,35,23,0,1,0,0,1,1,0,0,0,1,0,1
1271775319437397015,597.5,Entire home/apt,14,5,7,3,0,4.311326251588302,78741,House,1,1.6666666666666665,1,36,0,2,1,1,1,1,1,1,0,1,0,1
50112377,700,Entire home/apt,10,5,5,3,0,11.166631043400844,78745,House,1,6.333333333333333,3,9,0,2,0,0,1,1,0,0,0,0,0,1
1258741675918716957,274.35,Entire home/apt,8,3,4,2,0,4.583499822354475,78704,House,1,6.75,2,37,0,2,0,0,1,1,0,1,0,0,1,1
48335672,345,Entire home/apt,7,3,4,2,0,11.423953323024538,78745,House,1,6.166666666666667,16,24,0,1,0,0,1,1,0,1,0,1,0,1
1706692974876766231,133,Entire home/apt,2,1,1,1,0,5.702049496995956,78741,Apartment/Condo,0,0.4166666666666667,6,0,1,5,0,0,1,1,0,1,0,1,1,0
1265515920125224892,258.5,Entire home/apt,4,1,3,1,0,1.087963506606226,78701,Apartment/Condo,1,7.333333333333333,7,3,0,1,1,0,1,1,1,1,1,1,0,1
1587863014573900325,826,Entire home/apt,12,5,6,3.5,0,20.709846325652716,78734,House,1,4.5,178,6,0,2,1,0,1,1,0,1,0,1,1,1
1607592618297531157,194.57,Entire home/apt,6,2,3,1.5,0,2.428650153137754,78704,House,1,0.9166666666666666,2,12,0,2,0,0,1,1,0,1,0,0,1,1
1090630951818948386,285,Entire home/apt,14,4,5,4,0,5.083718112211554,78741,Apartment/Condo,0,3.75,8,29,0,1,1,1,1,1,1,1,0,1,0,1
868888445846688089,495.03,Private room,3,1,1,1,0,0.6465404865493488,78701,Hotel-like,0,3.25,92,0,1,1,1,0,1,0,1,0,0,1,1,1
1312586020444009451,158,Entire home/apt,2,1,1,1,0,19.036608907134738,Other,Apartment/Condo,1,11.083333333333334,23,18,0,1,0,0,1,1,0,0,0,0,0,1
43515959,177,Entire home/apt,4,1,1,1,0,16.02199682995056,Other,Guesthouse/Guest suite,1,3.25,1,21,0,2,0,1,1,1,0,0,0,0,1,1
806748269006489429,339,Entire home/apt,11,4,5,4,0,5.083718112211554,78741,Apartment/Condo,0,3.75,8,28,0,1,1,1,1,1,1,1,0,1,1,1
5094445,210,Entire home/apt,4,2,2,1,0,3.3679216767530407,78704,House,1,13.75,5,83,0,1,1,0,1,1,0,0,0,0,1,1
19466953,365.33,Entire home/apt,2,1,1,1,0,4.007874830889977,78704,Apartment/Condo,0,4.75,1,1,0,3,0,0,1,1,0,1,0,0,0,0
36071439,214,Entire home/apt,4,1,2,1,0,16.94400800142119,Other,Guesthouse/Guest suite,1,6.916666666666667,1,29,0,1,0,0,1,1,0,0,0,1,0,1
1108831114117885279,166.5,Entire home/apt,3,1,1,1,0,1.8361349358831525,78702,Guesthouse/Guest suite,1,2.3333333333333335,3,54,0,2,0,0,1,1,0,1,0,0,0,1
1292710983152385480,331,Entire home/apt,6,2,2,1,0,2.2151364530350417,78704,Apartment/Condo,0,8.666666666666666,53,39,0,1,1,0,1,1,0,1,0,1,1,1
1313133876374568267,587,Entire home/apt,12,4,6,4.5,0,2.089150012788641,78702,House,1,10.333333333333334,41,11,0,1,0,1,1,1,0,1,0,0,0,1
1495799500135374987,156,Entire home/apt,5,2,3,1,0,7.924930709246698,78723,Apartment/Condo,0,6.833333333333333,43,47,0,1,1,0,1,1,1,0,0,1,0,1
43622216,285.5,Entire home/apt,5,2,2,1.5,0,23.73183289991676,78737,Guesthouse/Guest suite,1,6,1,18,0,2,0,0,1,1,0,1,0,1,1,1
1679126703200373044,144,Entire home/apt,5,1,2,1,0,4.315078169585863,78751,Apartment/Condo,1,1.25,5,4,0,1,0,0,1,1,0,1,1,1,1,1
1531946896062698177,148.5,Entire home/apt,3,1,2,1,0,15.279050909239146,78753,Apartment/Condo,1,1.3333333333333333,25,9,0,2,1,0,1,1,1,1,0,1,0,1
574794590739955431,208.07,Entire home/apt,2,1,1,1,0,2.034456987676643,78701,Apartment/Condo,1,4.5,178,11,0,2,1,0,1,1,1,1,1,1,1,1
1626860271603565156,185.5,Entire home/apt,4,2,2,2,0,4.166019219410881,78704,Apartment/Condo,0,9.333333333333334,1,1,0,2,1,0,1,1,0,1,0,0,0,1
11442375,165,Entire home/apt,2,1,1,1,0,1.5541747902602856,78703,House,1,11,7,9,0,2,0,0,1,1,0,1,0,1,0,1
1252299759401803614,699.6700000000001,Entire home/apt,10,3,6,2,0,25.08917774165715,78737,House,1,1.75,4,2,0,2,1,0,1,1,0,1,0,1,0,1
1003577178401589955,665,Entire home/apt,6,3,4,2,0,2.826666173253807,78703,House,0,10.916666666666666,40,11,0,1,1,0,1,1,0,1,0,1,0,1
49650125,580.8599999999999,Entire home/apt,8,4,5,4,0,18.15397436376584,Other,House,1,4.166666666666667,2,17,0,2,1,0,1,1,0,1,0,1,1,1
50790623,414,Entire home/apt,6,2,3,2,0,0.669660788970788,78701,Apartment/Condo,1,5.583333333333333,2,1,0,2,1,1,1,0,1,1,0,1,0,1
800818630935407621,209,Entire home/apt,4,2,2,2,0,4.309869319728406,78704,House,0,4.25,37,2,0,2,0,0,1,1,0,1,0,1,0,1
12431608,237.5,Entire home/apt,4,2,2,1.5,0,4.280665118908617,78704,Guesthouse/Guest suite,1,11.666666666666666,2,8,0,4,0,0,1,1,0,1,0,1,0,1
1625368089939260246,223,Entire home/apt,4,1,2,1,0,5.814131142402317,78704,Apartment/Condo,1,4.5,178,4,0,1,1,0,1,0,0,1,0,0,1,1
712925680157537894,161,Entire home/apt,4,1,2,1,0,3.0653455033944708,78751,Apartment/Condo,0,6.833333333333333,3,22,0,1,0,0,1,1,0,0,0,1,1,1
985435704775301068,250,Entire home/apt,4,1,2,1,0,11.569864429839598,Other,Guesthouse/Guest suite,0,3.4166666666666665,1,17,0,1,1,1,1,1,0,1,0,0,1,0
31716264,180.25,Entire home/apt,2,1,2,1,0,3.119342651914144,78702,Guesthouse/Guest suite,0,7.416666666666667,1,4,0,4,0,0,1,1,0,1,0,0,0,1
1625374339368880225,171,Entire home/apt,4,2,2,2,0,4.665017190827793,78704,Apartment/Condo,1,4.5,178,2,0,1,1,0,1,0,0,1,0,0,1,1
19547270,128.95000000000002,Entire home/apt,3,1,1,1,0,5.219804512092752,78704,Apartment/Condo,1,8.916666666666666,5,42,0,1,0,0,1,1,0,0,0,0,0,1
1685581293470516548,318,Entire home/apt,12,4,6,2,0,13.752364551128524,78753,House,1,1.9166666666666665,1,1,0,1,0,0,1,1,0,1,0,1,0,1
1463461067076537552,188.5,Entire home/apt,6,2,4,1,0,24.217405598817514,78734,Unique/other,1,0.6666666666666666,1,26,0,1,1,1,1,1,1,1,0,1,0,1
11587536,480,Entire home/apt,5,2,2,1,0,1.882246079813992,78703,House,0,11.666666666666666,2,0,0,1,0,0,1,1,0,1,0,0,1,1
879836215286505596,418.67,Entire home/apt,15,5,11,2,0,17.474053543727052,78753,House,1,3.0833333333333335,1,2,0,3,0,0,1,1,0,1,0,0,0,1
1174139768266463797,175,Entire home/apt,4,1,2,1,0,3.365273100074867,78741,Apartment/Condo,1,11.083333333333334,23,25,0,1,1,0,1,1,0,1,0,1,0,1
968973313739035352,1141,Private room,2,1,1,1,0,0.8415426607827818,78701,Hotel-like,0,2.75,3,0,1,1,1,0,1,0,0,1,0,1,1,0
1415970515740127714,469.5,Entire home/apt,14,6,9,3,0,13.612971496609767,Other,House,0,3.9166666666666665,48,15,0,2,1,0,1,0,0,1,0,1,1,1
1242289598716121760,696.12,Entire home/apt,16,5,10,2.5,0,9.753717868769254,78745,House,1,2.4166666666666665,2,21,0,1,1,0,1,1,0,1,0,1,0,1
917408976977542029,123,Entire home/apt,4,1,2,1,0,4.395084417148426,78721,House,0,4,2,59,0,2,0,0,1,1,0,1,0,1,0,1
1625366204570483677,199.2,Entire home/apt,4,1,2,1,0,5.814131142402317,78704,Apartment/Condo,1,4.5,178,1,0,1,1,0,1,0,0,1,0,0,1,1
728398566714687271,205,Entire home/apt,4,1,2,1,0,3.5233502557012835,78704,Apartment/Condo,1,3.6666666666666665,2,57,0,1,0,0,1,1,0,1,0,1,1,1
52474599,855,Entire home/apt,3,2,2,2.5,0,3.6552897446284955,78704,House,0,4.666666666666667,1,5,0,1,0,0,1,1,0,1,0,0,0,1
1000949971433207571,383,Entire home/apt,14,6,8,2.5,0,3.8332008127354777,78702,House,1,4.416666666666667,2,20,0,1,0,0,1,1,0,1,0,0,0,1
1688142192438568530,106.83,Entire home/apt,3,1,1,1,0,4.2888428485678904,78751,Apartment/Condo,0,3.75,1,0,1,1,0,0,1,1,0,1,0,1,0,0
840488267226680318,198,Entire home/apt,6,2,3,1,0,4.999960690846189,Other,Apartment/Condo,0,6.833333333333333,16,25,0,1,1,0,1,1,1,1,0,1,1,1
1511072831082918814,718.6700000000001,Entire home/apt,15,6,8,4,0,8.62638593355174,Other,House,1,2.9166666666666665,3,2,0,3,0,0,1,1,0,1,0,1,1,1
1669636780465317565,1671,Hotel/shared room,4,1,2,1,0,1.9756706334360723,78704,Hotel-like,0,0.16666666666666666,47,0,1,1,1,0,1,0,1,0,1,1,1,1
577361518710526015,440,Entire home/apt,8,4,4,2.5,0,20.528138258981727,78729,House,0,9.5,3,24,0,2,1,0,1,1,0,1,0,1,0,1
1471173515424028024,359.67,Entire home/apt,10,4,6,3,0,2.027800461822251,78705,House,0,0.9166666666666666,1,2,0,2,0,0,1,1,0,1,0,1,0,1
705271312639959751,672,Entire home/apt,16,4,11,2.5,0,4.079365523798697,78704,House,1,7.166666666666667,23,35,0,2,1,0,1,1,0,1,0,0,0,1
568771411237939220,173,Entire home/apt,2,1,1,1,0,3.7819271590878003,78704,Apartment/Condo,0,6.5,3,46,0,2,0,0,1,1,0,1,0,1,0,1
1062432083717763776,306.5,Entire home/apt,6,3,3,2.5,0,6.547246070056406,Other,House,0,2.4166666666666665,1,10,0,2,0,0,1,1,0,1,0,1,1,1
1657608169854081704,103,Entire home/apt,2,1,1,1,0,12.246457620107766,78753,Apartment/Condo,0,6.583333333333333,1,1,0,2,0,0,1,1,0,1,0,1,1,0
1525404443379318132,241.5,Entire home/apt,7,3,5,3,0,14.04038554577761,78758,Apartment/Condo,1,0.6666666666666666,2,27,0,2,1,0,1,1,0,1,0,1,0,0
7532068,150.67,Entire home/apt,3,1,1,1,0,2.8826209654710655,78703,House,1,7.916666666666667,1,13,0,1,0,0,1,1,0,1,0,0,0,1
1050086578916402400,382.76,Entire home/apt,4,1,2,1,0,2.076823406531423,78701,Apartment/Condo,1,8.833333333333334,38,1,0,1,1,0,1,0,1,1,1,1,0,1
1314704983015811150,186,Entire home/apt,2,1,1,1,0,3.1920162447363447,78702,Apartment/Condo,1,3.25,9,35,0,1,0,0,1,1,0,1,0,1,0,1
988981833032023574,845,Entire home/apt,6,2,3,2,0,0.7354061359728676,78701,Apartment/Condo,1,2.75,26,0,1,1,1,0,1,0,1,1,0,0,0,1
625406354284644514,324,Entire home/apt,4,2,2,1,0,3.398208711462334,78704,House,1,12.083333333333334,23,19,0,1,0,0,1,1,0,1,0,1,1,1
756093162110421794,203,Entire home/apt,4,2,2,1,0,4.281768390315246,78704,House,1,7.166666666666667,2,7,0,2,0,0,1,1,0,1,0,0,0,1
2248559,184.66,Entire home/apt,8,4,5,2,0,14.690567251856304,Other,House,1,15.166666666666666,10,11,0,5,0,0,1,1,0,1,0,1,1,1
1424012782141868667,197,Entire home/apt,6,2,3,1,0,1.8801042666282834,78703,Apartment/Condo,1,5.833333333333333,5,42,0,1,1,0,1,1,0,1,0,1,1,1
733203,285.3,Entire home/apt,14,5,8,2,0,1.1795676641468849,78702,House,1,13.666666666666666,3,26,0,2,0,0,1,1,0,1,0,1,1,1
1469737795883264998,721.5,Private room,8,3,4,3,0,0.8016657579381747,78701,Hotel-like,1,1.1666666666666667,8,0,1,2,1,1,1,0,0,0,0,1,0,1
1532290213178670596,154,Entire home/apt,6,2,4,2,0,6.451331846727693,78741,Apartment/Condo,1,1.1666666666666667,9,36,0,2,1,0,1,1,1,1,1,1,1,1
1628293135053064386,182.16,Entire home/apt,4,2,2,2,0,5.814131142402317,78704,Apartment/Condo,1,4.5,178,1,0,1,1,0,1,0,0,1,0,0,1,1
2885662,1407.6699999999998,Entire home/apt,9,4,6,3,0,4.065956187375245,78704,House,1,12,2,2,0,3,1,1,1,1,0,1,1,1,0,1
776123837545666717,387,Entire home/apt,6,3,4,2,0,24.20865875317996,78737,House,1,4.25,5,6,0,2,0,0,1,1,0,1,0,1,1,1
1217534110811321963,230.5,Entire home/apt,4,1,2,1,0,3.442025626469981,78704,Guesthouse/Guest suite,1,8.666666666666666,8,26,0,1,0,0,1,1,0,1,0,1,1,1
1484262689805655669,199,Entire home/apt,5,2,3,2,0,1.6242515987394424,78705,Apartment/Condo,1,1.0833333333333333,1,33,0,1,0,0,1,1,0,1,0,1,1,1
10592588,582,Entire home/apt,6,3,3,2,0,4.275342044083546,78704,House,0,10.333333333333334,1,3,0,1,0,0,1,1,0,1,0,0,0,0
1588547250615787524,523,Entire home/apt,9,4,5,3,0,2.1251194716186967,78702,House,1,1.6666666666666665,6,3,0,1,1,1,1,1,0,1,0,1,0,0
876173946012498322,599.5,Entire home/apt,7,3,3,2.5,0,4.065948739389934,78704,House,1,3.0833333333333335,1,8,0,2,0,0,1,1,0,1,0,1,0,1
911899670641124334,222,Entire home/apt,5,2,3,2,0,18.469402134037903,Other,Apartment/Condo,0,3,6,5,0,1,1,1,1,1,0,1,0,1,1,1
29877523,312.5,Entire home/apt,4,1,2,2,0,2.2700725939656223,78703,House,1,12.083333333333334,1,24,0,2,1,1,1,1,0,1,0,0,0,1
11175220,981.6700000000001,Entire home/apt,8,3,3,3,0,18.53273726307523,Other,House,0,10.333333333333334,1,1,0,3,1,1,1,1,0,1,0,1,0,0
1481359374095449723,184,Entire home/apt,4,1,2,1,0,10.086361157473242,78724,Unique/other,1,14.166666666666666,9,4,0,2,1,1,0,1,0,1,0,0,0,1
641980253891742865,112.35,Entire home/apt,2,1,1,1,0,2.547258484932914,78704,Apartment/Condo,0,5,1,0,0,7,1,0,1,1,0,0,0,1,1,1
4163685,165.47,Entire home/apt,4,2,4,1,0,5.2477109304546925,78721,House,1,11.666666666666666,1,21,0,2,0,0,1,1,0,0,0,0,0,1
1548768144473133345,126,Hotel/shared room,2,1,1,1,0,8.087194482033105,78744,Hotel-like,1,0.5833333333333334,6,0,1,1,1,0,1,1,1,0,0,1,0,1
1700272765199182486,232.5,Entire home/apt,4,1,2,1,0,0.9520770155661695,78701,Apartment/Condo,1,8.666666666666666,9,0,1,2,1,1,1,0,1,1,0,0,0,1
8926402,264,Entire home/apt,7,4,4,3,0,14.70645107412842,Other,House,0,7.416666666666667,1,107,0,1,1,1,1,1,0,1,1,1,1,1
1633609335253502852,241,Entire home/apt,5,2,2,1,0,10.464905064993083,78744,House,1,2.3333333333333335,2,19,0,1,0,0,1,1,0,1,0,0,1,1
1044983827803060290,191.15,Entire home/apt,4,2,2,2,0,1.8463014062997471,78703,Apartment/Condo,1,2.5,1,20,0,2,0,0,1,1,0,1,0,1,0,1
1295002357363935462,213.85000000000002,Private room,2,1,1,1,0,19.123293820033325,Other,Hotel-like,0,3.25,92,0,1,1,1,0,1,1,1,0,0,1,1,1
1678638856192945827,301.27,Entire home/apt,6,2,2,2,0,0.7634891750697707,78701,Apartment/Condo,0,2,3,0,1,3,1,1,1,0,1,1,0,1,0,0
1231579424621902591,237.46,Entire home/apt,4,1,1,1,0,0.8569903968275518,78701,Apartment/Condo,0,1.75,2,0,1,3,1,0,0,0,0,1,0,0,0,0
1525574797128359757,585,Entire home/apt,4,2,2,2.5,0,14.783169463728704,78744,House,1,1.8333333333333335,2,0,1,5,0,0,1,1,0,1,0,0,1,0
924472814795966986,288,Entire home/apt,2,1,1,1,0,3.6428692380598964,78704,Apartment/Condo,1,4.666666666666667,13,29,0,1,0,0,1,1,0,0,0,1,1,1
1615458655783635854,180,Entire home/apt,2,1,1,0,0,1.2083068574045512,78701,Apartment/Condo,0,2.0833333333333335,42,0,1,1,1,0,1,0,1,1,0,0,1,1
1249585312128373558,345,Entire home/apt,6,2,3,2,0,2.031239973204237,78701,Apartment/Condo,1,1.75,2,37,0,2,1,0,1,0,1,1,1,1,0,1
1093918699819389688,295,Entire home/apt,5,2,3,2,0,1.6757883905926556,78702,House,0,2.4166666666666665,1,22,0,2,0,0,1,1,0,1,0,1,0,1
1529114926718706583,141,Entire home/apt,4,1,2,1,0,6.5732397881949955,78757,Apartment/Condo,0,3.4166666666666665,1,25,0,1,0,0,1,1,0,1,1,0,1,1
1490717771879060154,285.5,Entire home/apt,2,1,1,1,0,26.332246828133908,78737,Guesthouse/Guest suite,0,0.8333333333333334,1,3,0,2,0,0,1,1,0,1,0,1,1,1
1427622621371813414,722,Entire home/apt,10,5,5,5.5,0,4.561055695232622,78704,House,1,2.0833333333333335,1,19,0,2,1,0,1,1,0,1,0,1,1,1
1613990450157935189,175,Entire home/apt,2,1,1,0,0,1.1931315645315737,78701,Apartment/Condo,0,2.0833333333333335,42,4,0,1,1,0,1,0,1,0,0,0,1,1
1542068928392116926,328,Entire home/apt,8,3,7,2.5,0,5.937080913157437,78723,House,0,0.5833333333333334,1,10,0,1,0,0,1,1,0,1,0,1,1,1
1704550015766170743,274,Entire home/apt,6,3,3,2.5,0,5.2107793951920005,78721,Apartment/Condo,0,4.25,37,0,1,2,0,0,1,1,0,1,1,1,0,1
1191371517591769982,71,Entire home/apt,5,2,3,1,0,14.614045279398836,Other,Unique/other,1,2.1666666666666665,1,12,0,1,0,0,1,1,0,0,0,0,1,0
1577746208817899060,1515.5,Entire home/apt,16,9,18,7.5,0,22.15439188135461,78734,House,1,3,24,1,0,2,1,0,1,1,0,1,0,1,0,0
1147206157681970356,375,Hotel/shared room,3,1,1,1,0,26.113937906418407,78734,Hotel-like,0,3.1666666666666665,48,0,1,1,1,0,1,0,1,0,0,1,1,1
654921515683503342,316,Entire home/apt,4,1,2,1,0,1.9072056164667688,78701,Apartment/Condo,1,8.833333333333334,38,8,0,1,1,0,1,0,1,1,1,1,0,1
840494267145470861,198,Entire home/apt,6,2,3,1,0,5.164410958231231,Other,Apartment/Condo,0,6.833333333333333,16,26,0,1,1,0,1,1,1,1,0,1,1,1
657105663812804872,401,Entire home/apt,7,3,3,2,0,11.850212628043211,Other,House,1,4.083333333333333,1,16,0,1,0,0,1,1,0,1,0,1,1,1
1268240071344814577,538.07,Entire home/apt,10,3,6,2.5,0,4.579441563108083,78704,House,0,1.6666666666666665,1,6,0,1,1,1,1,1,1,1,0,1,1,1
844957289888057770,193,Entire home/apt,4,1,2,1,0,1.6130436936182249,78703,Hotel-like,1,3.6666666666666665,30,0,1,2,1,0,1,0,1,1,0,1,0,1
1321125384460822672,166,Entire home/apt,6,3,4,1,0,6.614326207948506,78745,House,1,7.833333333333333,5,6,0,1,0,0,1,1,0,1,0,0,1,1
16914049,856,Entire home/apt,10,3,5,2.5,0,1.8264938114782185,78702,House,0,9.416666666666666,1,0,0,2,0,0,1,1,0,1,0,0,1,0
2992224,271.5,Entire home/apt,4,2,2,2,0,3.7144526071652004,78704,Apartment/Condo,0,11.333333333333334,1,8,0,1,0,0,1,1,0,0,0,0,0,1
1379799917517425992,313,Entire home/apt,4,1,2,1,0,2.120198166326294,78701,Apartment/Condo,1,4.666666666666667,47,20,0,1,1,0,1,0,1,1,1,1,0,0
1561044558257852224,131,Entire home/apt,3,1,2,1,0,7.761198580303303,78752,Apartment/Condo,0,6.833333333333333,43,4,0,1,1,0,1,1,1,1,0,1,0,1
47519064,118.5,Entire home/apt,5,2,2,1,0,18.2941777332542,Other,Guesthouse/Guest suite,1,5.416666666666667,1,32,0,2,0,0,1,1,0,1,0,1,0,1
1147207772444901062,421,Hotel/shared room,3,1,1,1,0,26.113937906418407,78734,Hotel-like,0,3.1666666666666665,48,0,1,1,1,0,1,0,1,0,0,1,1,1
1382117432196637060,2474.9300000000003,Entire home/apt,16,13,22,13,0,2.0110837399474035,78701,House,1,4.5,178,0,1,2,1,0,1,1,1,1,1,1,1,1
1221251577106485779,368,Entire home/apt,12,2,6,1.5,0,2.225261868049668,78702,House,1,7.833333333333333,27,49,0,1,1,0,1,1,0,1,1,1,1,1
579641625907092931,320,Entire home/apt,6,2,4,2,0,2.3733469782704666,78702,House,1,7.25,31,9,0,1,0,0,1,1,0,1,0,1,0,1
1489904741288991493,242,Entire home/apt,8,3,4,2,0,11.513722964876854,Other,House,0,0.8333333333333334,1,3,0,2,0,0,1,1,0,0,0,0,0,1
1042715958363404706,288,Entire home/apt,16,5,8,3,0,6.374495747617161,78723,House,1,2.75,12,72,0,1,1,0,1,1,0,1,0,1,0,1
1474986200633959231,77.6,Entire home/apt,2,1,1,1,0,10.292578149648884,78757,Apartment/Condo,0,0.8333333333333334,1,0,1,1,0,0,1,1,0,0,0,1,0,0
985601491006853872,119,Entire home/apt,3,1,2,1,0,6.132662113773309,78721,Unique/other,1,10.666666666666666,9,32,0,2,0,0,1,1,0,0,0,1,0,1
43485799,128.96,Entire home/apt,4,1,2,1,0,4.65764962666201,78751,Guesthouse/Guest suite,0,15.25,2,21,0,2,0,0,1,1,0,0,0,0,1,0
1132452158953804541,112,Private room,2,1,1,1,0,7.982164423610465,78752,Hotel-like,0,3.25,92,0,0,1,1,0,1,1,1,0,0,1,1,1
1348715495533562859,314.5,Entire home/apt,10,3,5,2,0,12.51531406342998,78745,House,1,1.3333333333333333,1,36,0,2,1,0,1,1,0,1,0,1,0,1
1510595714961831643,552.5,Entire home/apt,16,7,16,4,0,22.791747763269644,78737,House,0,0.8333333333333334,7,34,0,2,1,1,1,1,0,1,0,0,1,1
713820104359552438,252,Entire home/apt,8,2,4,1.5,0,2.034456987676643,78701,Apartment/Condo,1,4.166666666666667,20,77,0,1,1,0,1,0,1,1,1,1,0,1
1502960253877950217,240,Entire home/apt,6,3,3,2,0,9.040065273324563,78745,House,1,3.9166666666666665,1,20,0,1,0,0,1,1,0,1,0,0,0,1
1415213273001225838,105.22,Entire home/apt,4,2,2,1,0,16.417744370015775,78724,Apartment/Condo,0,3,5,5,0,5,0,0,1,1,0,1,0,1,1,1
830330654413168745,811,Entire home/apt,14,5,6,2.5,0,11.751887956634947,78724,House,0,2.5,1,1,0,1,1,0,1,1,0,1,0,0,0,1
33664380,308.33,Entire home/apt,4,2,2,1,0,2.205633776411582,78702,House,1,4.833333333333333,1,10,0,3,0,0,1,1,0,1,0,1,0,1
1472696913758765094,2020.6699999999998,Entire home/apt,16,7,15,6,0,12.182800363628505,Other,House,1,8.666666666666666,12,4,0,3,1,1,1,1,0,1,0,1,1,1
691168067874566680,553.5,Entire home/apt,8,3,4,2,0,10.95962342875363,78745,House,1,3.5833333333333335,1,18,0,2,0,0,1,1,0,1,0,1,0,1
46255806,173,Entire home/apt,4,2,3,1,0,7.483594012504332,78723,Unique/other,0,0.5,1,7,0,1,0,0,1,1,0,1,0,1,0,1
1096177864707861559,422,Entire home/apt,6,3,3,2,0,7.24432079251834,78741,House,0,3.4166666666666665,1,2,0,1,0,0,1,1,0,1,0,1,0,1
1710435415731763387,78,Entire home/apt,5,2,2,2,0,5.691914851383538,78751,Apartment/Condo,0,0.16666666666666666,1,0,1,1,1,0,1,1,0,1,0,1,0,0
1550082513268990195,182.26,Entire home/apt,2,1,1,1,0,1.2942506786822328,78701,Apartment/Condo,0,2,1,3,0,1,1,0,1,1,1,1,0,0,0,1
889842672719878715,239,Entire home/apt,4,2,2,1,0,0.7073841044797875,78701,House,0,4.25,37,6,0,1,0,0,1,1,0,0,0,1,0,1
1677722863200551846,127.5,Entire home/apt,4,2,2,1,0,5.677137138475369,78721,House,0,0.08333333333333333,1,9,0,2,0,0,1,1,0,1,0,0,1,1
1614059404339216560,96,Hotel/shared room,1,1,2,1,1,2.8981266463160607,78703,Apartment/Condo,0,7.25,9,0,1,2,0,0,1,1,0,1,0,1,1,1
746216237502322452,127.97,Entire home/apt,5,3,3,2,0,20.391145355609943,78729,House,1,3.5833333333333335,4,2,0,1,0,0,1,1,0,1,0,0,1,1
10649415,103.5,Entire home/apt,2,1,1,1,0,6.453688245872331,78723,Unique/other,0,11.666666666666666,1,2,0,2,0,0,1,1,0,1,0,0,1,1
1050075031752413309,290,Entire home/apt,4,1,2,1,0,1.9948798884720937,78701,Apartment/Condo,1,8.833333333333334,38,7,0,1,1,0,1,0,1,1,1,1,1,1
749972887913217036,203.5,Entire home/apt,4,1,2,1,0,1.6130436936182249,78703,Apartment/Condo,1,5.25,23,0,0,2,1,0,1,0,1,1,0,1,0,1
759748491381628253,300,Entire home/apt,6,3,4,2,0,14.689960343027018,78724,House,0,12.333333333333334,20,16,0,1,0,0,1,1,0,1,0,0,0,0
1192198140623321132,991,Entire home/apt,16,8,14,4,0,24.052362552669994,78737,House,1,9.75,33,11,0,1,1,0,1,1,0,1,0,1,1,1
1668147021807932920,79,Hotel/shared room,4,1,2,1,0,4.170259301563114,78741,Hotel-like,0,0.9166666666666666,6,1,0,1,1,0,1,0,0,0,0,1,1,0
815868083661634935,610,Entire home/apt,10,4,9,2,0,16.665109763536638,Other,House,1,8.5,5,38,0,2,1,1,1,1,0,1,0,1,0,1
1629059518589823444,367,Entire home/apt,10,4,6,2,0,5.936716404973516,78704,House,0,0.25,1,10,0,2,1,1,1,1,0,1,0,1,0,1
1699549463317409287,206,Entire home/apt,4,1,2,1,0,5.813581637426155,78704,Apartment/Condo,1,4.5,178,1,0,1,1,0,1,0,0,1,0,0,1,1
1640068583427172409,121.69,Private room,2,1,1,1,0,8.816519396883287,78745,House,1,7,6,1,0,2,0,0,1,1,0,1,0,0,1,1
17232532,162.5,Entire home/apt,6,2,2,1,0,11.795878670352037,78745,House,1,12.25,2,62,0,2,0,0,1,1,0,1,0,1,0,1
1456005861945757985,413,Entire home/apt,8,4,4,3,0,4.956727215316148,78741,House,1,10.333333333333334,41,22,0,1,0,0,1,1,0,1,0,0,1,1
1467402887214552916,456.46999999999997,Entire home/apt,4,1,2,1,0,0.7473907097168404,78701,Apartment/Condo,0,2.5833333333333335,1,0,1,1,1,1,1,1,0,1,0,1,0,0
1564701508783652271,138,Entire home/apt,6,2,3,2,0,4.966489057333671,78704,House,1,0.5,1,25,0,1,0,0,1,1,0,1,0,0,0,1
1251500289749719030,414,Entire home/apt,16,5,11,3,0,2.158326258871631,78702,House,1,5.083333333333333,12,12,0,2,1,0,1,1,0,0,0,0,0,0
13392592,794,Entire home/apt,6,3,3,2,0,2.9973306286973407,78704,House,1,11.333333333333334,2,15,0,2,1,1,1,1,0,1,0,0,0,1
809332771622960915,671,Entire home/apt,10,4,5,2.5,0,7.735068652536046,78745,House,1,12.25,5,3,0,2,1,1,1,1,1,1,0,1,0,1
1302523701138864502,121,Entire home/apt,4,1,2,1,0,5.058649017310756,78751,Apartment/Condo,0,4,38,30,0,1,1,0,1,1,0,1,0,1,1,1
1574847371071648587,1227.41,Entire home/apt,10,6,7,3.5,0,3.0692032981472366,78704,House,1,4.5,178,2,0,2,1,1,1,1,0,1,0,0,1,1
1082602173171706417,1492.75,Entire home/apt,10,4,6,3,0,16.197725460712707,Other,House,0,2.3333333333333335,1,0,1,4,1,0,1,1,0,1,0,1,0,0
1578504435527152892,431,Entire home/apt,8,4,5,2.5,0,1.826811789222847,78702,House,1,3.25,9,18,0,1,0,1,1,1,0,1,0,1,0,1
47509227,150,Entire home/apt,4,1,3,1,0,5.043960111988969,78704,House,0,7.333333333333333,3,16,0,2,0,0,1,1,0,1,0,1,1,1
53272394,185.9,Entire home/apt,4,1,1,1,0,1.287998679625089,78702,House,1,4.5,2,27,0,2,0,0,1,1,0,1,0,0,0,1
1389895213564733323,154,Entire home/apt,6,2,3,2,0,6.683900535151407,78741,Apartment/Condo,1,1.1666666666666667,9,30,0,2,1,0,1,1,1,1,1,1,1,1
10922191,133.33,Entire home/apt,2,1,1,1,0,3.9568115532861463,78751,Guesthouse/Guest suite,1,11.333333333333334,1,17,0,3,0,0,1,1,0,1,0,0,0,1
673422360986289651,391,Entire home/apt,8,3,3,2.5,0,1.9051950293871736,78702,House,0,3.3333333333333335,1,5,0,2,1,0,1,1,0,1,0,1,0,0
1263778315251664225,761,Entire home/apt,8,4,4,2,0,3.954873598460992,78704,House,0,13.333333333333334,1,3,0,3,1,1,1,1,0,1,0,1,1,0
1441990738430438674,181.5,Entire home/apt,6,3,3,2.5,0,10.412174881162892,78745,House,1,2.5,4,24,0,2,0,0,1,1,0,1,0,1,1,0
1679255548422790428,137,Entire home/apt,3,1,1,1,0,1.738456532198833,78704,Apartment/Condo,0,0,1,0,1,1,1,0,1,0,1,1,0,1,0,1
1515354310066910904,138,Entire home/apt,2,1,1,1,0,2.86598932402742,78704,Apartment/Condo,0,3.9166666666666665,26,11,0,1,0,0,1,1,0,1,0,1,1,1
1700706078016681031,252,Entire home/apt,4,2,2,1,0,2.273344745004495,78702,House,1,3,24,0,1,2,0,0,1,1,0,1,0,0,0,0
831116198672037822,800,Entire home/apt,10,4,4,3.5,0,3.1531396655272528,78702,House,1,8.25,19,18,0,2,1,0,1,1,0,1,0,1,0,1
1456025366413947600,157,Entire home/apt,2,1,1,1,0,5.829136082563881,78704,Apartment/Condo,0,3.25,5,22,0,1,1,0,1,1,0,1,0,0,1,1
9902174,158,Entire home/apt,4,1,2,1,0,4.12126583666885,Other,Apartment/Condo,0,10.5,2,26,0,1,0,0,1,1,0,0,0,0,0,1
684985868335330488,337,Entire home/apt,5,2,3,2,0,3.1440450447277657,78704,House,1,9.916666666666666,5,41,0,1,0,0,1,1,0,1,0,1,1,1
1235545941054542338,83.02,Entire home/apt,2,1,1,1,0,11.446824398350122,Other,Apartment/Condo,1,3.1666666666666665,3,43,0,2,1,0,1,1,0,1,0,1,0,1
1295615348328822196,420.5,Entire home/apt,12,4,8,2,0,7.843459451317819,78723,House,1,2.6666666666666665,1,26,0,2,1,0,1,1,0,1,0,1,1,1
47922431,260,Entire home/apt,3,1,1,1,0,0.7760278757659057,78701,Apartment/Condo,1,6.166666666666667,16,22,0,1,0,0,1,0,0,1,0,1,0,1
22668715,164,Entire home/apt,4,1,2,1,0,4.697406479341258,78704,Apartment/Condo,0,10.75,9,2,0,2,0,0,1,1,0,1,0,1,0,1
999566439801469520,336,Entire home/apt,8,3,4,2.5,0,5.751332355836306,78721,House,1,3.25,2,4,0,2,0,0,1,1,0,1,1,1,0,1
1683973764730873904,303,Entire home/apt,10,4,7,3,0,1.797855797299157,78702,House,1,1.25,19,1,0,1,0,0,1,1,0,1,1,1,1,1
1050905034409421571,370.5,Entire home/apt,7,4,4,2,0,23.64475858414679,78737,House,1,3.25,1,16,0,2,0,0,1,1,0,1,0,0,1,1
680307268681012996,280,Entire home/apt,4,1,2,1,0,2.029573029055548,78701,Apartment/Condo,0,10.5,9,15,0,1,1,0,1,0,1,1,0,1,1,1
885576490276220840,280,Entire home/apt,2,1,1,1,0,2.0921572447611485,78703,House,0,2.5833333333333335,1,1,0,2,0,0,1,1,0,1,0,1,0,0
841365795889774589,123,Entire home/apt,4,1,2,1,0,6.373810470947027,78723,Unique/other,1,10.666666666666666,9,28,0,1,0,0,1,1,0,0,0,1,0,1
1406836568555849451,415,Entire home/apt,12,3,4,2,0,8.37520457457844,78744,House,1,0.9166666666666666,1,58,0,1,1,1,1,1,0,1,0,1,0,1
572987707369049255,803,Entire home/apt,16,5,17,3.5,0,19.38187003072673,Other,House,1,7.166666666666667,23,26,0,2,1,1,1,1,0,1,0,1,1,1
734389015112139305,342.67,Entire home/apt,4,1,1,1,0,0.8127457413758181,78701,Apartment/Condo,0,3.5833333333333335,1,1,0,3,1,1,1,0,0,1,0,0,0,1
1191546733204001871,114.11999999999999,Entire home/apt,4,1,2,1,0,4.119237236324489,78702,House,1,1.9166666666666665,1,70,0,2,0,0,1,1,0,0,0,1,0,1
1371803098393656301,228.23999999999998,Entire home/apt,4,3,3,3,0,2.2107257493306722,78702,House,0,1.25,1,0,0,4,0,0,1,1,0,1,0,0,0,1
1128591045881770372,423,Entire home/apt,8,3,5,2,0,7.677488844181328,78745,House,1,2.1666666666666665,1,23,0,1,0,0,1,1,0,0,0,1,0,0
1593662180060056829,270.4,Entire home/apt,4,2,2,2,0,5.814131142402317,78704,Apartment/Condo,1,4.5,178,1,0,1,1,0,1,0,0,1,0,0,1,1
857340947783475806,339.2,Entire home/apt,4,1,2,1,0,2.0337214814860487,78701,Apartment/Condo,1,4.666666666666667,47,15,0,1,1,0,1,0,1,1,1,1,0,0
889843382811703189,1332.5,Entire home/apt,16,6,13,4,0,7.014884307420088,78746,House,1,4.916666666666667,2,51,0,2,1,1,1,1,0,1,0,1,0,1
1147208228286218683,359,Hotel/shared room,3,1,1,1,0,26.113937906418407,78734,Hotel-like,0,3.1666666666666665,48,0,0,1,1,0,1,0,1,0,0,1,1,1
780491586087938153,180,Entire home/apt,4,2,2,2,0,7.774846748955736,78757,Apartment/Condo,0,4.916666666666667,5,61,0,3,1,0,1,1,1,1,1,1,1,1
10426783,549,Entire home/apt,6,3,3,2,0,3.4416072569093403,78704,House,0,10.333333333333334,3,6,0,2,1,0,1,1,0,1,0,1,0,1
1446389841173421586,571,Entire home/apt,2,1,1,1,0,2.3434259460694116,78722,Apartment/Condo,0,8.333333333333334,1,0,1,1,1,1,1,0,0,0,0,0,0,0
5805293,272.21,Entire home/apt,10,5,7,3,0,3.272583569596803,78703,House,0,11.166666666666666,1,0,0,1,0,0,1,1,0,1,0,0,1,1
1263829936159409058,195,Entire home/apt,3,1,2,1,0,1.230167645058657,78702,Guesthouse/Guest suite,1,1.6666666666666665,6,31,0,1,0,0,1,1,0,0,0,1,0,1
959106394326708251,400,Private room,12,4,4,4,0,7.0580975699302675,78745,Hotel-like,0,3.25,92,0,1,1,0,0,1,0,1,1,0,1,1,1
796246303225252459,2510.67,Entire home/apt,9,5,5,3,0,6.867197189012226,Other,House,0,3.6666666666666665,1,0,0,3,1,1,1,1,0,1,0,1,0,1
1611786708136030123,206.56,Entire home/apt,6,2,3,1,0,1.150676825409743,78702,Apartment/Condo,0,14.25,2,23,0,2,0,0,1,1,0,0,0,1,0,1
1034719129093979550,234.4,Entire home/apt,6,3,4,1,0,5.016294658597329,78704,House,1,8.916666666666666,2,18,0,5,0,0,1,1,0,1,0,0,1,1
1064580318192045244,401.5,Entire home/apt,4,2,3,2,0,4.403887008088793,78704,House,1,2.3333333333333335,1,37,0,1,0,0,1,1,0,1,0,1,0,1
810215293285236225,193,Entire home/apt,10,3,5,2,0,5.930069113811527,78741,House,1,4.916666666666667,11,62,0,1,0,0,1,1,0,1,0,1,0,1
1211539809228703629,266,Entire home/apt,6,3,3,2,0,9.072841619966704,78753,House,1,1.8333333333333335,1,18,0,2,0,0,1,1,0,1,1,1,0,1
1684421556874328797,365.18,Entire home/apt,12,4,6,2.5,0,7.117504361393372,78741,House,0,0,1,0,1,2,0,0,1,1,0,1,1,0,0,1
1589933801515956332,286,Entire home/apt,6,2,3,1,0,0.9299284797924131,78701,Apartment/Condo,0,9.333333333333334,47,9,0,1,0,0,1,0,0,0,0,1,0,0
1254612807279033478,556.5,Entire home/apt,2,1,2,1,0,4.959040056937654,78721,House,0,12.166666666666666,1,1,0,2,0,1,1,1,0,1,0,0,0,0
54125773,199.92000000000002,Entire home/apt,10,4,10,2.5,0,13.385056506970724,Other,House,0,7.916666666666667,12,0,0,7,0,0,1,1,0,1,0,1,1,1
1396067439972654410,151.8,Entire home/apt,4,2,2,1,0,19.80675615661335,78729,House,0,12.416666666666666,1,1,0,5,0,0,1,0,0,1,0,0,0,0
1479939125759348065,222.76,Entire home/apt,6,3,3,2.5,0,22.035951585862747,78734,House,0,0.8333333333333334,1,2,0,3,0,1,1,1,0,1,0,1,0,0
18834915,141,Entire home/apt,2,1,1,1,0,9.074091654347471,78757,Unique/other,1,9,1,14,0,2,0,0,1,1,0,1,0,1,0,1
883926422471552052,413.65000000000003,Entire home/apt,4,2,2,2,0,2.0778752499340727,78702,House,1,7.166666666666667,23,39,0,2,0,0,1,1,0,1,0,1,1,1
1647997412761714327,495,Entire home/apt,10,4,5,2,0,5.576235348808741,78704,House,1,11.666666666666666,2,6,0,2,1,1,1,1,0,1,0,0,1,1
1471197693643577594,435,Private room,6,2,3,2,0,0.7568537114432737,78701,Hotel-like,0,0.9166666666666666,6,0,1,2,1,0,1,0,0,1,0,0,0,1
1253831607970783341,111,Entire home/apt,4,2,2,1,0,5.290608818562908,78721,House,1,6.666666666666667,2,32,0,3,0,0,1,1,0,0,0,0,1,1
1656111531296088770,134.57,Entire home/apt,2,1,1,1,0,3.0144143967655506,78702,Guesthouse/Guest suite,0,0.16666666666666666,1,1,0,7,0,0,1,1,0,1,0,1,1,0
832947581715260474,77.66999999999999,Private room,1,1,1,1,0,9.287247406808778,78753,House,1,3.3333333333333335,1,3,0,2,0,0,1,1,0,1,0,1,0,1
953031442799564169,218,Entire home/apt,3,1,2,1,0,2.1126917679517754,78701,Apartment/Condo,0,12.333333333333334,20,10,0,2,1,0,1,0,1,1,0,0,0,0
20295292,92,Entire home/apt,3,1,1,1,0,7.971213312538018,78752,Guesthouse/Guest suite,1,8.833333333333334,1,31,0,1,0,0,1,1,0,1,0,1,1,1
1521888069674907264,415,Private room,6,2,3,2,0,0.9226851783807768,78701,Hotel-like,0,4.333333333333333,4,0,1,2,1,1,1,1,0,0,0,0,0,1
906647748994782104,186.67,Entire home/apt,5,2,2,1,0,9.175079402238595,78744,House,1,2.9166666666666665,1,29,0,1,0,0,1,1,0,1,0,1,0,1
26661054,1149.1,Entire home/apt,14,6,13,4.5,0,3.216615035064836,78702,House,1,9.75,3,5,0,1,1,1,1,1,0,1,0,1,0,1
1614768743614086607,1040,Entire home/apt,16,8,8,8,0,2.1939077739541974,78702,Apartment/Condo,0,9.833333333333334,28,0,1,1,0,0,1,0,1,1,0,1,1,1
1412988560880669179,680.5,Entire home/apt,4,2,2,2.5,0,19.259322891139128,78734,House,1,1.5,2,4,0,1,0,0,1,1,0,1,0,1,0,1
1624304721931920335,78,Private room,1,1,1,1.5,0,13.54662185305352,Other,House,1,2.5,9,1,0,2,0,0,1,1,0,1,0,1,0,1
1300488742423541281,273.88,Entire home/apt,7,3,2,2.5,0,8.030246000027764,78752,House,0,4.583333333333333,2,0,0,3,0,0,1,1,0,1,0,1,0,1
1679203233318711782,1025,Entire home/apt,12,6,14,5.5,0,22.251798559663776,78734,House,1,4.916666666666667,6,1,0,2,1,0,1,1,0,1,0,1,0,0
1402161028892736870,251.45000000000002,Entire home/apt,2,1,1,1,0,19.12343240822804,Other,Apartment/Condo,0,3.25,92,0,1,1,1,0,1,1,1,0,0,1,1,1
54355703,599.25,Entire home/apt,6,2,4,1,0,3.0507726795893944,78722,House,0,9.75,1,0,0,4,1,0,1,1,0,0,0,0,0,1
7971903,124,Entire home/apt,4,1,2,1,0,1.7872578039917737,78705,Apartment/Condo,0,10.666666666666666,1,3,0,2,0,0,1,1,0,0,0,1,1,1
1645775803659752470,30,Hotel/shared room,1,1,1,1,1,0.6876039081983787,78701,Hotel-like,0,6.583333333333333,10,11,0,1,0,0,0,0,0,1,0,0,0,0
756584947528739630,351,Entire home/apt,4,1,2,1,0,15.26971629994001,78724,House,1,3.6666666666666665,5,2,0,1,0,0,1,1,0,0,0,1,1,0
730524489744713739,104.71000000000001,Entire home/apt,2,1,1,1,0,3.1600926325419194,78704,House,1,3.6666666666666665,1,18,0,3,0,0,1,1,0,1,0,1,0,1
1643532694920038284,184,Entire home/apt,2,1,1,1,0,2.594906555167365,78704,Apartment/Condo,0,7.166666666666667,18,20,0,1,1,0,1,1,0,0,0,1,1,1
1579911663294549113,179.5,Entire home/apt,4,1,1,1,0,2.1114377364857595,78722,Guesthouse/Guest suite,1,3.25,4,25,0,1,0,1,1,1,0,0,0,1,0,1
1633497476418536012,439,Entire home/apt,12,4,5,2,0,16.899105227248217,78753,House,0,0.25,1,7,0,1,0,1,1,1,0,1,0,1,1,1
1562410817562459967,166.5,Entire home/apt,3,1,2,1,0,9.320681281416716,78753,House,1,5.083333333333333,1,0,1,2,0,0,1,1,0,1,0,1,0,0
8294952,234,Entire home/apt,10,4,6,2,0,1.9683195528345199,78702,House,1,11.25,9,15,0,2,0,0,1,1,0,1,0,0,0,1
1180083244059472969,213,Entire home/apt,3,1,2,1,0,3.2459008747740725,78702,Apartment/Condo,1,2.75,1,10,0,2,0,0,1,1,0,1,0,1,0,1
1609745488518017208,64,Private room,6,1,3,1,1,1.8177070639759263,78705,Apartment/Condo,0,1.6666666666666665,9,15,0,1,0,0,1,1,0,1,0,0,0,0
842773720597962189,273.5,Entire home/apt,6,2,2,1,0,6.824666191270883,78741,Apartment/Condo,0,8.666666666666666,53,10,0,1,0,0,1,1,0,1,1,1,0,1
987343562347586766,380.39,Entire home/apt,16,7,11,4.5,0,2.2428412175786976,78702,House,1,7.333333333333333,3,34,0,3,1,1,1,1,0,1,0,1,1,1
837557643865236279,382.5,Entire home/apt,6,3,4,2.5,0,8.989794230442648,78757,House,1,2,2,24,0,1,0,0,1,1,0,1,0,0,0,1
756609238305381073,351,Entire home/apt,2,1,1,1.5,0,15.339542273258749,78724,House,1,3.6666666666666665,5,11,0,1,1,1,1,1,0,0,0,1,1,0
15086376,453.74,Entire home/apt,12,4,8,2.5,0,22.57977614973195,78734,House,1,9.75,2,28,0,2,1,1,1,1,1,1,0,1,1,1
47965881,233,Entire home/apt,2,1,1,1,0,3.171402464136875,78704,House,1,13.75,5,104,0,1,1,0,1,1,0,0,0,1,1,1
879770624530949892,300,Entire home/apt,8,3,4,2,0,5.404443782110417,Other,House,1,9.75,33,13,0,1,1,0,1,1,0,1,0,1,0,1
1418173270270474174,233.5,Entire home/apt,12,3,6,3,0,4.661824136669264,78741,Apartment/Condo,1,1.0833333333333333,2,35,0,1,1,0,1,1,1,1,0,1,0,1
1653241575186111173,174.5,Entire home/apt,3,1,1,1,0,4.4690592424493545,78741,Apartment/Condo,0,1.3333333333333333,10,0,1,1,1,0,1,1,1,1,0,1,0,0
1270272959428996631,183.73,Entire home/apt,3,1,1,1,0,1.3680442796344128,78702,House,1,9.083333333333334,4,85,0,1,0,0,1,1,0,0,0,1,1,1
633980020747723868,413.96,Entire home/apt,8,2,4,2,0,2.06798956355543,78701,Apartment/Condo,1,8.833333333333334,38,17,0,1,1,0,1,0,1,1,1,1,0,1
1635716348972030918,290.22999999999996,Entire home/apt,16,4,10,3,0,5.620436353606511,78721,House,0,9.583333333333334,1,8,0,2,0,1,1,1,0,1,0,1,1,1
723836253324918949,114,Entire home/apt,4,1,2,1,0,22.496923710496198,78734,House,0,6.75,1,5,0,2,0,0,1,1,0,1,0,0,1,1
40039365,490.67,Entire home/apt,6,3,3,2.5,0,1.786690912574551,78702,House,1,8.25,13,1,0,3,0,0,1,1,0,1,0,1,0,1
1346279167540139276,165.91,Entire home/apt,3,1,2,1,0,20.85848610198599,Other,Apartment/Condo,0,1.3333333333333333,10,5,0,1,1,0,1,1,1,0,0,1,1,1
1357417936711135399,514,Entire home/apt,8,3,6,2,0,9.198848103742348,78744,House,0,1.25,1,3,0,1,0,0,1,1,0,1,0,0,0,1
918274230145158068,200,Entire home/apt,3,1,1,1,0,3.4945784783718272,78751,Guesthouse/Guest suite,1,3,1,13,0,1,0,0,1,1,0,0,0,1,0,1
30590667,1130,Entire home/apt,9,3,6,2.5,0,3.6545769521025058,78741,House,1,7.5,1,0,0,3,0,1,1,1,0,1,0,1,0,1
1006510186319472032,361,Entire home/apt,12,4,6,2,0,5.090752415315837,Other,Apartment/Condo,0,6.833333333333333,16,2,0,1,1,0,1,1,1,1,0,1,1,1
41905296,1970.6699999999998,Entire home/apt,16,7,17,6,0,20.943800321653438,78737,House,1,8.666666666666666,12,2,0,3,1,1,1,1,0,1,0,1,0,0
1483666678869644301,248,Entire home/apt,6,2,3,2,0,4.495927266863138,78721,House,0,3.75,31,16,0,1,0,0,1,1,0,1,0,1,0,1
1519828983793921090,136.94,Entire home/apt,4,2,2,2,0,5.221459538554779,78741,Apartment/Condo,1,8.666666666666666,1,18,0,2,0,0,1,1,0,1,0,1,0,1
1468095291022237920,782.3399999999999,Entire home/apt,12,3,7,2.5,0,4.430692332043735,78704,House,1,4.5,14,43,0,1,1,1,1,1,0,1,0,1,1,1
1671094681688717878,203,Entire home/apt,6,1,4,1,0,24.186963108730104,78734,Unique/other,0,0.08333333333333333,1,1,0,2,1,1,1,1,1,1,0,1,1,1
866574694381082606,250,Entire home/apt,11,4,6,2.5,0,4.5170586722971136,78721,House,1,9.833333333333334,18,45,0,1,1,0,1,1,0,1,0,1,0,1
1259602272588536821,545,Entire home/apt,4,2,3,2,0,2.4180291376991114,78704,House,1,5.666666666666667,7,31,0,1,0,0,1,1,0,1,0,1,0,1
1629371896908232871,448,Entire home/apt,8,3,5,2,0,3.7020823102133034,78704,House,1,8.25,19,5,0,2,0,0,1,1,0,1,0,1,0,1
1624181306925987354,141.5,Entire home/apt,5,1,3,1,0,3.2792019888995423,78751,Apartment/Condo,0,2.8333333333333335,1,4,0,1,1,0,1,1,0,0,0,1,1,1
915980469972640197,248,Entire home/apt,3,1,2,1,0,3.63247767815372,78702,House,1,6.166666666666667,16,23,0,1,0,0,1,1,0,0,0,1,1,1
946305944578941038,234,Entire home/apt,4,1,1,1,0,13.80072680009576,Other,Unique/other,1,2.5833333333333335,1,28,0,1,1,0,1,1,0,0,0,0,0,1
1607460567591084166,156.04,Entire home/apt,4,1,2,1,0,12.614190446857286,Other,Apartment/Condo,0,2.1666666666666665,19,3,0,1,1,0,1,1,0,1,0,1,1,0
560012040579030222,434.56,Entire home/apt,10,5,5,3,0,4.136509705359697,78741,House,1,4.333333333333333,1,9,0,2,0,0,1,1,0,1,0,1,0,1
1425334689162508596,768,Entire home/apt,16,6,12,4.5,0,23.972477001354545,78734,House,1,3.5,4,17,0,2,0,1,1,1,0,1,0,0,1,1
1168878701531937035,374,Entire home/apt,4,2,2,2,0,4.0375894993161445,78702,House,0,10.916666666666666,40,10,0,1,0,0,1,1,1,1,0,1,0,0
1369972990968984311,158.5,Entire home/apt,2,1,1,1,0,2.8885843868088315,78722,Apartment/Condo,1,1.25,4,13,0,2,0,0,1,1,0,1,0,0,1,1
1506489767676495487,200,Hotel/shared room,2,1,1,1,0,4.3336571931994365,78723,Hotel-like,0,1,20,0,1,1,0,0,1,0,1,0,0,1,1,0
42298938,369.5,Entire home/apt,15,6,9,3,0,2.216376625546635,78702,House,1,6.666666666666667,14,17,0,2,0,0,1,1,0,1,0,0,1,1
1585941891140372594,1157,Private room,6,2,3,2,0,0.6982439402015834,78701,Hotel-like,0,0.6666666666666666,6,0,1,2,1,0,1,0,1,1,0,0,0,1
1405274973719930499,499.5,Entire home/apt,4,2,2,2,0,3.3952384619938614,78704,House,0,1.0833333333333333,1,10,0,2,0,0,1,1,0,1,0,1,1,1
49778795,279,Entire home/apt,4,1,2,1,0,2.052813224546788,78703,Apartment/Condo,1,5.083333333333333,1,38,0,1,1,0,1,1,0,1,0,1,0,1
782618190378917805,288.5,Entire home/apt,6,3,4,1,0,20.27130203655961,Other,Guesthouse/Guest suite,1,3.5,1,14,0,2,1,0,1,1,0,0,0,0,1,1
1067756703259716941,213.79,Entire home/apt,8,4,8,2,0,12.62255674528642,Other,House,0,7.916666666666667,12,4,0,7,0,0,1,1,0,1,0,1,1,1
1561242544787942134,295,Entire home/apt,12,3,7,2.5,0,5.690309270371231,78721,House,1,7.75,7,9,0,1,0,0,1,1,0,1,0,1,1,1
1481591660775634702,121,Entire home/apt,4,1,2,1,0,5.203755676257769,Other,Apartment/Condo,0,4,38,25,0,1,1,0,1,1,0,1,0,1,1,1
1678477026367593539,307,Entire home/apt,6,3,3,2,0,6.6125137888865435,78741,House,1,11.083333333333334,23,3,0,1,0,0,1,1,0,1,0,1,1,1
1669185704293415022,91.29,Private room,1,1,1,1,0,17.07039842308451,Other,House,0,7.416666666666667,2,0,1,5,0,0,1,1,0,1,0,1,0,0
1570416681276696622,591.5,Entire home/apt,14,4,6,4.5,0,3.1815861108593415,78702,House,1,0.75,2,37,0,1,1,0,1,1,0,1,0,1,1,1
954323894674447673,229.5,Entire home/apt,6,3,3,2,0,8.913044899385117,78744,House,1,2.75,1,41,0,1,0,0,1,1,0,1,0,1,1,1
666423,428,Entire home/apt,6,3,3,1,0,4.701008199566008,78704,House,0,13.75,3,0,0,2,0,0,1,1,0,1,0,1,1,0
1494466387268913420,339.5,Entire home/apt,16,4,9,3,0,9.523647478122848,78745,House,1,5.333333333333333,3,36,0,2,1,0,1,1,0,1,0,1,1,0
664526135895070213,336,Entire home/apt,5,2,4,1,0,21.239429375559862,Other,House,1,3.9166666666666665,2,20,0,1,0,0,1,1,0,1,0,1,0,1
17557972,200.85000000000002,Entire home/apt,4,2,2,1,0,6.215547180557514,78704,House,1,9.5,2,47,0,1,0,0,1,1,0,1,0,1,0,1
1670708436993226834,1194,Entire home/apt,10,5,5,3.5,0,2.371196150882562,78704,House,1,8.833333333333334,10,0,1,2,1,1,1,1,0,1,0,0,0,1
1396580730358429517,190,Entire home/apt,5,1,1,1,0,1.7623798138249251,78705,Apartment/Condo,1,1.5833333333333335,3,58,0,1,0,0,1,1,0,0,0,1,1,1
1582867303009397957,561.5,Entire home/apt,4,2,2,2,0,5.814131142402317,78704,Apartment/Condo,1,4.5,178,1,0,1,0,0,1,0,0,1,0,0,1,1
14073415,243,Entire home/apt,6,2,2,2,0,26.105393229992607,78734,House,0,10.25,17,1,0,2,1,0,1,0,0,1,0,0,0,0
936877242454859749,1055,Entire home/apt,7,4,4,3.5,0,4.700610029868853,78704,House,1,4.75,1,7,0,1,1,1,1,1,0,1,1,1,1,1
23257141,154.5,Entire home/apt,2,1,1,1,0,4.1209855872355,78704,Apartment/Condo,1,11.083333333333334,2,32,0,1,0,0,1,1,0,0,0,0,0,1
48804870,182.67,Entire home/apt,2,1,1,1,0,2.9596295600725093,78702,Guesthouse/Guest suite,1,5.25,1,26,0,3,0,0,1,1,0,1,0,1,0,1
1438768242476821630,194,Entire home/apt,4,1,1,1,0,13.897979740472133,78758,House,1,1.8333333333333335,1,5,0,1,1,0,1,1,1,1,0,0,0,0
1302155361861567312,895,Entire home/apt,16,6,10,4.5,0,3.1529900819554597,78702,House,1,4.583333333333333,3,19,0,1,1,1,1,1,0,1,0,1,0,1
861559480460652111,117.14,Entire home/apt,2,1,1,1,0,5.469586246385652,78741,Apartment/Condo,0,3.1666666666666665,1,3,0,7,0,0,1,0,0,1,0,1,0,1
755672804161441366,197.6,Private room,2,1,1,1,0,1.1485545875968488,78705,Hotel-like,0,6.333333333333333,11,0,1,1,1,0,1,0,0,0,0,0,1,0
19892325,215,Entire home/apt,6,2,4,2,0,1.8735644677867225,78702,House,1,8.666666666666666,1,52,0,1,0,0,1,1,0,1,0,0,0,1
1147210672045537705,344,Hotel/shared room,3,1,1,1,0,26.113937906418407,78734,Hotel-like,0,3.1666666666666665,48,0,1,1,1,0,1,0,1,0,0,1,1,1
760754080209904802,80.29,Entire home/apt,1,1,1,1,0,3.497981844830621,78702,Guesthouse/Guest suite,1,3.5833333333333335,2,15,0,2,0,0,1,1,0,0,0,1,0,1
1560453553195944043,121,Entire home/apt,4,1,1,1,0,11.324156409494192,Other,Apartment/Condo,0,0.5,1,8,0,2,1,0,1,1,0,1,0,0,1,1
708130077838307371,204,Entire home/apt,2,1,1,1,0,8.447680830608732,78757,Apartment/Condo,0,8.666666666666666,53,16,0,1,0,0,1,1,0,1,0,1,1,1
1525421408762678579,274,Entire home/apt,8,3,5,2.5,0,13.343757679610967,Other,House,0,9.416666666666666,1,9,0,1,0,0,1,1,0,1,0,0,0,1
1365784617982096309,364,Entire home/apt,6,2,3,1,0,3.1423835935713518,78704,House,1,5.833333333333333,18,1,0,1,0,0,1,1,0,1,1,1,1,1
1663249159594961996,495.5,Private room,4,1,2,1,1,0.9957157257817794,78701,Hotel-like,0,3.6666666666666665,25,0,1,2,1,0,1,0,1,1,0,0,0,0
760025235544831204,1085,Entire home/apt,11,5,6,4.5,0,2.913617289268873,78702,House,0,2.6666666666666665,1,4,0,1,0,0,1,1,0,1,1,1,0,1
1024711659493109341,157,Entire home/apt,6,2,3,1,0,9.973774893632521,78744,House,1,8.25,35,9,0,1,0,0,1,1,0,1,0,1,0,1
1618164643328205585,284.5,Entire home/apt,9,3,5,2,0,6.93224461272929,78745,House,0,0.3333333333333333,1,13,0,1,1,0,1,1,0,1,0,0,0,1
913286679360069004,391,Entire home/apt,8,3,4,2,0,3.700310117090339,78722,House,1,3.75,3,19,0,1,0,0,1,1,0,1,0,1,1,1
574591657776386005,128,Entire home/apt,6,3,3,1,0,7.316345987531651,78723,House,1,11.666666666666666,4,37,0,2,0,0,1,1,0,1,0,1,0,1
1415944921369672830,378,Entire home/apt,6,3,3,2,0,6.544883559769212,78741,House,1,10.333333333333334,41,14,0,1,0,0,1,1,0,1,0,1,1,1
920849262163364775,441,Entire home/apt,6,3,3,3,0,2.5187945806243657,78703,House,1,4.75,5,2,0,1,0,0,1,1,0,1,0,1,0,1
1534124185986424976,250,Entire home/apt,6,3,3,2,0,12.120186079348425,Other,House,0,4.833333333333333,1,1,0,2,1,0,1,1,0,1,0,1,1,1
938662628854674618,270,Entire home/apt,6,3,3,1,0,2.4148529685507305,78702,House,1,2.9166666666666665,1,23,0,2,0,0,1,1,0,1,0,1,1,1
1696582068018604079,307.64000000000004,Entire home/apt,8,3,5,3.5,0,2.4477145265750706,78722,House,1,4.5,178,0,1,2,0,0,1,1,0,1,0,1,0,1
1161629329480302437,230.5,Entire home/apt,6,2,3,1,0,4.176041310718071,78741,Apartment/Condo,0,8.666666666666666,53,19,0,1,1,0,1,1,0,1,1,1,1,1
1242902372431940105,100.42,Entire home/apt,2,1,1,1,0,2.3006362637514086,78702,Guesthouse/Guest suite,1,1.75,1,43,0,1,0,0,1,1,0,1,0,0,0,1
1557277374697541221,82,Hotel/shared room,2,1,1,1,0,7.075821270527795,78744,Hotel-like,0,1,4,1,0,1,1,0,1,1,1,0,0,1,0,1
1331299955208455857,234,Entire home/apt,8,4,4,2,0,11.28088395314635,78724,House,1,6.666666666666667,2,15,0,1,1,0,1,1,0,1,0,0,1,1
1477742993452359019,222,Entire home/apt,8,3,4,2,0,12.16257235187495,78745,House,0,0.75,2,2,0,3,0,0,1,1,0,1,0,1,1,0
24032315,879,Entire home/apt,10,5,4,4,0,4.372894667646663,78703,House,0,6.416666666666667,1,2,0,2,0,0,1,1,0,1,0,1,1,0
27025549,258.67,Entire home/apt,2,1,1,1,0,4.439290784587552,78703,Apartment/Condo,0,7.916666666666667,2,0,0,3,0,0,1,1,0,0,0,0,0,1
24649925,548,Entire home/apt,12,4,5,2.5,0,25.28077719421108,78737,House,1,12.833333333333334,2,6,0,2,0,0,1,1,0,1,0,0,1,1
814673647923084366,574.6700000000001,Entire home/apt,5,3,2,2.5,0,4.13076769104026,78741,House,0,5.833333333333333,1,1,0,3,0,1,1,1,0,1,0,1,0,1
1539395178224528841,415.5,Entire home/apt,9,3,6,2,0,25.127444458575017,78734,Apartment/Condo,0,3.9166666666666665,48,8,0,2,1,0,1,1,0,1,0,1,1,1
39203878,147.5,Entire home/apt,2,1,1,1,0,5.707587225687862,78751,Apartment/Condo,1,6.583333333333333,1,20,0,2,1,0,1,1,0,1,1,0,1,1
42382842,677,Entire home/apt,12,4,6,4,0,26.129014402223575,Other,House,1,8.25,13,3,0,2,1,1,1,1,0,1,0,1,0,1
14474805,664.5,Entire home/apt,8,4,4,3.5,0,21.284554416919796,78734,House,1,11.25,1,9,0,2,0,0,1,1,0,1,0,1,1,1
1569126827297123796,596.5,Entire home/apt,10,4,5,3,0,18.242209873130243,Other,House,1,0.5,1,16,0,2,0,0,1,1,0,1,0,0,1,1
37898658,478,Entire home/apt,6,2,3,2,0,0.8686778184218412,78701,Apartment/Condo,0,12.333333333333334,6,1,0,1,1,0,1,0,1,1,0,0,0,1
32866140,1297.6699999999998,Entire home/apt,15,5,8,4,0,6.911143258433282,78746,House,1,7.25,2,30,0,1,1,1,1,1,0,1,0,1,0,0
1162444206161201245,346,Entire home/apt,6,3,3,1.5,0,5.3045786121713325,78704,House,1,2.0833333333333335,7,35,0,1,1,0,1,1,0,1,0,0,0,1
1211828326901062564,389.5,Entire home/apt,10,4,5,2.5,0,12.18674015407078,78744,House,1,5,1,29,0,2,0,0,1,1,0,0,0,1,0,1
1508087738276862137,155,Private room,2,1,1,1,0,5.782151660130882,78746,Apartment/Condo,1,0.75,1,4,0,1,1,1,1,1,0,1,0,1,0,1
1253766500193483978,325.67,Entire home/apt,4,2,2,1,0,5.612140273289057,Other,House,1,3.25,9,36,0,1,0,0,1,1,0,1,0,1,1,1
626065916690491645,1121,Entire home/apt,10,3,7,3,0,1.884850692439398,78702,House,0,10.916666666666666,40,35,0,1,1,1,1,1,0,1,0,1,0,1
1209789080558099218,256.77,Entire home/apt,8,3,3,2,0,9.424178119356498,78745,House,0,10.166666666666666,1,26,0,2,0,0,1,1,0,1,0,1,1,1
1041345513862072996,177.5,Entire home/apt,6,3,3,2.5,0,10.32644030705567,78745,House,1,2.5,4,12,0,2,0,0,1,1,0,1,0,1,1,1
39410349,162,Private room,3,1,2,1,0,1.2083447194724035,78705,Hotel-like,0,6.333333333333333,11,0,0,1,1,0,1,0,0,0,0,0,1,0
1698075854314462443,342,Entire home/apt,8,4,3,3,0,11.970909082894858,78758,House,1,7.833333333333333,2,2,0,1,1,0,1,1,0,1,0,0,1,1
1605298264216195904,870,Entire home/apt,5,2,3,2,0,1.9378163662320949,78701,Apartment/Condo,0,3.5,1,3,0,2,1,0,1,0,0,1,0,0,0,1
1647875530740963822,1013,Entire home/apt,14,5,10,4.5,0,22.424425210752545,78734,House,0,0.25,1,0,1,2,0,0,1,1,0,1,0,0,0,1
990742038930621825,675.6,Entire home/apt,16,7,13,4,0,5.896098279921629,78741,House,1,8.583333333333334,1,38,0,2,1,1,1,1,0,1,0,1,0,1
33361564,1652,Entire home/apt,16,8,18,5,0,13.223847312302285,Other,House,1,8.833333333333334,1,2,0,2,1,0,1,1,0,1,0,0,1,0
1608714021990215104,155.67,Entire home/apt,5,2,2,1.5,0,2.2850504306524493,78704,House,1,2.5833333333333335,1,19,0,1,0,0,1,1,0,1,0,0,1,1
726034556472427530,148,Entire home/apt,5,2,3,1,0,5.0697831127976505,78741,House,1,3.6666666666666665,1,28,0,1,0,0,1,1,0,1,0,1,1,1
721021062297480761,335,Entire home/apt,8,4,4,3,0,3.9780622871766123,78704,House,0,7.166666666666667,18,29,0,1,0,0,1,1,0,1,1,1,1,1
1684854412969452037,163,Entire home/apt,4,2,2,1,0,3.66723632091106,78704,House,0,10.666666666666666,3,0,1,1,0,1,1,1,0,0,0,1,0,0
1669592678256742460,842,Hotel/shared room,2,1,1,1,0,1.9752223417939487,78704,Hotel-like,0,0.16666666666666666,47,0,1,1,1,0,1,0,1,0,1,1,1,1
35938028,262.5,Entire home/apt,4,2,2,2,0,5.029771532987015,78704,Guesthouse/Guest suite,0,6.416666666666667,1,0,0,2,0,0,1,1,0,1,0,0,1,1
3111194,103.5,Entire home/apt,4,1,3,1,0,5.012978312416059,78723,Apartment/Condo,1,4.833333333333333,1,14,0,4,0,0,1,1,0,1,0,1,1,1
1479422990737590909,316.33,Entire home/apt,5,4,4,3.5,0,26.911706360979508,Other,House,0,10.833333333333334,1,1,0,3,0,0,1,1,0,1,0,1,0,0
1572031197631535826,1082,Entire home/apt,8,4,6,2,0,6.552057055471357,78723,House,0,3.75,1,11,0,1,0,0,1,1,1,1,1,1,1,1
1071492490071368650,321,Entire home/apt,8,3,4,2,0,18.89038406068087,Other,House,1,2.6666666666666665,3,71,0,1,0,0,1,1,0,1,0,1,1,1
647279044517759618,119.66,Entire home/apt,6,3,3,2,0,8.377913279000323,78744,House,0,3.6666666666666665,2,7,0,3,0,0,1,1,0,1,0,0,1,1
633986697893536257,398,Entire home/apt,8,2,4,2,0,2.0344506760781464,78701,Unique/other,1,8.833333333333334,38,27,0,1,1,0,1,0,1,1,1,1,1,1
48509825,254.4,Entire home/apt,4,2,2,2,0,3.7532563906338883,78704,House,0,14.75,1,0,0,5,0,0,1,1,0,1,0,1,1,1
1049237805895918622,1082.5,Entire home/apt,14,4,8,3.5,0,15.582439806519615,Other,House,1,4.416666666666667,3,31,0,2,1,1,1,1,0,1,0,1,1,1
1186325694093063028,391,Entire home/apt,5,2,2,2,0,3.6912973394895934,78702,House,0,3.9166666666666665,1,11,0,2,0,0,1,1,0,1,0,1,0,1
716497513012930007,1559.6699999999998,Entire home/apt,6,3,4,3.5,0,3.7053225458798664,78704,House,0,13.75,1,0,0,3,1,0,1,0,1,1,0,0,0,1
1325366321990333287,238,Entire home/apt,4,1,2,1,0,11.238935829089133,78758,Apartment/Condo,1,1.5833333333333335,6,44,0,1,1,0,1,1,1,1,1,1,0,1
765919869232513113,249,Entire home/apt,6,2,3,2,0,1.6130436936182249,78703,Apartment/Condo,1,4.916666666666667,27,0,1,2,1,0,1,0,1,1,0,1,0,1
50446002,261,Entire home/apt,4,2,2,1,0,2.768305314447569,78702,House,0,9.583333333333334,3,10,0,1,1,0,1,1,0,1,0,0,1,1
14656022,138.5,Private room,4,2,2,1,0,16.844245588159865,Other,Hotel-like,0,4.166666666666667,1,3,0,2,0,0,1,1,0,1,0,1,0,0
1235766123222122059,183,Entire home/apt,3,1,2,1,0,14.041416066158153,Other,Apartment/Condo,0,1.75,1,8,0,2,1,0,1,1,0,1,0,0,1,1
51560781,776,Entire home/apt,6,2,2,2,0,2.6498379674560817,78704,Apartment/Condo,0,12.25,23,0,1,1,1,0,1,1,0,1,0,1,0,1
681608812635379432,246,Entire home/apt,6,2,3,1,0,0.7542600020707663,78701,Apartment/Condo,1,4.333333333333333,28,7,0,2,1,0,1,0,1,1,0,1,0,1
41286166,507,Entire home/apt,10,3,4,2.5,0,15.311113581755002,Other,House,0,13.25,5,1,0,1,0,0,1,1,0,1,0,0,0,1
1382103307975662932,400,Entire home/apt,11,3,6,2,0,1.8743842990682453,78702,House,1,8.25,13,2,0,2,0,0,1,1,0,1,0,1,1,1
1238503587925654903,309,Entire home/apt,4,2,2,1,0,2.7829956042106754,78705,House,1,1.75,3,22,0,2,0,0,1,1,0,1,0,0,0,1
1647308132816173785,244,Entire home/apt,10,3,5,2,0,2.67183871430656,78702,House,0,0.3333333333333333,3,0,1,2,0,0,1,0,0,1,0,1,1,1
1091499945513832289,295.1,Entire home/apt,8,3,4,2.5,0,6.627501353325552,78745,House,0,4.25,37,7,0,2,0,0,1,1,0,1,0,1,0,1
1466684044265618941,266,Entire home/apt,4,2,3,2.5,0,5.445284482240668,78746,Apartment/Condo,0,10.916666666666666,2,9,0,2,1,0,1,1,0,1,0,1,1,1
1107923933440118562,157,Entire home/apt,2,1,1,1,0,6.1270280348096735,Other,Guesthouse/Guest suite,1,1.5,1,36,0,2,0,0,1,1,0,1,0,1,0,1
1408356283862288280,186,Entire home/apt,6,2,4,2,0,15.399386218676582,78753,Apartment/Condo,1,1.0833333333333333,6,40,0,1,1,0,1,1,1,1,1,1,0,1
21950186,405.5,Entire home/apt,16,4,7,4,0,4.871591567442668,78704,House,0,9.083333333333334,3,3,0,2,0,0,1,1,0,1,0,1,1,1
1695652262817965062,211.5,Entire home/apt,8,3,3,2,0,10.676086955039443,78744,House,0,0,1,0,1,2,0,0,1,1,0,1,0,1,1,1
747499,193.33,Entire home/apt,6,2,2,1,0,1.712431255738368,78703,House,0,13.666666666666666,1,26,0,1,0,0,1,1,0,0,0,1,1,0
1436371971184914139,370.67,Private room,4,1,2,1,0,0.836070235275203,78701,Hotel-like,0,3,60,0,1,3,1,0,1,0,1,1,0,0,0,0
1581394145099655023,280,Entire home/apt,11,3,7,2.5,0,6.481531983236359,78741,House,1,9.416666666666666,15,12,0,2,1,0,1,1,0,1,0,1,1,1
1018710367733768452,328.5,Entire home/apt,9,4,5,3,0,13.373417581805775,78744,House,1,2.5833333333333335,1,20,0,2,0,0,1,1,0,1,0,1,0,1
879774083309078454,576,Entire home/apt,16,6,8,4,0,5.5141010915117,78751,House,1,9.75,33,1,0,1,1,0,1,1,0,1,0,1,0,1
767534182005444519,334,Entire home/apt,14,5,7,2.5,0,4.554193510517175,78721,House,1,9.833333333333334,18,74,0,1,1,0,1,1,0,1,0,1,0,1
1134055413623358382,166,Entire home/apt,4,2,2,2,0,14.2197966947265,78758,Apartment/Condo,1,10.333333333333334,1,27,0,2,1,0,1,1,1,1,1,1,0,1
6584889,169.5,Entire home/apt,1,1,1,1,0,6.334559722176373,78723,House,1,15.25,2,2,0,3,0,0,1,1,0,1,0,1,0,1
1550207055389825208,285.5,Entire home/apt,6,2,3,2,0,2.284172429722523,78703,House,0,1.9166666666666665,1,2,0,2,0,0,1,1,0,0,0,1,0,1
1595774996679110152,205.6,Entire home/apt,4,1,2,1,0,5.814131142402317,78704,Apartment/Condo,1,4.5,178,0,1,1,1,0,1,0,0,1,0,0,1,1
1315739335360882079,202,Entire home/apt,4,1,1,1,0,8.91313155368804,78757,Guesthouse/Guest suite,1,2,2,9,0,2,0,0,1,1,0,1,0,1,0,1
50623833,496,Entire home/apt,6,2,3,2,0,3.33710159288784,78702,Apartment/Condo,1,5.166666666666667,11,19,0,1,0,0,1,1,0,1,0,1,1,1
609611098723684673,632,Entire home/apt,8,2,4,2,0,2.0167384325644666,78701,Apartment/Condo,1,4.166666666666667,20,45,0,1,1,0,1,0,1,1,1,1,0,1
947945247165173388,117.85,Entire home/apt,4,1,2,1,0,6.344759172816291,78741,Apartment/Condo,0,8.666666666666666,53,26,0,1,0,0,1,1,1,1,1,1,0,1
38300189,913,Entire home/apt,8,4,4,3.5,0,23.59438970311871,Other,House,1,6.75,2,10,0,2,1,1,1,1,0,1,0,1,0,1
24822761,1655,Entire home/apt,8,4,3,2,0,20.62782912892462,78729,House,0,8.083333333333334,1,0,1,2,0,0,1,1,0,1,0,0,1,0
24430879,480,Entire home/apt,4,4,2,2,0,13.793123883991855,Other,House,0,13.166666666666666,1,1,0,1,1,0,1,1,0,1,0,1,0,1
892324925583826002,293.25,Entire home/apt,7,3,4,2,0,9.210759136413316,78745,House,1,3.8333333333333335,5,12,0,2,0,0,1,1,0,1,0,1,1,1
1522880856219621951,362.5,Entire home/apt,12,4,8,3,0,6.183996007072312,78741,House,1,4,4,47,0,1,1,1,1,1,0,1,0,1,1,1
1712421507450900533,92,Entire home/apt,6,1,1,1,0,9.987812998576395,78745,Apartment/Condo,0,0,1,0,1,1,1,0,1,1,0,0,0,0,0,0
1684821047736494322,254.5,Entire home/apt,9,3,6,1,0,2.286936281685852,78722,House,0,0.08333333333333333,1,3,0,2,1,0,1,1,0,0,0,0,0,1
1700248957718713998,281.5,Entire home/apt,6,2,3,2,0,0.9433632119991163,78701,Apartment/Condo,1,3.75,6,0,1,2,1,1,1,0,1,1,0,0,0,1
1605213220085837878,191.72,Entire home/apt,7,3,4,2,0,10.135369950987927,78745,House,1,1.25,2,7,0,2,0,0,1,1,0,1,0,1,0,1
1466973108414388602,150,Entire home/apt,3,1,2,1,0,1.5446842806108994,78703,Apartment/Condo,0,2.6666666666666665,2,22,0,1,0,0,1,1,0,1,0,1,0,1
1147206669655587264,280,Hotel/shared room,2,1,1,1,0,26.113937906418407,78734,Hotel-like,0,3.1666666666666665,48,0,1,1,1,0,1,0,1,0,0,1,1,1
1255177109633100876,1597,Entire home/apt,16,6,9,3,0,5.062178683998498,78704,House,1,4.75,1,25,0,1,1,1,1,1,0,1,0,1,1,1
1410928542656723874,526.5,Entire home/apt,10,5,5,5,0,2.702281224147166,78702,House,1,7.25,31,41,0,2,1,0,1,1,0,1,0,1,1,1
1285476474707857329,362.74,Private room,6,2,3,2,0,0.8507542429223119,78701,Hotel-like,0,6.75,30,0,1,2,1,0,1,0,1,1,0,1,0,1
988977594431674129,535,Entire home/apt,4,1,2,1,0,0.7401755178412613,78701,Apartment/Condo,1,2.75,26,2,0,1,1,0,1,0,1,1,0,0,0,1
863769694473516328,424,Entire home/apt,14,5,7,2.5,0,8.566280632752475,78744,House,1,4.75,3,6,0,4,0,1,1,1,0,1,0,1,0,1
1542902594547942721,158.62,Entire home/apt,2,1,1,1,0,11.09678809408558,78745,Unique/other,0,13.833333333333334,1,0,1,1,0,0,1,1,0,0,0,1,0,0
806811496688059056,2230.3300000000004,Entire home/apt,16,6,16,6,0,20.43579657803923,78737,House,1,8.666666666666666,12,8,0,3,1,1,1,1,0,1,0,1,1,1
50594793,103,Entire home/apt,2,1,1,1,0,8.194297689268511,78745,Guesthouse/Guest suite,1,4.5,1,31,0,2,0,0,1,1,0,0,0,1,0,1
1669592729892676969,627.3299999999999,Hotel/shared room,2,1,1,1,0,1.9752223417939487,78704,Hotel-like,0,0.16666666666666666,47,0,1,1,1,0,1,0,1,0,1,1,1,1
831055275070095410,586.56,Entire home/apt,16,4,11,3,0,4.11143257418563,78704,House,1,3.1666666666666665,2,48,0,1,1,1,1,1,0,1,1,1,1,1
1227484108988865494,399.5,Entire home/apt,13,3,13,2,0,17.0823757156223,78737,House,0,1.8333333333333335,1,0,0,2,0,0,1,1,0,1,0,0,0,1
1642567215558176321,460,Private room,4,2,2,2,0,1.8411780585091915,78701,Hotel-like,0,1.8333333333333335,8,0,1,1,1,0,1,0,0,1,0,1,1,0
668748406827293973,171.5,Entire home/apt,2,1,1,1,0,13.022097655694918,78753,Guesthouse/Guest suite,1,3.9166666666666665,1,36,0,2,0,1,1,1,0,0,0,1,0,1
1331586255539608893,218.78,Entire home/apt,8,3,4,2.5,0,14.272920830324642,Other,House,1,1.4166666666666667,1,32,0,3,1,0,1,1,0,1,1,0,1,1
1567458459263322601,500,Entire home/apt,10,4,5,4,0,1.0023540612317534,78702,House,1,13.25,4,2,0,1,1,0,1,1,0,1,0,0,1,1
48611320,249,Entire home/apt,6,2,3,2,0,0.7679483395818422,78701,Apartment/Condo,1,5.25,23,0,0,2,1,0,1,0,1,1,0,1,0,1
1633591976306440537,222.53,Entire home/apt,7,3,3,2,0,1.465630643248795,78705,Apartment/Condo,0,9.333333333333334,47,5,0,1,0,0,1,0,0,1,0,0,0,0
1695769037303495730,205.6,Entire home/apt,4,1,2,1,0,5.814131142402317,78704,Apartment/Condo,1,4.5,178,0,1,1,1,0,1,0,0,1,0,0,1,1
1485663023758128250,321,Entire home/apt,6,2,3,2,0,4.974001658105973,78704,House,1,9.75,33,11,0,1,1,0,1,1,0,1,0,0,0,1
1168039870516087109,194,Entire home/apt,4,2,3,1.5,0,7.145050860916976,78757,Guesthouse/Guest suite,1,2,1,12,0,2,0,0,1,1,0,1,0,0,0,1
1474080100243780768,262.5,Private room,4,1,2,1,0,0.8819756392687957,78701,Hotel-like,0,2.25,7,0,1,2,1,0,1,0,0,1,0,0,0,1
21836513,358,Entire home/apt,7,3,3,2.5,0,18.797102672356132,78729,House,1,8.583333333333334,2,4,0,4,0,0,1,1,0,1,0,1,1,1
1491516933411514821,213,Entire home/apt,6,3,3,1,0,6.418470696854905,78741,House,0,0.8333333333333334,1,6,0,2,0,0,1,1,0,1,0,1,0,1
1045864179726021831,542.06,Entire home/apt,8,4,4,2.5,0,27.256087903723973,78737,House,1,9.666666666666666,1,47,0,1,1,0,1,1,0,1,0,1,1,1
19766891,303,Entire home/apt,10,4,5,3,0,6.518091327054052,78723,House,1,8.916666666666666,3,32,0,1,1,0,1,1,0,1,0,1,1,1
1441388282495534957,416.33,Private room,6,2,3,2,0,0.7960388172190703,78701,Hotel-like,0,3,60,0,1,3,1,0,1,0,1,1,0,0,0,0
574580867580939668,234.82000000000002,Entire home/apt,4,1,2,1,0,2.034456987676643,78701,Apartment/Condo,1,4.5,178,3,0,2,1,0,1,1,1,1,1,1,1,1
1056508386184809171,205.41,Entire home/apt,6,1,4,1,0,23.24035975737005,78737,Unique/other,1,2.4166666666666665,2,23,0,2,1,0,1,1,0,1,1,0,0,1
1434927561681947121,263,Entire home/apt,5,2,2,1,0,4.097263502070274,78704,House,1,8.5,1,13,0,2,0,0,1,1,0,1,0,1,0,0
608809947673509824,417,Entire home/apt,8,4,4,2.5,0,18.85238046223941,78729,House,1,10.333333333333334,12,7,0,2,0,0,1,1,0,1,0,1,1,1
42162967,352,Entire home/apt,8,3,4,1,0,6.545581405061024,78741,House,1,9.916666666666666,2,17,0,1,0,0,1,1,0,1,0,1,1,1
53938945,367.46,Entire home/apt,2,1,1,1,0,24.617663747149468,Other,House,0,4.416666666666667,1,12,0,1,1,0,1,1,0,0,0,1,0,1
43489864,1043.33,Entire home/apt,16,5,11,4,0,21.15181559715199,Other,House,1,8.25,13,11,0,2,1,0,1,1,0,1,0,1,0,1
579162635759037472,160,Entire home/apt,4,2,2,1,0,4.123871432305316,78721,House,1,14.333333333333334,9,57,0,1,0,0,1,1,0,1,0,1,0,1
1635210783873809498,513,Entire home/apt,6,1,3,1,0,7.937718683702239,78757,House,0,0.3333333333333333,2,1,0,1,0,0,1,1,0,1,0,0,0,0
1217725692739239256,295,Entire home/apt,5,2,2,2,0,2.516927155889594,78702,House,1,8.666666666666666,2,1,0,3,0,0,1,1,0,1,0,1,1,1
1543086034218432440,759.5,Entire home/apt,16,6,7,3,0,4.373081103644351,78704,House,1,5.166666666666667,11,9,0,2,1,1,1,1,0,1,0,1,1,1
664078690410315852,401.67,Entire home/apt,8,3,4,2.5,0,10.729448333857839,Other,House,1,10.666666666666666,10,11,0,1,1,0,1,1,0,1,0,1,0,0
889178807316459096,256,Entire home/apt,6,3,3,2,0,21.268763676641125,78734,House,0,3.0833333333333335,1,0,0,2,0,0,1,1,0,1,0,1,1,1
1280465599306761499,239.67,Entire home/apt,8,3,4,2,0,19.784752787316602,Other,House,1,1.5833333333333335,1,10,0,3,0,0,1,1,0,1,0,0,1,1
716569731201972765,361.5,Private room,6,2,3,2,0,0.7704450056369456,78701,Hotel-like,0,3.6666666666666665,25,0,0,2,1,1,1,0,1,1,0,1,0,1
1565400516500407465,1428,Entire home/apt,16,6,14,4.5,0,19.695042333584386,78737,House,0,0.5,1,16,0,1,1,1,1,1,0,1,0,1,1,1
805032644235883016,279.02,Entire home/apt,4,2,2,1,0,11.936997719889089,78745,House,1,12.583333333333334,3,40,0,1,0,0,1,1,0,1,0,1,1,1
1188723878155807625,165.5,Entire home/apt,3,1,3,1,0,5.9208262683081125,78704,Apartment/Condo,0,1.75,3,7,0,1,1,0,1,1,0,1,1,1,1,1
1433413755430107748,308.14000000000004,Entire home/apt,5,3,3,2,0,12.674664842815503,Other,House,0,7.083333333333333,1,2,0,7,0,0,1,1,0,1,0,1,1,0
809364805350339917,109.08,Entire home/apt,3,1,2,1,0,2.1214391868779,78704,Apartment/Condo,0,3.4166666666666665,2,16,0,1,1,0,1,1,0,1,0,1,0,1
671631973726583363,327,Entire home/apt,4,1,2,1,0,0.6493513569065805,78701,Apartment/Condo,0,3.9166666666666665,5,0,0,2,0,0,1,0,0,1,0,1,0,0
1630899539278852074,198.18,Entire home/apt,4,2,2,1,0,5.274251028212729,78704,House,0,4.75,7,1,0,3,0,0,1,1,0,1,0,1,1,1
1511037036391900273,301.5,Entire home/apt,6,3,3,2.5,0,3.123684189325301,78704,Apartment/Condo,0,4.25,37,5,0,2,0,0,1,1,0,1,0,1,1,1
1363786146782807060,1211.33,Entire home/apt,8,4,4,3,0,4.495982146337667,Other,House,0,8.916666666666666,1,1,0,3,0,0,1,1,0,1,0,1,0,0
34864514,425,Entire home/apt,11,4,10,4,0,1.5897766790053491,78702,House,1,9.083333333333334,7,42,0,2,0,0,1,1,0,1,1,1,0,1
1251358048715864255,128,Entire home/apt,4,1,2,1,0,2.158326258871631,78702,Apartment/Condo,1,5.083333333333333,12,8,0,2,0,0,1,1,0,0,0,0,0,0
1512714963685076430,1598,Entire home/apt,7,4,4,4,0,3.940208087935433,78704,House,1,3.9166666666666665,2,0,1,2,1,0,1,1,0,1,0,1,0,0
1461009918964563053,128,Entire home/apt,4,1,2,1,0,5.714383835464355,78751,Apartment/Condo,1,0.5833333333333334,1,74,0,1,1,0,1,1,0,1,1,0,1,1
1503761656799486406,319,Entire home/apt,7,3,3,2,0,3.2445231735611983,78702,House,0,3.0833333333333335,1,19,0,1,0,0,1,1,0,1,0,0,1,1
1210268333206743814,650.5,Entire home/apt,6,3,3,2,0,5.494044947006013,78751,House,0,1.6666666666666665,1,10,0,2,0,0,1,1,0,1,0,1,1,1
42591222,173.08,Entire home/apt,4,2,2,2,0,5.601829100762856,78741,Apartment/Condo,1,10.25,1,36,0,3,0,0,1,1,0,1,0,1,0,1
1351633741817492453,410.3,Entire home/apt,10,4,4,3,0,2.282761721804502,78702,House,1,13.416666666666666,4,0,1,1,1,1,1,1,0,0,0,1,1,1
963685965673959202,215,Entire home/apt,5,2,3,1,0,2.736347993714716,78702,House,1,5.833333333333333,18,6,0,1,1,0,1,1,0,1,1,1,1,1
1166865229781865319,102.9,Private room,3,1,2,1,0,15.249894339681342,78753,Hotel-like,0,2,2,112,0,1,1,0,1,1,1,1,0,1,0,0
47529558,203.5,Entire home/apt,4,1,2,1,0,0.7679483395818422,78701,Apartment/Condo,1,5.583333333333333,5,0,0,2,1,0,1,0,1,1,0,1,0,1
1630469869972799308,273.88,Entire home/apt,2,1,1,1,0,6.347688247893111,78757,Guesthouse/Guest suite,0,2.5833333333333335,1,1,0,2,1,0,1,1,0,0,0,0,0,0
48960238,247,Entire home/apt,2,2,2,2,0,1.750977751322782,78703,House,0,7.666666666666667,2,5,0,1,0,0,1,1,0,1,0,1,0,0
1529507341248290810,2548.6,Entire home/apt,16,6,13,5.5,0,2.4036071278225513,78702,House,1,7.833333333333333,27,7,0,1,1,1,1,1,0,1,0,1,1,1
1454444555817132133,124.39,Entire home/apt,5,1,1,1,0,1.6634639855788846,78705,Apartment/Condo,1,0.9166666666666666,9,81,0,1,0,0,1,1,0,1,0,0,0,1
1388729243486967685,332,Entire home/apt,10,4,5,2,0,13.333852355164058,78758,House,1,3.5,1,13,0,2,1,1,1,1,0,1,0,1,1,1
747804017927884505,148,Entire home/apt,2,1,1,1,0,1.8095300866815145,78703,House,0,11.666666666666666,4,32,0,1,0,0,1,1,0,0,0,0,0,1
22842952,280,Entire home/apt,12,5,6,2.5,0,18.313241242703242,Other,House,1,8.416666666666666,1,10,0,2,0,0,1,1,0,1,0,1,1,0
1505969237096701245,124,Private room,2,1,1,1,1,11.39621579748485,Other,House,0,13.333333333333334,4,1,0,1,0,0,1,1,0,0,0,1,0,1
54163355,304,Entire home/apt,5,2,3,1,0,3.99175418516147,78704,House,1,12.083333333333334,23,27,0,1,0,0,1,1,0,1,0,1,1,1
12798760,150,Entire home/apt,4,1,2,1,0,3.0012554014659956,78705,Apartment/Condo,1,4.25,1,28,0,2,0,0,1,1,0,1,0,0,0,1
1615451248911981424,233,Entire home/apt,2,1,1,0,0,1.2555875548842306,78701,Apartment/Condo,0,2.0833333333333335,42,0,1,1,1,0,1,0,1,0,0,0,1,1
69303,179.35000000000002,Entire home/apt,4,1,2,1.5,0,3.4388192472720376,78704,Apartment/Condo,1,15.416666666666666,2,23,0,1,0,0,1,1,0,1,0,1,0,1
660425,244.5,Entire home/apt,4,2,2,1,0,3.970092442906445,78704,Guesthouse/Guest suite,1,13.75,1,5,0,2,0,0,1,1,0,1,0,1,0,1
1519020774736855118,226,Entire home/apt,4,2,2,2,0,5.666275478341884,78721,Apartment/Condo,1,7.25,31,18,0,1,0,0,1,1,1,1,0,1,1,1
1178894856859586709,152.16,Private room,2,1,1,1,0,0.7890253855445808,78701,Hotel-like,1,2,3,516,0,1,1,0,1,0,1,0,0,1,0,0
1004656893290536965,371,Entire home/apt,4,1,2,1,0,3.0691969772372447,78704,Guesthouse/Guest suite,1,9.333333333333334,1,13,0,1,1,0,1,1,0,0,0,1,0,1
1023410598614399601,131.81,Entire home/apt,5,3,3,1,0,9.167058351658062,78744,House,0,2.5833333333333335,1,23,0,2,0,0,1,1,0,0,0,0,1,1
1373885456464908005,299,Entire home/apt,6,3,3,3,0,5.63925365633759,78721,House,1,7.25,31,28,0,1,0,0,1,1,0,1,1,1,1,1
1502111169735899708,271,Entire home/apt,8,3,4,2,0,9.540859888586844,78745,House,1,2.5,4,22,0,2,1,0,1,1,0,1,0,1,1,0
1031173264090389454,285.5,Entire home/apt,6,3,3,2,0,1.9915212641948836,78705,Apartment/Condo,1,9.416666666666666,1,5,0,2,1,0,1,0,0,1,0,0,0,1
37804724,200.5,Entire home/apt,6,2,6,1.5,0,18.979312388102677,Other,House,1,6.833333333333333,1,12,0,2,0,0,1,1,0,0,0,1,0,1
31122191,483.75,Entire home/apt,14,2,6,1,0,24.72252389254677,78737,House,0,8.083333333333334,3,1,0,1,1,1,1,1,0,1,0,1,1,1
1691395358518065944,299,Entire home/apt,4,2,2,2,0,6.0962517744283975,78723,Apartment/Condo,0,0.08333333333333333,1,0,1,1,1,0,1,0,1,1,0,0,0,1
1007205217051545355,318.8,Entire home/apt,14,4,7,2,0,4.698398396887201,78704,House,0,5.75,9,2,0,1,0,0,1,1,0,1,0,1,1,1
554392417486486673,257,Entire home/apt,6,3,4,1,0,3.5677841532833754,78704,House,0,1.6666666666666665,1,3,0,3,0,0,1,1,0,1,0,1,1,0
2467367,166.5,Entire home/apt,5,2,5,1,0,3.6050484140654224,78703,Apartment/Condo,0,14.333333333333334,1,6,0,2,0,0,1,1,0,0,0,1,0,1
1295691797575537155,186,Entire home/apt,6,2,2,2,0,6.592974666993566,78741,Apartment/Condo,0,8.666666666666666,53,12,0,1,0,0,1,1,0,0,1,1,0,1
6291810,855.88,Entire home/apt,10,4,4,3.5,0,13.572354961961208,Other,House,1,11,2,9,0,1,0,1,1,1,0,1,0,1,0,1
20351755,263,Entire home/apt,10,3,5,1.5,0,10.537096731674493,78745,House,1,7.166666666666667,2,27,0,3,0,0,1,1,0,1,0,1,1,1
1587034717976816893,161.5,Entire home/apt,4,2,2,1,0,5.238717531961242,78721,House,0,8.5,3,18,0,2,0,0,1,1,0,1,0,1,1,0
53806933,398.81,Entire home/apt,14,4,13,3,0,1.4021369891804187,78702,House,0,11.333333333333334,18,5,0,3,0,0,1,1,0,0,0,1,0,1
1102990003685776045,165.5,Entire home/apt,4,1,2,1,0,9.582889891038795,78753,Apartment/Condo,1,8.25,2,3,0,2,0,0,1,1,0,1,0,1,1,1
1418319880903051742,317.5,Entire home/apt,6,2,3,2,0,2.031239973204237,78701,Apartment/Condo,1,1.75,2,29,0,2,1,0,1,0,0,1,1,0,0,1
550196384126979720,553.3299999999999,Entire home/apt,8,4,5,3.5,0,4.774753627366483,78704,House,1,4.333333333333333,3,15,0,2,0,0,1,1,0,1,0,1,1,1
5277988,325.67,Entire home/apt,8,3,5,2,0,1.649538475001518,78702,House,1,11.333333333333334,1,26,0,3,0,0,1,1,0,1,0,1,0,1
995420455374117916,87,Private room,2,1,1,1,0,3.031055171099693,78704,House,0,8.583333333333334,9,1,0,2,0,0,1,1,0,1,0,1,0,1
76501,165.5,Entire home/apt,3,1,1,1,0,2.7814246619065837,78722,Guesthouse/Guest suite,1,15.25,1,4,0,2,0,0,1,1,0,1,0,1,0,1
1586400561347071004,573.6,Entire home/apt,8,4,4,3,0,21.359177300405637,78734,House,1,8.333333333333334,18,22,0,1,0,0,1,1,1,1,1,1,1,0
2665394,294.42999999999995,Entire home/apt,12,4,5,2.5,0,2.433338579340766,78702,House,1,13.25,3,22,0,2,0,1,1,1,0,1,0,1,1,1
1430004852440507680,349.24,Entire home/apt,6,3,3,2,0,11.992866772762756,Other,House,1,1,1,24,0,1,1,0,1,1,0,1,0,1,1,1
955612,289.86,Entire home/apt,12,3,9,2.5,0,6.410291132494842,78741,House,1,13.166666666666666,3,30,0,1,0,0,1,1,0,1,0,0,0,1
1452304474951182923,181,Entire home/apt,2,1,1,1,0,1.2274038116864714,78702,Apartment/Condo,0,9,1,22,0,1,1,0,1,0,0,1,0,0,0,0
1317728384433921994,689.5,Entire home/apt,6,3,3,2,0,3.234176653928615,78704,House,1,13.75,5,0,1,2,1,0,1,1,0,0,0,1,0,1
1192177162770412916,271,Entire home/apt,8,4,5,2,0,3.1545431420272334,78702,House,1,1.9166666666666665,1,17,0,3,0,0,1,1,0,1,0,1,1,1
968365367836074597,314.15000000000003,Entire home/apt,10,3,6,2.5,0,4.165899740897318,78723,House,1,2.75,1,32,0,2,1,0,1,1,0,1,0,1,1,1
50772497,442,Entire home/apt,14,4,12,3,0,9.81346078614039,78724,House,1,13,3,32,0,1,1,1,1,1,0,1,0,1,1,1
18936099,147,Entire home/apt,4,1,2,1,0,2.3192924574592424,78703,Apartment/Condo,0,11.666666666666666,4,19,0,1,0,0,1,1,0,1,0,1,1,1
1371267833056539080,258,Entire home/apt,4,1,1,1,0,8.702065761190445,78757,Apartment/Condo,0,1.25,1,26,0,1,0,0,1,1,0,1,0,1,1,1
1360501663098122615,202.68,Entire home/apt,6,3,3,2,0,5.214088237105924,78704,House,1,1.6666666666666665,5,13,0,1,0,0,1,1,0,1,0,0,1,1
1401237055833304227,355,Entire home/apt,10,4,7,3,0,8.813359574085231,78745,House,1,1.25,19,1,0,1,0,0,1,1,0,1,1,1,1,1
787207356441022568,281.13,Entire home/apt,8,3,6,2,0,12.085955769633268,78758,House,0,7.416666666666667,1,17,0,1,0,0,1,1,0,1,0,1,0,1
17510305,167.5,Entire home/apt,2,1,3,1,0,3.5274456746784395,78702,House,1,9.333333333333334,1,3,0,2,0,0,1,1,0,1,0,1,0,1
1582136937307014347,509,Entire home/apt,12,6,7,3.5,0,2.2216667333407125,78702,House,1,1.5833333333333335,6,5,0,2,0,1,1,1,0,1,0,0,1,1
1614269595809731409,245.5,Entire home/apt,5,3,3,2,0,7.226041032965407,78741,House,0,0.3333333333333333,1,10,0,2,0,0,1,1,0,0,0,1,1,1
1511910053023298723,760,Entire home/apt,15,7,10,6,0,6.096064076010949,78721,House,1,0.75,3,20,0,2,1,1,1,1,0,1,0,0,1,1
38164716,605,Entire home/apt,4,1,2,1,0,3.6954002417977714,78704,Apartment/Condo,1,10,1,15,0,3,0,0,1,1,0,1,1,0,0,1
23394896,322,Entire home/apt,6,3,3,2,0,5.380167375803332,78704,House,0,13.333333333333334,1,0,0,1,0,0,1,1,0,1,0,1,1,1
23059459,311,Entire home/apt,4,1,2,1,0,1.3102582595127883,78703,Guesthouse/Guest suite,1,8.333333333333334,1,20,0,2,0,0,1,1,0,1,0,0,0,0
1484968341110631878,258.01,Entire home/apt,8,4,4,2,0,12.472573370255528,78758,House,0,2.75,2,2,0,7,1,1,1,1,0,1,0,1,1,0
1701558259969928229,101,Entire home/apt,4,1,1,1,0,6.545157648583184,78745,Apartment/Condo,0,1,1,1,0,2,0,0,1,1,0,0,0,1,1,1
1137905776108574147,148,Entire home/apt,5,2,3,1,0,7.78202836155234,78752,Apartment/Condo,0,6.833333333333333,43,33,0,1,1,0,1,1,1,1,0,1,0,1
1624270926210526115,90.5,Private room,2,1,1,1,0,13.59731956644352,Other,House,1,2.5,9,5,0,2,0,0,1,1,0,1,0,0,0,1
38847876,552,Entire home/apt,9,2,5,2,0,1.2496078928514267,78702,House,1,8.916666666666666,16,19,0,1,0,0,1,1,0,1,0,0,0,1
27554103,834.3,Entire home/apt,16,6,17,5,0,2.7863772330339396,78702,House,1,7.833333333333333,4,22,0,2,0,0,1,1,0,1,0,1,1,1
1717090,451,Entire home/apt,4,2,2,2,0,1.3077243814357769,78703,House,0,12.666666666666666,1,0,0,2,0,0,1,1,0,1,0,1,0,0
1695957993098492160,164.8,Entire home/apt,4,1,2,1,0,5.814131142402317,78704,Apartment/Condo,1,4.5,178,0,1,1,1,0,1,0,0,1,0,0,1,1
1669592676884144700,1400.6699999999998,Hotel/shared room,4,1,2,1,0,1.9756706334360723,78704,Hotel-like,0,0.16666666666666666,47,0,1,1,1,0,1,0,1,0,1,1,1,1
893658140681471666,207,Entire home/apt,4,2,2,1.5,0,6.50091830653403,78741,Apartment/Condo,1,11.833333333333334,3,18,0,1,0,0,1,1,0,1,1,1,1,1
577482485681953924,685,Entire home/apt,9,3,4,2.5,0,1.6754682300289272,78703,Apartment/Condo,0,4.5,3,1,0,2,0,0,1,1,0,1,0,1,0,1
52226255,387,Entire home/apt,8,4,4,2.5,0,13.599649799478243,Other,House,1,4.833333333333333,1,18,0,1,0,0,1,1,0,1,0,1,1,1
48145921,219,Entire home/apt,4,2,2,1,0,1.9495962464125225,78702,Apartment/Condo,1,5.333333333333333,5,31,0,1,1,0,1,0,0,1,0,1,1,1
28184779,885,Entire home/apt,12,4,8,3,0,1.4684469332973438,78702,House,1,14.5,13,4,0,1,1,0,1,1,0,0,0,1,1,1
1147207983939619570,307,Hotel/shared room,2,1,1,1,0,26.113937906418407,78734,Hotel-like,0,3.1666666666666665,48,10,0,1,1,0,1,0,1,0,0,1,1,1
53381560,673.5,Entire home/apt,9,3,7,2,0,23.75137324063186,Other,Unique/other,1,5.666666666666667,3,8,0,2,1,0,1,1,0,1,0,1,0,0
1526799267418423151,324,Entire home/apt,9,3,7,2.5,0,12.642999621429759,78744,House,0,0.75,2,22,0,1,0,0,1,1,0,0,0,1,1,0
1598070421744846198,156.8,Entire home/apt,4,2,2,2,0,5.814131142402317,78704,Apartment/Condo,1,4.5,178,0,1,1,1,0,1,0,0,1,0,0,1,1
48814755,226,Entire home/apt,5,1,3,1.5,0,5.17755431129661,78704,House,1,5.5,3,7,0,2,0,0,1,1,0,1,0,1,1,1
1042852920547009152,284.15000000000003,Entire home/apt,6,2,3,1,0,23.816197904048924,78734,House,0,3.75,18,65,0,1,0,1,1,1,0,1,0,1,0,1
35521340,96.5,Entire home/apt,4,2,2,1,0,13.46180680002139,78753,Apartment/Condo,1,11.583333333333334,4,13,0,1,0,0,1,1,0,1,0,0,0,0
1541487403353411801,105,Hotel/shared room,4,1,2,1,0,14.95139431864067,78758,Hotel-like,0,1,22,5,0,1,1,0,1,1,1,0,0,1,1,1
1169391586192502952,1404,Entire home/apt,8,3,3,3,0,9.386731429039092,Other,House,0,2,1,0,1,2,0,0,1,1,0,1,0,1,0,0
1633597031261011637,390.78,Entire home/apt,12,4,7,4.5,0,5.480289974941434,78721,House,1,4.5,178,2,0,2,0,0,1,1,0,1,0,1,1,1
889838945551906618,238,Entire home/apt,2,1,1,1,0,0.7063871609106044,78701,House,0,4.25,37,0,0,1,0,0,1,1,0,0,0,1,0,1
1529088285375660459,200,Entire home/apt,4,2,2,2,0,10.777582233644464,78744,Apartment/Condo,1,0.5833333333333334,2,11,0,2,1,0,1,1,1,1,1,1,0,0
1600757871027481301,156.8,Entire home/apt,4,2,2,2,0,5.814131142402317,78704,Apartment/Condo,1,4.5,178,0,1,1,1,0,1,0,0,1,0,0,1,1
1320624285115127190,201,Entire home/apt,4,2,2,1,0,3.3503266640137497,78722,House,1,6.666666666666667,11,74,0,1,0,0,1,1,0,1,0,1,0,1
1480082183363505180,126,Entire home/apt,2,1,1,1,0,11.320412253982573,Other,Apartment/Condo,0,0.8333333333333334,1,26,0,2,0,0,1,0,0,1,0,0,0,1
1659819347140294409,625.4,Entire home/apt,12,3,7,2.5,0,8.070024947741246,78745,House,0,2.1666666666666665,1,0,1,2,1,0,1,1,0,1,0,1,0,1
1556753953306130639,123.25,Private room,8,1,1,1.5,0,11.36214097541436,78724,House,0,0.5833333333333334,1,0,1,1,1,0,1,1,0,1,0,1,0,0
1345778256497493228,176,Entire home/apt,2,1,1,1,0,15.319628156954465,78753,Apartment/Condo,1,1.3333333333333333,25,15,0,1,1,0,1,1,1,1,0,1,0,1
1529115496507490928,227.09,Entire home/apt,4,2,2,2,0,2.8701547334803656,78722,House,0,3.75,18,38,0,1,0,0,1,1,0,1,0,0,0,1
50595558,646.5,Entire home/apt,13,5,11,4,0,1.6680780607254042,78702,House,1,9.083333333333334,7,0,1,2,0,0,1,1,0,1,1,1,0,1
1147207393133193658,280,Hotel/shared room,4,1,2,1,0,26.113937906418407,78734,Hotel-like,0,3.1666666666666665,48,0,1,1,1,0,1,0,1,0,0,1,1,1
1683744698460781467,107.5,Entire home/apt,2,1,1,1,0,1.2936071147732662,78702,House,1,4.666666666666667,5,14,0,1,0,0,1,0,0,0,0,0,0,1
1627544224883518691,60,Private room,2,1,1,1,0,19.355429093854053,Other,Apartment/Condo,0,0.5,1,3,0,4,1,1,1,1,0,1,0,1,1,1
1300070006878407400,180,Entire home/apt,3,1,1,1,0,2.3521983912553193,78702,House,1,2.75,1,35,0,1,0,0,1,1,0,1,0,1,0,1
627658938698243818,284,Entire home/apt,4,1,2,1,0,2.038949786427448,78701,Apartment/Condo,1,4.083333333333333,1,36,0,1,1,0,1,0,1,1,1,1,0,0
15191175,163,Entire home/apt,2,1,1,1,0,3.0188689843622725,78702,Guesthouse/Guest suite,1,9.666666666666666,2,8,0,1,0,0,1,1,0,0,0,1,1,1
16273289,683.6700000000001,Hotel/shared room,1,1,1,1,0,1.1747786585381648,78701,Hotel-like,0,10.666666666666666,1,0,1,3,1,1,1,1,1,1,0,1,0,0
42980657,237,Entire home/apt,16,5,10,3,0,4.939685493750051,78721,House,1,6.25,6,55,0,1,1,0,1,1,0,1,0,1,0,0
1441340243536528850,370.67,Private room,4,1,2,1,0,0.8631600602909395,78701,Hotel-like,0,3,60,0,1,3,1,0,1,0,1,1,0,0,0,0
712925978166013097,231,Entire home/apt,6,2,4,1,0,6.103823903182119,Other,House,0,6.833333333333333,16,55,0,1,0,0,1,1,0,1,0,1,0,1
1150702424749513823,453,Entire home/apt,8,4,4,2.5,0,20.99197119255575,78734,House,1,8.25,19,12,0,2,0,1,1,1,1,1,0,1,0,1
1644446854518872769,290,Private room,4,1,2,1,0,0.8078628471385861,78701,Hotel-like,0,0.4166666666666667,2,0,1,4,1,0,1,0,1,1,0,0,0,0
1595159274332893038,200,Private room,4,2,2,1,0,14.262074306929618,Other,House,1,0.5,3,5,0,1,0,0,1,1,0,1,1,1,1,1
926333430920180750,296,Entire home/apt,7,3,3,1,0,6.009696211407592,78721,House,1,2.8333333333333335,1,24,0,1,0,0,1,1,0,1,0,1,1,1
25344755,226,Entire home/apt,4,1,2,1,0,2.761358452523379,78705,House,1,8,1,51,0,1,0,0,1,1,0,1,1,1,0,1
43374509,465.6,Entire home/apt,8,3,4,2.5,0,1.2658104349038746,78702,House,1,6.083333333333333,4,20,0,1,1,1,1,1,0,1,0,1,1,1
1532014148985231447,219.5,Entire home/apt,6,3,3,2,0,3.634671757193428,78702,House,1,5.166666666666667,11,13,0,1,0,0,1,1,0,1,0,1,1,1
1639578844305011644,422.5,Private room,4,1,2,1,0,0.9022800229509775,78701,Hotel-like,1,1.1666666666666667,4,0,1,2,1,1,1,0,0,1,0,1,0,1
774866351399798899,642,Entire home/apt,10,4,7,2.5,0,12.721020863408151,78758,House,1,11.25,1,18,0,2,1,0,1,1,0,1,0,1,0,1
1599308463066801746,154.8,Entire home/apt,4,2,2,2,0,5.814131142402317,78704,Apartment/Condo,1,4.5,178,0,1,1,1,0,1,0,0,1,0,0,1,1
1473197782519713133,137,Entire home/apt,3,1,1,1,0,11.189656175458818,78745,Apartment/Condo,1,1.75,2,34,0,1,1,0,1,1,0,1,0,1,0,0
831986113839116594,343,Entire home/apt,10,4,8,1,0,9.968235042904482,78745,House,1,13.25,1,12,0,1,0,0,1,1,0,0,0,1,0,1
1541335984375847473,100,Hotel/shared room,4,1,2,1,0,7.972259002205327,78744,Hotel-like,0,1,22,3,0,1,1,0,1,1,1,0,0,1,1,1
723332450542029982,239,Entire home/apt,4,2,2,2,0,10.804102368557837,78746,Apartment/Condo,0,11.25,2,5,0,2,0,0,1,1,0,1,1,1,1,1
1418517446341593420,153,Entire home/apt,4,1,3,1,0,15.399384815687853,78753,Apartment/Condo,1,1.0833333333333333,6,34,0,1,1,0,1,1,1,1,1,1,1,1
5552689,399.5,Entire home/apt,7,2,4,2,0,7.961117495297692,78757,House,0,11.25,1,2,0,2,0,0,1,1,0,0,0,1,0,1
47073997,471,Entire home/apt,16,5,12,3,0,1.3139065209927885,78702,Apartment/Condo,1,9.833333333333334,18,13,0,1,0,0,1,1,0,1,0,1,0,0
1579992011854877829,55.5,Private room,2,1,1,1,0,9.559159990589407,78724,House,0,11.25,1,0,1,2,0,0,1,1,0,1,0,0,0,0
1501626193114398291,73.55,Entire home/apt,2,1,1,1,0,5.988388305292706,78723,Apartment/Condo,0,3.5,35,1,0,5,1,0,1,1,1,0,0,1,1,1
40761922,227,Entire home/apt,3,1,1,1,0,2.7537431944893185,78702,House,0,7.583333333333333,3,37,0,1,0,0,1,1,0,1,0,1,1,1
1130779794745894142,195,Entire home/apt,4,2,2,1,0,3.11038494959032,78703,House,0,6.416666666666667,1,69,0,1,0,0,1,1,0,1,0,0,1,1
1477602336143344085,316.5,Private room,4,1,2,1,0,0.7559543718669878,78701,Hotel-like,0,2.25,7,1,0,2,1,0,1,0,0,1,0,0,0,1
1609476753202203509,249.1,Entire home/apt,8,2,3,1.5,0,5.846113864943127,78704,Apartment/Condo,1,3,24,0,1,2,0,0,1,1,0,1,0,1,0,0
605209176939736944,192.5,Entire home/apt,7,2,4,1.5,0,6.447574812091538,78741,Apartment/Condo,1,3.3333333333333335,8,39,0,2,0,0,1,1,0,1,0,1,1,1
1025648657519844728,280,Entire home/apt,6,3,3,2,0,4.880724726417369,78721,House,1,2.5,1,26,0,2,0,0,1,1,0,1,0,1,1,1
662456402159128099,151.20999999999998,Entire home/apt,3,1,1,1,0,14.671328661244567,78744,Guesthouse/Guest suite,1,8.75,2,21,0,2,0,0,1,1,0,1,1,1,0,1
31015780,345,Private room,2,1,1,1,0,13.706755384090597,Other,Hotel-like,0,7.583333333333333,8,0,0,1,1,0,1,1,0,0,0,0,0,0
1263975318841706784,519.43,Entire home/apt,8,4,5,2,0,20.46839835322079,78729,House,1,4.833333333333333,4,47,0,1,1,0,1,1,0,1,0,0,1,1
1528997975041382128,768.5,Entire home/apt,16,6,13,4.5,0,24.65789553710346,78737,House,1,3.25,9,5,0,2,1,1,1,1,0,1,0,1,1,1
966161917795439770,154.5,Entire home/apt,4,1,3,1,0,20.276751487439657,78737,Guesthouse/Guest suite,1,2.75,1,19,0,2,1,0,1,1,0,0,0,0,0,1
1174076297157191532,329.86,Entire home/apt,8,3,4,2,0,24.777718705973392,78734,House,1,4.5,178,11,0,2,0,0,1,1,0,1,0,0,0,1
889847960393918046,151.5,Entire home/apt,4,2,2,1,0,2.178429880972063,78722,Guesthouse/Guest suite,1,2.6666666666666665,1,24,0,2,0,0,1,1,0,0,0,1,0,1
1468336038172678283,314.63,Entire home/apt,6,3,3,2,0,1.1602422410352404,78702,House,1,4.5,178,19,0,2,1,0,1,1,0,1,0,0,0,1
711500211858491215,625,Entire home/apt,8,3,3,2,0,5.295976813098077,78704,House,0,3.75,1,1,0,3,0,0,1,1,0,1,0,1,1,1
1083484571342613752,116,Entire home/apt,4,1,2,1,0,5.013994624337315,Other,Apartment/Condo,0,4,38,13,0,1,1,0,1,1,0,1,0,1,1,1
1646529504242382868,136.94,Private room,2,1,1,1,0,11.266408024669934,78724,House,0,3.6666666666666665,5,0,1,1,0,0,1,1,0,1,0,1,0,1
1206516925969649560,231.45000000000002,Entire home/apt,6,3,3,2.5,0,3.598158452237163,78702,House,0,4.25,37,17,0,2,0,0,1,1,0,1,0,1,0,1
9491998,1149,Entire home/apt,12,4,10,2.5,0,3.2514313428532104,78702,House,0,10.333333333333334,1,0,0,2,1,1,1,1,0,1,0,1,0,1
1683661447516494355,884.41,Entire home/apt,6,3,3,3.5,0,3.8865323860071257,78704,House,0,2.3333333333333335,2,5,0,1,1,1,1,1,0,1,0,1,1,1
1680650218306124670,601,Entire home/apt,12,3,7,2,0,5.476786730937212,78721,House,1,10.333333333333334,41,3,0,1,1,0,1,1,0,1,0,1,0,1
718663143331235299,189.67,Entire home/apt,6,3,2,2,0,5.831348687883994,78741,House,1,5.5,1,13,0,3,0,0,1,1,0,1,0,1,1,1
927528931986460213,409,Entire home/apt,6,3,3,2.5,0,2.4411704502639213,78722,House,1,4.666666666666667,47,39,0,1,0,0,1,1,0,1,0,1,0,1
1252216349220872746,274,Entire home/apt,3,1,1,1,0,2.2236930513557795,78702,House,0,1.6666666666666665,1,0,1,2,0,0,1,1,0,1,0,0,0,0
1644735181267923711,43.9,Private room,1,1,1,1,1,6.396503559575325,78721,House,0,9.333333333333334,1,0,1,1,0,0,1,1,0,1,0,1,0,1
24701487,298.41999999999996,Entire home/apt,4,2,2,1,0,2.9939717815204316,78704,House,1,8.25,13,2,0,2,0,0,1,1,0,1,0,1,0,1
793497844685387085,939.5,Entire home/apt,10,4,6,3.5,0,3.7316388747772606,78704,House,1,3.3333333333333335,1,22,0,2,1,1,1,1,0,1,0,1,0,0
953790421313134013,95.57,Entire home/apt,4,1,2,1.5,0,6.266143005106405,78741,Apartment/Condo,1,11.833333333333334,3,12,0,3,0,0,1,1,0,1,1,1,1,1
13641416,799,Entire home/apt,9,3,4,3.5,0,22.863348388181773,78734,House,0,10,1,6,0,2,1,0,1,1,0,1,0,0,1,0
861631196432958402,92.79,Entire home/apt,2,1,1,1,0,15.132248428956045,78724,Guesthouse/Guest suite,1,2,1,15,0,2,0,0,1,1,0,1,0,1,0,1
1449520616729253671,140,Entire home/apt,2,1,2,1,0,14.922372580448629,78758,Apartment/Condo,0,6.833333333333333,43,26,0,1,1,0,1,1,1,1,0,1,0,1
730646120937847368,203.4,Entire home/apt,4,1,2,1,0,16.5335365664765,Other,Guesthouse/Guest suite,1,3.0833333333333335,1,28,0,1,0,0,1,1,0,0,0,1,0,1
1302963231447285058,331,Entire home/apt,4,2,3,2,0,5.6388979227848015,78746,Apartment/Condo,1,1.5,1,11,0,3,0,0,1,1,0,1,0,1,0,1
1658137640581616838,156.8,Entire home/apt,4,2,2,2,0,5.813581637426155,78704,Apartment/Condo,1,4.5,178,0,1,1,1,0,1,0,0,1,0,0,1,0
1250029637026945539,78.5,Entire home/apt,2,1,1,1,0,7.854276628055354,78745,Unique/other,1,14.416666666666666,22,5,0,2,0,0,1,1,0,1,0,1,0,0
1142077739884857788,303,Entire home/apt,14,4,7,2,0,5.406727360174988,78721,House,0,3.75,31,40,0,1,1,0,1,1,0,1,0,1,1,1
51469270,287.6,Entire home/apt,6,3,3,2,0,18.86286872497221,78729,House,1,10.333333333333334,12,4,0,2,0,0,1,1,0,1,0,1,1,1
1574461708029919165,419,Entire home/apt,7,4,6,2,0,1.735481547261087,78705,House,1,1.25,19,7,0,1,0,0,1,1,0,1,1,1,1,1
1594439715822820066,313.82,Entire home/apt,6,2,3,1,0,0.7366338194448901,78701,Apartment/Condo,0,9.333333333333334,47,8,0,1,0,0,1,0,0,0,0,1,0,0
862381570057674830,180.4,Entire home/apt,2,1,1,1,0,6.245408000802773,78723,Apartment/Condo,0,3.1666666666666665,2,0,0,5,0,0,1,1,0,1,0,1,1,1
728696009878942980,1328.5,Entire home/apt,16,9,11,7,0,3.177185404125349,78704,House,1,9.916666666666666,5,0,0,2,1,0,1,1,0,1,0,1,1,1
1441347735164539075,370.67,Private room,4,1,2,1,0,0.6647199574693533,78701,Hotel-like,0,3,60,0,1,3,1,0,1,0,1,1,0,0,0,0
1382184793128654254,553,Entire home/apt,16,8,14,4,0,5.467299115329741,78721,House,0,3.75,31,10,0,1,1,0,1,1,0,1,0,1,1,1
1496436716279146684,557,Entire home/apt,14,5,7,4.5,0,3.8783968230591443,78704,House,1,0.6666666666666666,3,7,0,2,0,1,1,1,0,1,0,1,0,1
1658138962651260893,150.48000000000002,Entire home/apt,4,2,2,2,0,5.814131142402317,78704,Apartment/Condo,1,4.5,178,1,0,1,1,0,1,0,0,1,0,0,1,0
844958366547320578,461.5,Entire home/apt,8,3,4,3,0,1.6130436936182249,78703,Hotel-like,1,3.6666666666666665,30,0,1,2,1,0,1,0,1,1,0,1,0,1
828978207521498098,333.88,Entire home/apt,4,1,2,1,0,1.9575423876993563,78701,Apartment/Condo,1,8.833333333333334,38,22,0,1,1,0,1,0,1,1,1,1,0,1
844956919373227514,193,Entire home/apt,4,1,2,1,0,1.6130436936182249,78703,Hotel-like,1,3.6666666666666665,30,0,1,2,1,0,1,0,1,1,0,1,0,1
988344900844700353,163.76,Entire home/apt,2,1,2,1,0,1.8756209039636418,78703,Apartment/Condo,1,2.6666666666666665,2,8,0,1,0,0,1,1,0,1,1,0,0,1
1611108141569030856,94,Entire home/apt,2,1,1,1,0,19.590142198124553,Other,Guesthouse/Guest suite,1,0.5833333333333334,2,31,0,1,0,0,1,1,0,0,0,0,0,0
1325447454292376312,434.5,Entire home/apt,14,7,10,3,0,6.5576837273867215,78745,House,1,7.833333333333333,5,13,0,1,0,0,1,1,0,1,0,1,1,1
34895820,405,Private room,4,1,2,0,1,13.816315177449663,Other,Hotel-like,0,7.583333333333333,8,0,0,1,1,0,1,1,0,0,0,0,0,0
1032004282624521629,254,Entire home/apt,7,3,3,2,0,5.144269471457338,78741,House,0,4.75,2,1,0,1,0,0,1,1,0,1,0,1,0,1
992094421288557314,827.6700000000001,Entire home/apt,8,3,4,2.5,0,13.129695831042461,Other,House,1,11.083333333333334,9,4,0,3,1,0,1,1,0,1,0,1,0,1
1434427030869029000,188,Entire home/apt,4,2,2,2,0,26.798783525352064,Other,Apartment/Condo,0,7,67,9,0,2,0,0,1,0,0,1,0,1,1,0
1472013232103484716,743.5,Private room,8,3,4,3,0,0.7568537114432737,78701,Hotel-like,0,0.9166666666666666,6,0,1,2,1,0,1,0,0,1,0,0,0,1
41984005,157,Entire home/apt,2,1,2,1,0,24.701731892999298,78734,Unique/other,1,10.083333333333334,5,1,0,2,0,0,1,1,0,1,0,0,1,1
1578424281536138834,2243,Entire home/apt,16,7,15,4.5,0,16.141591056703103,Other,House,1,4.5,14,6,0,1,1,1,1,1,0,1,0,1,1,1
30089598,358,Entire home/apt,4,1,2,1,0,0.7720120473693878,78701,Apartment/Condo,1,10.833333333333334,4,2,0,1,1,0,1,0,1,1,0,0,0,1
1701208426775772623,62.08,Entire home/apt,1,1,1,1,0,3.625254396544686,78704,Apartment/Condo,0,0.08333333333333333,1,0,1,3,1,0,1,1,0,0,0,1,1,1
640700016415180173,228,Entire home/apt,3,1,1,1,0,2.344416770682591,78705,Apartment/Condo,0,2.25,1,2,0,1,0,0,1,1,0,1,0,1,0,0
889823843746577265,253,Entire home/apt,2,1,1,1,0,0.7063871609106044,78701,House,0,4.25,37,1,0,1,0,0,1,1,0,0,0,1,0,1
1349519733918947193,170,Entire home/apt,6,2,4,1,0,3.3673681320076794,78704,Apartment/Condo,0,1.6666666666666665,14,63,0,1,0,0,1,1,0,1,0,1,1,1
8390607,226,Entire home/apt,2,1,1,1,0,2.047821703601029,78703,Apartment/Condo,0,10.75,1,8,0,2,1,0,1,1,0,0,0,1,0,1
1457446867938230193,617,Entire home/apt,8,4,4,3,0,3.299420930003569,78741,House,1,10.333333333333334,41,26,0,1,1,0,1,1,0,1,0,1,0,1
579641757268102374,870,Entire home/apt,16,6,9,5.5,0,2.374460165772485,78702,House,1,7.25,31,22,0,1,1,0,1,1,0,1,0,1,0,1
668838395487682890,423,Entire home/apt,6,3,3,2,0,20.040311170699976,Other,House,1,10.333333333333334,12,14,0,1,0,0,1,1,0,1,0,1,1,1
49114183,399.5,Entire home/apt,14,3,3,2.5,0,7.326534094969663,78741,House,0,9.75,2,0,0,2,0,0,1,1,0,1,0,1,0,0
593487166096778724,259.05,Entire home/apt,4,1,2,1,0,1.9251529922059893,78701,Apartment/Condo,1,8.583333333333334,1,64,0,1,1,0,1,0,0,1,1,1,1,0
54021221,257,Entire home/apt,2,1,1,1,0,2.850012999482688,78722,Guesthouse/Guest suite,1,6,1,12,0,1,0,0,1,1,0,0,0,0,0,1
1031794545060814080,209,Entire home/apt,7,3,3,2,0,4.987371087655513,78741,House,0,4.75,2,9,0,2,0,0,1,1,0,1,0,1,0,1
1400054311282339585,627,Entire home/apt,12,4,8,2.5,0,12.561206560897004,78744,House,1,1.1666666666666667,1,10,0,1,1,0,1,1,0,1,0,1,0,1
1084785132646980354,1264.1,Entire home/apt,8,2,4,2,0,2.278343003305443,78704,Apartment/Condo,1,3.5,7,36,0,1,1,0,1,1,1,1,0,1,1,1
31905905,756.5,Entire home/apt,7,4,6,2,0,4.40512696562214,78704,House,0,12.416666666666666,1,0,1,2,0,0,1,1,0,1,0,0,0,0
1446511639054654336,207.09,Entire home/apt,2,1,1,1,0,11.403910553475475,78758,Apartment/Condo,1,1.4166666666666667,2,13,0,2,1,0,1,1,1,1,1,1,0,1
1663832463228960439,637,Entire home/apt,12,5,6,3.5,0,22.488844418506194,78734,House,0,5.166666666666667,23,1,0,1,1,0,1,1,0,1,0,1,0,0
1089933352611240130,197,Entire home/apt,2,1,1,1,0,3.0012554014659956,78705,Apartment/Condo,1,3,2,2,0,2,0,0,1,1,0,1,0,1,0,1
578088510681291868,208,Entire home/apt,6,3,3,2,0,3.6436864080471625,78702,House,1,5.583333333333333,1,43,0,2,0,0,1,1,0,1,0,1,0,1
18857336,114.3,Entire home/apt,3,1,3,1,0,1.4415552321368028,78702,Guesthouse/Guest suite,1,9.083333333333334,7,76,0,2,0,0,1,1,0,0,1,1,0,1
684978819010951933,186.39000000000001,Entire home/apt,6,3,3,2,0,6.934144987432336,78741,House,1,4.583333333333333,1,17,0,3,0,0,1,1,0,1,0,1,1,1
27082450,179,Entire home/apt,3,1,1,1,0,2.7569825332369526,78702,House,0,7.916666666666667,1,1,0,3,0,0,1,1,0,1,0,0,0,1
1396394027910036929,303,Entire home/apt,6,4,5,3.5,0,7.973501674662478,78752,House,1,1.25,2,26,0,3,0,0,1,1,1,1,1,1,0,1
1229937542624060746,473,Entire home/apt,12,5,6,4,0,7.353415860750813,78723,House,0,3.75,31,9,0,1,0,0,1,1,0,1,0,1,0,1
53949884,556.3299999999999,Entire home/apt,10,4,5,3,0,2.0488127282070914,78702,House,1,9,2,7,0,1,0,0,1,1,0,1,0,1,0,1
1116719165828171039,578.43,Entire home/apt,8,3,5,2,0,14.582421618679561,Other,House,1,8.333333333333334,18,18,0,1,1,0,1,1,0,1,0,1,0,1
572568774301640267,43.46,Private room,1,1,1,2.5,1,8.889057764961743,78753,House,0,1.1666666666666667,8,25,0,1,0,0,1,1,0,0,0,0,0,1
1632081682750554183,236.22,Entire home/apt,4,2,2,2,0,5.833200740734897,78704,Apartment/Condo,0,3.9166666666666665,16,1,0,1,1,0,1,1,1,0,0,1,1,1
1245657013307219600,122,Entire home/apt,4,1,1,1,0,17.8992358372357,Other,Apartment/Condo,1,1.6666666666666665,2,1,0,2,1,0,1,1,1,1,0,1,0,1
1265176446263058610,278.45,Entire home/apt,5,1,2,1,0,5.142694573053112,78721,House,1,4.75,2,36,0,1,0,1,1,1,0,0,0,1,1,1
1466688051224396321,160,Entire home/apt,4,1,2,1,0,3.432311144311711,78704,Apartment/Condo,1,0.9166666666666666,2,25,0,1,0,0,1,1,1,0,0,1,1,1
632442784166785171,846.5,Entire home/apt,8,3,3,3.5,0,4.03241103715407,78704,House,0,10.333333333333334,1,0,0,6,1,1,1,1,1,1,0,1,1,1
1385107290481870455,388,Entire home/apt,8,4,5,2.5,0,8.604442171225495,78744,House,1,1.1666666666666667,1,12,0,1,0,0,1,1,0,1,0,1,0,1
1623450013551245673,150,Entire home/apt,4,1,1,1,0,1.5113770886549407,78703,Apartment/Condo,1,0.9166666666666666,3,25,0,1,0,0,1,1,0,1,0,1,0,1
944997442801467792,179.37,Entire home/apt,6,3,3,2,0,11.873720367187515,Other,House,0,2.8333333333333335,1,39,0,2,0,0,1,1,0,1,0,1,1,1
1156696378577064244,495,Entire home/apt,9,3,4,1.5,0,12.80414224936532,Other,House,1,5.333333333333333,11,11,0,1,0,0,1,1,0,1,1,1,1,1
1027779207056935691,288,Entire home/apt,16,5,8,3,0,6.395351191764593,78723,House,1,2.75,12,55,0,1,1,0,1,1,0,1,0,1,0,1
1356639836283078418,390.67,Entire home/apt,11,3,4,3,0,2.415016942157525,78705,House,1,1.5,9,22,0,3,0,0,1,1,0,1,0,1,1,1
1576549410900577649,72,Private room,2,1,1,1,0,20.854604567802717,78729,House,1,0.5,1,13,0,1,0,0,1,1,0,1,0,0,0,1
22408939,827.3599999999999,Entire home/apt,16,8,16,5,0,1.8175638562140297,78702,House,1,13.75,5,19,0,2,0,0,1,1,0,1,0,1,0,1
1644922280488348040,904.53,Entire home/apt,15,5,9,4,0,1.8614409097091462,78702,House,1,4.5,14,8,0,1,1,0,1,1,0,1,0,1,0,1
765131843397661906,205.5,Entire home/apt,6,3,3,2,0,6.25633459773669,78741,House,0,3.6666666666666665,1,4,0,2,0,0,1,1,0,0,0,0,0,1
624755848281049532,337,Entire home/apt,4,2,2,1,0,3.7518349039856846,78704,House,1,12.083333333333334,23,6,0,1,0,0,1,1,0,1,0,1,1,1
1638450978461423067,386,Entire home/apt,6,2,3,2,0,1.5465746529796796,78705,Apartment/Condo,0,0.25,1,4,0,1,0,0,1,1,0,0,0,0,1,1
1309556496222761978,275,Entire home/apt,3,1,2,1,0,24.121480825244827,78734,Unique/other,0,1.4166666666666667,3,4,0,1,1,1,1,1,1,0,0,0,1,1
1371297333518700085,303.22999999999996,Entire home/apt,10,5,5,2,0,15.831166391261688,78758,House,0,4.583333333333333,2,17,0,2,1,0,1,1,0,1,0,0,0,0
1594416276276309201,131.04,Entire home/apt,2,1,1,1,0,5.814131142402317,78704,Apartment/Condo,1,4.5,178,0,1,1,1,0,1,0,0,1,0,0,1,1
1578226396407210420,622,Entire home/apt,15,5,9,3,0,15.140652025612784,Other,House,0,0.4166666666666667,1,4,0,1,0,0,1,1,0,1,0,1,0,0
1691359547576166018,505,Entire home/apt,8,3,5,3,0,3.759388673757497,78704,House,0,1.25,3,2,0,2,1,0,1,1,0,1,0,0,0,1
51566519,186,Entire home/apt,6,2,3,2,0,6.779672111561548,78741,Apartment/Condo,0,8.666666666666666,53,2,0,1,0,0,1,1,0,1,1,1,0,1
32835679,278.33,Entire home/apt,4,2,2,1,0,3.1536364594974327,78704,Guesthouse/Guest suite,1,12.333333333333334,1,30,0,3,0,0,1,1,0,1,0,0,0,1
44003081,202,Entire home/apt,6,2,2,2,0,2.2083961726953802,78702,House,0,5.833333333333333,2,27,0,1,0,0,1,1,0,0,0,0,0,1
1564097297971182893,1273,Entire home/apt,12,5,8,3.5,0,22.420354515090608,78734,House,1,1.9166666666666665,2,9,0,2,1,1,1,1,1,1,0,1,0,1
1234844757874144349,326,Entire home/apt,7,3,4,2,0,3.0691089632325568,78704,House,0,7.166666666666667,18,47,0,1,0,1,1,1,0,1,0,1,1,1
1677236702108211309,273.88,Entire home/apt,4,1,2,1,0,0.6422836788867091,78701,Apartment/Condo,0,2,3,0,1,3,1,1,1,0,1,1,0,1,0,0
689189292021695610,137.5,Entire home/apt,2,1,1,1,0,6.365028932141843,78752,Guesthouse/Guest suite,1,3.3333333333333335,1,23,0,2,0,0,1,1,0,0,0,1,1,1
11222686,247.5,Entire home/apt,2,1,1,1,0,3.3616960321258222,78722,Apartment/Condo,0,4.25,1,0,0,2,0,0,1,0,0,1,1,1,0,1
1437811991454908601,79,Entire home/apt,2,1,2,1,0,7.676286861892451,78745,Unique/other,1,14.416666666666666,22,5,0,2,0,0,1,1,0,0,1,0,0,0
1582207752250373255,654.5,Entire home/apt,10,4,5,2.5,0,2.9367746354246065,78704,House,1,12,17,1,0,1,0,0,1,1,0,1,0,0,1,1
1627417,205.5,Entire home/apt,3,2,2,1,0,23.739199304632958,Other,Guesthouse/Guest suite,1,12.416666666666666,1,13,0,2,0,0,1,1,0,0,0,0,0,1
1298736746833419212,76.48,Entire home/apt,3,1,2,1,0,2.121777717221652,78704,Apartment/Condo,0,0.16666666666666666,15,26,0,1,1,0,1,1,0,1,0,1,0,1
24799668,630.3299999999999,Entire home/apt,8,4,5,4,0,15.362347816010509,Other,House,0,15.333333333333334,2,0,1,6,1,0,1,1,0,1,0,0,1,0
47100883,209,Entire home/apt,4,1,1,1,0,2.9249531005039056,78702,House,1,12.583333333333334,4,0,0,1,0,0,1,1,0,1,0,1,1,1
1275831710245620078,365.18,Entire home/apt,4,2,2,2.5,0,4.482039819258336,78721,House,0,4,1,0,1,2,0,0,1,1,0,1,0,1,0,1
20850954,155.2,Entire home/apt,2,2,2,2,0,7.038506114907085,78745,Guesthouse/Guest suite,1,13.333333333333334,7,4,0,3,0,0,1,1,0,1,0,0,0,0
1692037752099859534,717,Entire home/apt,16,6,10,5,0,4.58924098756438,78721,House,1,10.333333333333334,41,0,1,1,0,0,1,1,0,1,0,1,1,1
1042144493921774800,737,Entire home/apt,16,5,8,3,0,24.272780643391773,Other,House,1,2.6666666666666665,2,2,0,2,1,1,1,1,0,1,0,1,1,1
954942863450302846,194,Entire home/apt,2,1,1,1,0,22.30432011770596,78734,Unique/other,1,3.8333333333333335,2,65,0,1,0,1,1,1,0,1,0,1,1,1
1519045298943519627,225.6,Entire home/apt,6,3,3,2,0,11.722978537772963,78758,House,0,3.0833333333333335,1,12,0,7,0,0,1,1,0,1,0,1,0,1
1422674066340763872,389.47999999999996,Entire home/apt,8,3,3,2,0,8.486382892187859,78723,House,0,0.8333333333333334,1,2,0,2,1,0,1,1,0,1,0,1,0,1
680463568919503933,701.37,Entire home/apt,10,4,7,3,0,4.866113012493578,78704,House,0,3.75,1,9,0,2,0,0,1,1,1,1,0,1,0,1
1437005833559317141,239,Entire home/apt,4,1,2,1.5,0,7.995716782162663,78745,House,0,1,1,24,0,1,0,0,1,1,0,1,0,1,1,1
737751304523378827,199,Entire home/apt,5,2,3,1.5,0,5.178615315627825,78704,House,1,12.333333333333334,1,20,0,2,0,0,1,1,0,1,0,1,0,1
25870401,562.43,Entire home/apt,9,4,8,2.5,0,7.470045927056724,78741,House,1,8.333333333333334,18,30,0,1,1,1,1,1,0,1,0,1,0,1
1518227334310940628,728,Entire home/apt,16,6,6,6.5,0,4.267411529626208,78704,Apartment/Condo,1,3,24,2,0,2,1,1,1,1,0,1,0,1,0,0
941967334650198927,171.5,Entire home/apt,2,1,1,1,0,6.812249752368071,78745,Guesthouse/Guest suite,0,10.75,1,0,0,2,0,0,1,1,0,0,0,1,0,1
950648658026890555,252,Entire home/apt,5,3,3,1,0,7.2876566486199215,78757,House,0,2.8333333333333335,1,12,0,1,0,0,1,1,0,1,0,1,0,1
1136220128028013695,224.28,Entire home/apt,6,2,3,1,0,2.2086885132787484,78704,Apartment/Condo,0,2.1666666666666665,19,16,0,1,1,0,1,1,0,1,0,1,1,1
547037499443380880,1345,Entire home/apt,16,7,12,3.5,0,21.230099074155163,78737,House,1,7.166666666666667,23,32,0,1,1,1,1,1,0,1,0,1,1,1
45221683,401.7,Entire home/apt,10,4,5,3,0,5.291022047609379,Other,House,1,11.75,1,32,0,2,1,1,1,1,1,1,0,1,1,1
1025708126380388056,469.25,Entire home/apt,4,2,2,1,0,2.8801555764698796,78704,House,0,4.75,7,0,0,4,0,0,1,1,0,1,0,1,1,1
174828,387.39,Entire home/apt,10,4,4,2,0,6.956840163884784,78752,House,1,14.916666666666666,1,20,0,2,0,0,1,1,0,1,0,1,1,1
837265299935378255,254,Entire home/apt,8,3,4,2,0,7.460986037356579,78723,House,0,3.75,7,42,0,1,0,0,1,1,0,1,0,1,1,1
999392976175079147,339.5,Entire home/apt,6,3,3,2,0,5.813817871388038,Other,House,1,2.5833333333333335,1,24,0,2,0,0,1,1,0,1,0,1,0,1
826255249337202951,342.5,Entire home/apt,5,2,3,2.5,0,3.4608920536565297,78702,House,1,7.333333333333333,1,17,0,2,1,0,1,1,0,0,1,1,1,1
32990581,181.67,Private room,1,1,1,1,0,2.4216694765460183,78702,House,1,7.666666666666667,2,0,1,3,0,0,1,1,0,1,0,1,0,1
839216289072236653,273,Entire home/apt,7,3,3,1,0,8.010684153826356,78757,House,1,3.25,2,27,0,2,0,0,1,1,0,1,0,1,1,1
1655329029936239948,512.39,Entire home/apt,8,3,5,2,0,10.599727147451945,78745,House,1,0.3333333333333333,3,4,0,1,0,0,1,1,0,1,1,1,1,1
325889,510,Entire home/apt,12,5,6,2,0,3.492414555629132,78704,House,1,14.333333333333334,1,7,0,2,0,1,1,1,0,1,0,1,0,1
1614664710350664976,249.5,Entire home/apt,6,3,3,2,0,3.806202823776856,78704,House,1,10.333333333333334,41,9,0,1,0,0,1,1,0,1,0,0,0,1
1244341801702510091,341,Entire home/apt,6,3,3,1,0,1.4395160825314879,78702,House,1,3.25,9,28,0,1,0,0,1,1,0,1,0,1,0,1
1123237669569090762,1002,Entire home/apt,10,3,6,2.5,0,10.306476022135664,78746,House,1,8.333333333333334,18,39,0,1,1,1,1,1,0,1,0,1,1,1
602860298282797754,236,Entire home/apt,4,1,2,1,0,25.655583469212267,78734,Unique/other,0,4.166666666666667,1,2,0,1,0,0,1,0,0,0,0,0,0,1
1627782151902932804,185,Entire home/apt,5,2,2,2,0,8.873188474081678,78745,Apartment/Condo,0,0.08333333333333333,1,7,0,1,1,0,1,1,0,1,0,1,0,1
34180524,276.74,Entire home/apt,6,3,3,2,0,2.983612636658637,78722,House,1,4.75,1,39,0,2,0,0,1,1,0,1,0,1,1,1
1669547882804975153,1542.33,Hotel/shared room,2,1,1,1,0,1.9756706334360723,78704,Hotel-like,0,0.16666666666666666,47,0,1,1,1,0,1,0,1,0,1,1,1,1
1625373493652960276,222,Entire home/apt,4,2,2,2,0,4.665017190827793,78704,Apartment/Condo,1,4.5,178,8,0,1,1,0,1,0,0,1,0,0,1,1
1614543029497406161,182.5,Entire home/apt,3,1,2,1,0,9.954764111239433,78724,Unique/other,0,0.3333333333333333,1,0,1,2,1,1,1,1,0,1,0,0,0,1
1693017776102971852,235.84,Entire home/apt,6,3,2,2,0,22.64194096576478,78734,House,0,0,1,1,0,3,0,0,1,1,0,1,0,1,1,1
980424,388,Entire home/apt,11,4,5,2,0,2.4036021880802587,78702,House,1,13.25,3,29,0,2,1,0,1,1,0,1,0,1,1,1
1026049791953213145,245.5,Entire home/apt,3,1,1,1,0,14.124278426494724,78758,Apartment/Condo,0,2.25,1,3,0,2,1,0,1,0,1,1,0,0,0,0
42385034,248.20999999999998,Entire home/apt,4,2,2,2,0,3.1101122566255754,78722,House,1,3.75,1,26,0,2,0,0,1,1,0,1,0,0,0,1
46353057,225.5,Entire home/apt,2,1,1,1,0,14.291732912585106,Other,Guesthouse/Guest suite,0,5.583333333333333,1,4,0,2,0,0,1,1,0,1,0,1,0,1
406911,281,Entire home/apt,2,1,1,1,0,2.2929022876154943,78704,Guesthouse/Guest suite,1,14.333333333333334,1,16,0,1,0,0,1,1,0,1,0,1,0,1
2098455,193.09,Entire home/apt,6,2,3,1,0,2.410680424173618,78702,House,1,13.25,3,44,0,3,0,0,1,1,0,1,0,1,1,1
1372095508415821840,265,Entire home/apt,6,1,3,1,0,2.0168739994659255,78701,Apartment/Condo,1,4.333333333333333,7,105,0,1,1,0,1,0,1,1,1,1,0,0
1621942382756432207,136.5,Private room,4,2,1,1,0,0.6533230098321262,78701,Apartment/Condo,0,15,2,2,0,2,0,0,1,1,0,1,0,1,1,0
1637934038186216828,377,Entire home/apt,6,3,5,2.5,0,19.09963294033006,Other,House,1,9.75,33,7,0,1,0,0,1,1,0,1,0,1,0,1
1297228160885128539,602,Entire home/apt,9,4,4,4,0,4.007532349837998,78704,House,1,9.75,33,38,0,1,1,0,1,1,0,1,0,1,1,1
654268745353325717,255.33,Entire home/apt,6,3,3,2,0,15.942160294084148,Other,House,1,4.333333333333333,1,15,0,3,0,0,1,1,0,1,0,1,1,1
1257513443545795241,2092,Entire home/apt,16,8,15,5,0,26.299062483830948,78737,House,1,7.166666666666667,23,3,0,3,1,0,1,1,0,1,0,1,1,1
29657338,498.5,Entire home/apt,8,4,4,3.5,0,10.145443091619681,78746,House,1,9.75,3,27,0,2,0,0,1,1,0,1,0,0,1,1
1614061719133366605,96,Hotel/shared room,1,1,2,1,1,2.861812866362862,78703,Apartment/Condo,0,7.25,9,0,1,2,0,0,1,1,0,1,0,1,1,1
1659493891245380324,160,Entire home/apt,4,1,2,1,0,10.211893210706902,78724,House,1,14.166666666666666,9,3,0,2,1,1,1,1,1,1,0,1,0,0
1401535098186772337,716.51,Entire home/apt,16,5,8,4.5,0,2.0110116399049183,78701,House,1,4.5,178,2,0,2,1,0,1,1,1,1,0,1,1,1
1237938440534298305,685,Entire home/apt,6,2,4,1,0,10.365546647822113,78746,Guesthouse/Guest suite,1,1.6666666666666665,1,10,0,2,0,0,1,1,0,0,1,0,0,0
1513348715680706221,487,Entire home/apt,16,4,6,4,0,6.741191195860966,78757,House,1,7.833333333333333,27,55,0,1,0,1,1,0,0,1,0,1,1,1
1614546209029614581,268,Entire home/apt,4,2,2,0,0,1.3934111334609949,78702,Apartment/Condo,0,2.0833333333333335,42,10,0,1,1,0,1,0,1,1,0,0,1,1
921694408296437467,184,Entire home/apt,2,1,1,1,0,2.111975959071208,78702,Apartment/Condo,1,9.916666666666666,1,43,0,1,0,0,1,1,0,1,0,0,0,1
49441315,201.5,Entire home/apt,3,2,2,1,0,3.6436023757431037,78704,Apartment/Condo,1,12.083333333333334,9,16,0,2,0,0,1,1,1,1,0,1,1,1
1551476560076778497,198.56,Entire home/apt,4,2,2,2,0,5.713382100291083,78704,Apartment/Condo,0,3.9166666666666665,16,5,0,1,1,0,1,1,1,0,0,1,1,1
1346279104916034453,219.23,Entire home/apt,3,1,2,1,0,20.85848610198599,Other,Apartment/Condo,0,1.3333333333333333,10,10,0,1,1,0,1,1,1,0,0,1,1,1
1613273338173295460,966.5,Entire home/apt,10,4,5,4.5,0,2.7404798648262014,78704,House,0,0.3333333333333333,1,5,0,1,1,0,1,1,0,1,0,0,0,1
815413398248300256,526.66,Entire home/apt,16,5,10,3.5,0,5.2811125620612085,78704,House,1,3.3333333333333335,2,30,0,2,1,1,1,1,1,1,0,1,1,1
1342930204141629445,261.33,Entire home/apt,6,3,4,2,0,11.866485297012117,Other,House,1,2,1,19,0,1,0,0,1,1,0,1,0,1,1,1
52028102,1459.5,Entire home/apt,12,5,7,4.5,0,12.667638148636833,Other,House,1,7.833333333333333,3,1,0,2,1,1,1,1,0,1,0,1,1,1
16844630,511.71,Entire home/apt,14,4,8,2.5,0,1.5335049056965677,78702,House,0,11.333333333333334,18,5,0,1,0,0,1,1,0,1,0,1,0,1
1357998058950934476,145.5,Entire home/apt,5,2,2,2,0,11.911732862976235,78745,House,1,1.25,1,40,0,2,0,0,1,1,0,1,0,0,1,1
1606070775596884743,252.5,Entire home/apt,5,2,2,2,0,10.54101203324046,78745,House,0,3.4166666666666665,5,11,0,2,0,0,1,1,0,1,0,0,0,0
1488501424613029433,181,Entire home/apt,2,1,1,1,0,15.312993038123288,78753,Apartment/Condo,1,1.3333333333333333,25,5,0,1,1,0,1,1,1,1,0,1,0,1
38429825,204,Entire home/apt,4,1,2,1,0,7.642205312625875,78757,Apartment/Condo,1,7.916666666666667,6,7,0,1,0,0,1,1,0,0,0,0,0,1
1496443108221221232,619.5,Entire home/apt,8,3,4,2.5,0,3.9251357124708814,78704,House,1,0.6666666666666666,3,21,0,2,0,1,1,1,0,1,0,0,0,1
1471114335709618474,158,Entire home/apt,4,1,1,1,0,8.462858456804838,Other,Apartment/Condo,0,3.75,2,6,0,1,0,0,1,1,0,1,0,1,1,1
568267227513260174,337.2,Entire home/apt,4,1,2,1,0,2.034456987676643,78701,Apartment/Condo,1,4.666666666666667,47,10,0,1,1,0,1,0,1,1,1,1,0,0
1229936336064155073,238,Entire home/apt,4,2,2,2,0,7.138698515510328,78723,House,0,3.75,31,35,0,1,0,0,1,1,0,1,0,1,0,1
1598934202273477463,326.38,Entire home/apt,8,3,4,2,0,11.710766493103334,Other,House,1,0.3333333333333333,3,15,0,1,0,0,1,1,0,1,1,1,1,1
1583074583944252214,1434,Entire home/apt,16,6,8,5,0,8.91828958824233,78757,House,1,2.6666666666666665,3,31,0,1,1,1,1,1,0,1,0,1,0,0
618915729889432360,203,Entire home/apt,2,1,1,1,0,3.7012633294319444,78704,Guesthouse/Guest suite,1,4.083333333333333,3,36,0,2,0,1,1,1,0,1,0,1,0,1
974793,1173.86,Entire home/apt,4,2,2,2,0,2.4165633135636666,78704,House,0,14.75,1,0,0,7,0,0,1,1,0,0,0,0,1,0
18054084,165,Entire home/apt,2,1,1,1,0,3.288202326619363,78722,Guesthouse/Guest suite,1,9.166666666666666,6,2,0,1,0,0,1,1,0,1,0,1,0,1
32245403,102,Entire home/apt,2,1,1,1,0,3.4780368477271173,78702,Guesthouse/Guest suite,1,7.333333333333333,1,39,0,1,0,0,1,1,0,0,0,0,0,1
970969410138394673,190,Entire home/apt,3,1,2,1,0,1.9788862386859112,78722,Unique/other,1,9,2,57,0,1,0,0,1,1,0,1,0,1,0,1
612544810821964105,140.37,Entire home/apt,2,1,1,1,0,14.515586636085,78744,Guesthouse/Guest suite,1,8.75,2,48,0,1,0,0,1,1,0,0,1,1,0,1
1295692136195614140,174.25,Entire home/apt,6,2,2,1,0,6.758095885004968,78741,Apartment/Condo,0,8.666666666666666,53,12,0,1,0,0,1,1,0,1,1,1,0,1
1640256781236856844,109,Private room,2,1,1,1,0,5.724696174827283,78741,House,0,0.25,1,0,1,1,0,0,1,1,0,0,0,0,0,0
128326,407.33,Entire home/apt,6,3,4,2,0,25.446236594353124,Other,House,0,15,1,5,0,3,1,0,1,1,0,1,0,0,0,0
1693255190013985779,130,Entire home/apt,2,1,1,1,0,13.702621418267416,78758,Apartment/Condo,0,0.08333333333333333,3,2,0,2,0,0,1,0,0,1,0,1,0,1
39966219,115,Private room,2,1,1,1,0,8.044487867011378,78752,House,1,2.5,1,13,0,1,1,0,1,1,0,1,0,0,0,0
5992071,228.5,Entire home/apt,4,1,1,1,0,4.124420863718736,Other,Apartment/Condo,1,11.166666666666666,1,20,0,2,0,0,1,1,0,1,0,0,0,1
8438090,283,Entire home/apt,4,2,3,1,0,6.806912750197423,78745,Guesthouse/Guest suite,1,13.75,1,38,0,2,1,1,1,0,0,1,0,0,1,1
39410492,202,Private room,2,1,1,1,0,1.1942114313203038,78705,Hotel-like,0,6.333333333333333,11,0,1,1,1,0,1,1,0,0,0,0,1,0
1614366745133774343,287,Entire home/apt,6,3,3,2.5,0,3.420638064419129,78702,House,0,0.3333333333333333,1,9,0,2,0,0,1,1,0,1,0,0,1,1
676151535126808367,105,Entire home/apt,3,1,2,1,0,2.873424032232484,78702,Unique/other,1,10.666666666666666,9,43,0,2,0,0,1,1,0,0,0,1,0,1
1100188048413513539,1940,Entire home/apt,16,7,7,6,0,5.8372848011599485,78741,House,1,12.583333333333334,3,1,0,2,1,1,1,1,0,1,0,1,0,0
1569156912183104059,212,Entire home/apt,4,2,3,1,0,10.56879261300311,Other,Apartment/Condo,0,15.416666666666666,1,8,0,1,1,1,1,1,1,1,0,1,0,1
1115251617182252331,197,Entire home/apt,6,3,3,2,0,8.639641370694072,78744,House,0,4.166666666666667,3,8,0,2,0,0,1,1,0,0,0,0,0,1
277028,442,Entire home/apt,16,5,13,2,0,2.3478575646858335,78703,House,0,14.5,2,1,0,1,0,0,1,1,0,1,0,1,1,1
1009737437804717681,351,Entire home/apt,5,3,3,1,0,9.213326600086468,78745,House,0,5.166666666666667,23,2,0,1,0,0,1,1,0,1,0,1,1,1
1501041312944760495,334,Entire home/apt,8,3,4,3,0,2.361390684838374,78705,House,0,0.75,1,25,0,1,0,0,1,1,0,1,0,1,0,1
1148110911280732699,1065,Entire home/apt,16,10,17,8,0,2.0168739994659255,78701,Apartment/Condo,1,4.166666666666667,20,5,0,1,1,0,1,0,1,1,1,1,0,1
996405954891583108,145,Entire home/apt,4,1,1,1,0,1.609249616297312,78703,Apartment/Condo,0,2.6666666666666665,1,26,0,2,0,0,1,1,0,1,0,0,1,1
29774978,120,Entire home/apt,4,1,2,1,0,2.179400376852374,78702,Apartment/Condo,0,7.583333333333333,1,41,0,2,1,0,1,1,0,1,1,1,0,1
39028901,240,Entire home/apt,5,2,2,1,0,2.9532626228966827,78704,House,1,6.75,10,53,0,1,0,0,1,1,0,1,0,0,1,1
1055608999354688116,179,Entire home/apt,6,3,3,2,0,9.485156116176654,78724,House,0,2.4166666666666665,1,18,0,2,0,0,1,1,0,0,0,0,1,1
44264870,412,Entire home/apt,7,3,4,2.5,0,5.419032554399051,78704,House,1,5.333333333333333,1,23,0,3,0,0,1,1,0,1,0,1,0,1
701562925667608252,520,Entire home/apt,4,2,2,1,0,26.05912022831189,78737,House,0,3.75,1,6,0,1,0,0,1,1,0,0,0,1,0,1
1595357580226283970,264.5,Entire home/apt,10,3,5,1.5,0,5.10435038218128,78741,House,1,4.833333333333333,4,7,0,2,1,0,1,1,0,1,0,0,1,1
14501733,171,Entire home/apt,2,1,1,1,0,1.4575623524481023,78703,Apartment/Condo,1,11.666666666666666,10,31,0,2,0,0,1,1,0,1,0,1,1,1
1635862200685368394,63,Private room,2,1,1,1.5,0,17.096495800654345,Other,House,1,2.5833333333333335,5,3,0,2,0,0,1,1,0,1,0,1,0,0
53005932,347,Entire home/apt,4,2,2,1.5,0,6.180220958276424,78721,House,1,13.583333333333334,1,3,0,2,1,0,1,1,0,1,0,1,1,1
1604582617507220673,400,Entire home/apt,14,2,4,2,0,1.524826597963818,78705,Apartment/Condo,1,3.4166666666666665,5,2,0,1,0,0,1,1,0,1,0,0,0,1
1432063924734086449,264.5,Entire home/apt,8,4,4,2,0,3.6523013876040786,78702,House,1,6.75,2,13,0,2,0,0,1,1,0,1,0,1,0,1
1584963167519564742,130.67,Entire home/apt,2,1,1,1,0,1.5761064295804317,78703,Apartment/Condo,1,0.4166666666666667,1,15,0,1,0,0,1,0,0,1,0,1,1,1
728281111865113623,454,Entire home/apt,16,5,7,2.5,0,22.505777550984845,78734,House,1,4.333333333333333,3,24,0,2,0,1,1,1,0,1,0,1,1,1
47771824,256,Entire home/apt,6,3,3,2,0,5.819829949912548,78723,House,1,11.25,2,22,0,1,0,0,1,1,0,1,0,1,0,1
582543146692277188,199.5,Entire home/apt,3,2,2,1,0,3.6289840810405716,78704,House,1,3.6666666666666665,1,8,0,2,0,0,1,1,0,0,0,1,0,1
1627758927043092934,1456,Entire home/apt,16,8,8,8,0,2.1939077739541974,78702,Apartment/Condo,0,9.833333333333334,28,0,1,1,0,0,1,0,1,1,0,1,1,1
739176497887021645,460.5,Entire home/apt,4,2,3,2,0,4.194044078633921,78751,House,1,3.8333333333333335,1,0,0,2,0,0,1,1,0,1,0,0,0,1
1305069662934360774,214,Entire home/apt,10,3,5,2.5,0,1.6025906728134076,78705,Apartment/Condo,0,12.333333333333334,20,46,0,2,0,0,1,1,0,1,0,1,0,0
592210654833617740,513,Entire home/apt,16,10,16,6,0,5.274802105708767,78721,House,1,4.916666666666667,11,15,0,1,0,0,1,1,0,1,0,1,0,0
1588112469902845711,311,Entire home/apt,8,4,4,3,0,7.44055173982565,78741,House,0,0.4166666666666667,1,8,0,2,0,0,1,1,0,1,0,1,1,1
1663983420690462696,416,Entire home/apt,5,4,3,3,0,20.49541200257118,Other,House,0,0.16666666666666666,1,0,1,1,0,0,0,0,0,1,0,1,0,0
1551534180332553557,904,Entire home/apt,16,5,9,3.5,0,15.133180399621567,Other,House,0,0.5,1,11,0,1,1,1,1,1,0,1,0,1,0,1
23216551,245.5,Entire home/apt,4,2,2,1,0,6.461582899385148,78746,House,1,9.583333333333334,2,15,0,2,0,0,1,1,0,1,0,1,1,1
1664070686838961981,153,Entire home/apt,4,2,2,2,0,4.665017190827793,78704,Apartment/Condo,1,4.5,178,2,0,1,1,0,1,0,0,1,0,0,1,0
843293229198469651,112.5,Entire home/apt,3,1,1,1,0,2.2547558798108343,78702,Unique/other,1,10.666666666666666,9,31,0,2,0,0,1,1,0,0,0,1,0,1
1486196794661320956,183.96,Entire home/apt,6,3,3,2,0,10.487344413529424,78744,House,1,2.25,1,29,0,2,0,0,1,1,0,1,0,1,1,1
994798594441053361,514,Entire home/apt,7,3,3,2,0,1.7112633490023657,78702,House,1,2.6666666666666665,1,19,0,2,1,0,1,1,0,1,0,0,0,1
1379958520508896402,586,Entire home/apt,16,6,8,4.5,0,7.709656421698921,78752,House,0,3.75,31,5,0,1,0,0,1,1,0,1,0,1,0,1
1434734721337705599,170.5,Entire home/apt,2,1,1,1,0,6.056838028319161,78723,Apartment/Condo,0,7,67,2,0,2,0,0,1,0,0,1,0,1,1,0
1362471533322875492,178,Entire home/apt,4,1,1,1,0,8.614280644648842,78757,Apartment/Condo,1,1.5833333333333335,3,53,0,1,0,0,1,1,1,1,0,1,1,1
20829166,376.75,Entire home/apt,6,3,3,2.5,0,4.677520179489068,78704,House,1,8.75,1,7,0,4,0,0,1,1,0,1,0,1,0,1
1206422650472812414,273,Entire home/apt,11,4,7,2,0,24.907261655832276,78734,House,1,2.1666666666666665,5,12,0,1,0,1,1,1,0,1,0,1,1,1
1481321537673584220,313,Entire home/apt,6,2,4,2,0,2.031239973204237,78701,Apartment/Condo,1,10.833333333333334,3,35,0,1,1,0,1,0,0,1,0,0,0,1
1600136561562623061,336,Entire home/apt,12,5,6,4,0,4.7655299397318185,78721,House,1,6.833333333333333,10,2,0,2,0,1,1,1,0,1,0,1,0,1
1564578823921788802,263,Entire home/apt,12,4,8,2.5,0,6.492603533765791,78741,House,1,0.6666666666666666,2,10,0,2,0,0,1,1,0,1,0,0,1,0
1149444337616790658,149,Entire home/apt,2,1,1,1,0,2.8360496799091157,78702,Guesthouse/Guest suite,1,2,1,20,0,1,0,0,1,1,0,0,0,1,0,1
1533341198705217943,390,Entire home/apt,8,3,3,2,0,12.109827815313373,78745,House,0,7.916666666666667,2,3,0,2,0,0,0,1,0,1,0,1,1,1
39889185,369,Entire home/apt,10,4,8,3,0,1.5876327827958514,78702,House,1,9.083333333333334,7,38,0,2,0,0,1,1,0,1,1,1,0,1
1302525762962770372,98.5,Entire home/apt,2,1,1,1,0,17.400805214405754,Other,Unique/other,0,4.416666666666667,4,18,0,2,0,0,1,1,0,0,0,0,1,0
1659492185952558749,138,Entire home/apt,4,1,1,1,0,3.1319393309143115,78751,Apartment/Condo,0,3.9166666666666665,26,5,0,1,0,0,1,1,0,1,0,1,1,1
649862618338806800,410,Entire home/apt,8,3,6,2,0,18.516322104829676,Other,House,1,3.5,1,9,0,2,0,0,1,1,0,1,0,1,0,1
1281288506393619418,425,Entire home/apt,6,3,3,2,0,9.247537076592751,78757,House,0,1.5833333333333335,1,12,0,2,0,0,1,1,0,1,0,1,0,1
1127569918204840816,391.67,Entire home/apt,10,4,7,3,0,25.08671947632661,78737,House,0,2.1666666666666665,1,1,0,3,0,0,1,1,0,1,0,1,0,0
797039596633745168,2462.5,Entire home/apt,16,12,17,10,0,26.10966207408557,78737,House,1,12,17,2,0,1,1,1,1,1,0,1,0,0,1,1
1142213890405034372,256,Entire home/apt,5,2,3,1.5,0,8.9560755139557,78744,House,0,9.5,3,12,0,1,0,0,1,1,0,1,0,0,0,1
14949492,142.51,Entire home/apt,2,1,3,1,0,5.608561333217692,78723,Guesthouse/Guest suite,1,11.166666666666666,1,12,0,3,0,0,1,1,0,0,0,0,0,1
31041676,177.67,Entire home/apt,4,1,2,1,0,3.279860111252582,78702,Apartment/Condo,0,5.833333333333333,1,8,0,3,0,0,1,1,0,1,0,1,0,1
1270686833401473402,155,Entire home/apt,3,1,2,1,0,2.0110682875106267,78705,Apartment/Condo,0,6.916666666666667,25,8,0,1,0,0,1,1,0,1,0,1,0,1
1609172286151840763,155,Entire home/apt,4,1,2,1,0,13.468533113726595,Other,Apartment/Condo,0,4,38,0,1,1,1,0,1,1,0,1,0,1,1,1
7884851,236.20999999999998,Entire home/apt,8,3,5,2,0,8.529441307222182,78744,House,1,10.833333333333334,3,1,0,7,0,0,1,1,0,1,0,1,0,1
1612438,242.5,Entire home/apt,4,2,3,1,0,2.5918714752742553,78704,House,1,12.75,1,40,0,2,0,0,1,1,0,1,0,0,0,1
1678482546810195201,169.33,Entire home/apt,7,3,3,2,0,17.107187095581818,Other,House,0,0.08333333333333333,1,11,0,1,1,0,1,1,0,1,0,1,1,1
1285585991444675363,362.74,Private room,6,2,3,2,0,0.7258318026022659,78701,Hotel-like,0,6.75,30,0,1,2,1,0,1,0,1,1,0,1,0,1
1659479316176234064,178,Entire home/apt,6,2,2,1,0,3.6231440538846624,78751,Apartment/Condo,0,3.9166666666666665,26,5,0,1,0,0,1,1,0,1,0,1,1,1
1464466837551532209,200,Entire home/apt,4,2,2,1,0,10.76813112955636,78745,House,1,0.75,1,13,0,1,0,0,1,1,0,1,0,1,1,0
861538012412425327,530,Entire home/apt,6,3,3,3,0,4.305339461034201,78704,House,0,10.916666666666666,40,16,0,1,0,0,1,1,0,1,0,1,0,1
32858558,909,Entire home/apt,15,3,13,2,0,2.00311993584494,78702,House,0,11.333333333333334,18,7,0,3,1,0,1,1,0,0,0,1,0,1
22439136,542.5,Entire home/apt,6,3,3,2,0,11.36739546361487,Other,House,0,8.416666666666666,3,0,0,2,0,0,1,1,0,1,0,1,0,1
1412476856522241025,229.28,Entire home/apt,6,2,3,1,0,2.0717310799501645,78704,Apartment/Condo,0,2.1666666666666665,19,26,0,1,1,0,1,1,0,1,0,1,1,1
1606908548300395408,328,Entire home/apt,8,4,4,2.5,0,12.948795375716703,Other,House,0,3.5,1,0,1,2,1,0,1,1,0,1,1,1,1,1
1168057867077047958,1231,Entire home/apt,9,4,5,3.5,0,2.685983202217661,78704,Unique/other,0,1.8333333333333335,1,0,0,1,0,0,1,1,0,1,0,0,1,0
24121174,497,Entire home/apt,10,3,3,2,0,18.20779811387489,Other,House,0,8.416666666666666,1,4,0,1,0,0,1,1,0,1,0,1,1,1
742556526163459338,405.33,Entire home/apt,8,3,5,2,0,2.7338157099305,78702,House,1,3,1,8,0,2,0,0,1,1,0,1,0,1,1,1
837163117750567429,257,Entire home/apt,6,3,4,1.5,0,8.545991061431547,78745,House,0,3.25,1,6,0,2,0,0,1,1,0,1,0,1,1,1
1341608549933212820,152,Entire home/apt,4,1,2,1,0,5.7406721315334295,78751,Apartment/Condo,1,1.5,9,25,0,1,1,0,1,1,0,1,0,1,1,1
1463268370699526721,314,Entire home/apt,6,3,4,2,0,13.230196064077479,Other,House,1,3,3,30,0,1,0,0,1,1,0,1,0,1,1,1
1229345770403561360,112.98,Entire home/apt,6,2,4,2.5,0,0.6527140455344166,78701,Apartment/Condo,0,4.833333333333333,7,52,0,2,1,0,1,1,1,1,0,1,0,1
16768276,240,Private room,4,2,2,1,0,5.5297913166415755,78721,House,0,11,1,0,0,2,0,0,1,1,0,1,0,0,0,0
1705817577231068927,862,Entire home/apt,14,5,9,3.5,0,2.3254132525286537,78702,House,1,4.666666666666667,47,0,1,2,1,1,1,1,0,1,0,1,1,1
969620881612705223,300.57,Entire home/apt,12,3,12,2,0,4.3339265686568185,78702,House,0,11.333333333333334,18,11,0,2,0,0,1,1,0,0,0,1,0,1
1329870674954301747,2397,Entire home/apt,16,1,20,0,0,25.004672806882997,78737,Unique/other,1,1.75,4,0,1,1,1,1,1,1,0,1,0,1,0,1
1496014890122435490,1113,Entire home/apt,10,4,4,3,0,2.901548226850121,78704,House,1,11.083333333333334,9,3,0,1,1,0,1,1,0,1,0,1,1,1
1404308333156233943,115,Entire home/apt,2,1,1,1,0,13.962475857873734,78753,Apartment/Condo,1,9.166666666666666,6,117,0,1,0,1,1,1,0,0,0,0,0,1
885821673462028741,330.5,Entire home/apt,8,3,4,2.5,0,5.915137185825686,78721,House,1,3.25,2,12,0,2,0,0,1,1,0,1,1,1,0,1
52285718,299.5,Entire home/apt,8,3,5,2,0,8.463811133102153,78744,House,0,4.75,1,4,0,2,0,0,1,1,1,1,0,1,0,1
1632979782786511347,698,Entire home/apt,16,6,13,4.5,0,7.025521712603069,Other,House,1,3.1666666666666665,1,8,0,1,1,1,1,1,0,1,0,1,1,1
4013309,284.5,Entire home/apt,6,2,3,2,0,0.5985505075301581,78701,House,1,11.5,1,16,0,2,0,0,1,1,0,1,0,0,0,0
632826575062379610,160,Entire home/apt,6,2,2,2,0,6.643529593877854,78741,Apartment/Condo,0,8.666666666666666,53,13,0,1,0,0,1,1,0,1,1,1,0,1
1606789627740549480,179.5,Entire home/apt,6,2,4,1,0,6.574788826137138,78741,Apartment/Condo,0,2.6666666666666665,3,3,0,2,0,0,1,1,0,1,0,1,1,1
819212502048349736,342.5,Entire home/apt,3,1,1,1.5,0,12.524414560821903,Other,Apartment/Condo,0,4.25,2,0,0,2,1,0,1,0,1,1,1,1,1,0
37394101,2016.33,Entire home/apt,16,5,7,3.5,0,24.00988676345114,78734,House,0,6.083333333333333,2,0,0,3,0,1,1,1,0,1,0,1,1,0
653558195144942000,893.3299999999999,Entire home/apt,11,3,6,2.5,0,8.48397927119802,78744,House,1,4,1,37,0,1,0,0,1,1,0,1,0,1,1,1
990619521652716983,1768,Entire home/apt,16,6,12,4.5,0,1.2347345370177103,78702,House,0,11.333333333333334,18,21,0,2,1,0,1,1,0,0,0,1,0,1
48803540,364.75,Entire home/apt,6,3,3,2,0,2.721635690891577,78702,House,1,5.166666666666667,2,1,0,4,0,0,1,1,0,1,0,1,0,1
1355224648296472870,830,Entire home/apt,8,3,4,2.5,0,9.114050558126058,78745,House,1,1.3333333333333333,1,8,0,1,0,0,1,1,0,1,0,1,1,1
1692793879730786358,426,Entire home/apt,16,4,8,2,0,4.501120464008984,78721,House,1,4.083333333333333,12,5,0,1,1,1,1,1,0,1,1,1,0,1
636059583371333001,198,Entire home/apt,4,2,3,2,0,2.6155893347365926,78702,House,1,11.833333333333334,5,41,0,1,0,0,1,1,0,1,0,0,1,1
992173643865437233,385.5,Entire home/apt,4,2,2,1,0,4.811216341939627,78704,Apartment/Condo,0,2.6666666666666665,1,4,0,2,0,0,1,0,0,1,0,1,0,1
780319317624156384,84,Entire home/apt,4,1,1,1,0,9.073315763890326,78744,Apartment/Condo,0,3.6666666666666665,1,0,1,1,1,0,1,1,0,0,0,0,0,0
826829046420831389,636.5,Entire home/apt,8,3,8,2.5,0,7.518590838631494,78745,House,0,3.3333333333333335,1,3,0,2,1,1,1,1,1,1,0,1,0,1
817396213669418809,1493,Entire home/apt,9,4,5,3.5,0,7.236895839141403,78745,House,0,3.3333333333333335,1,0,0,2,1,0,1,1,0,1,0,1,0,1
1254576596469013658,223.67,Entire home/apt,4,2,2,1,0,26.158091465351983,Other,House,1,2.1666666666666665,3,80,0,1,0,0,1,1,0,1,0,1,1,1
23609897,316,Entire home/apt,4,2,3,1,0,1.4608214735087868,78702,House,1,8.25,1,14,0,2,0,0,1,1,0,1,0,0,0,1
1308169519655722409,554,Entire home/apt,10,4,5,3,0,11.450101235502522,78745,House,0,10.916666666666666,40,15,0,1,0,0,1,1,0,1,0,1,0,1
765917713395334158,171.2,Entire home/apt,4,1,2,1,0,1.6130436936182249,78703,Apartment/Condo,1,4.916666666666667,27,0,1,2,1,0,1,0,1,1,0,1,0,1
1474135189528226780,583,Private room,6,2,3,2,0,0.7559629420661363,78701,Hotel-like,0,2.25,7,2,0,2,1,0,1,0,0,1,0,0,0,1
977479875902580121,157.5,Entire home/apt,2,1,1,1,0,4.537932952771087,78721,Guesthouse/Guest suite,1,2.75,1,17,0,2,0,0,1,1,0,1,0,0,0,1
1286949824185088527,132,Entire home/apt,2,1,1,1,0,4.59367710844655,78751,Guesthouse/Guest suite,1,1.5833333333333335,1,11,0,1,0,0,1,0,0,0,0,0,1,1
681608686990608431,246,Entire home/apt,6,2,3,2,0,1.6130436936182249,78703,Apartment/Condo,1,4.333333333333333,28,0,1,2,1,0,1,0,1,1,0,1,0,1
755157608926946534,356,Entire home/apt,7,3,4,2,0,4.522861661265948,78704,House,1,4.666666666666667,47,25,0,1,0,0,1,1,0,1,0,1,1,1
50603610,491,Entire home/apt,6,3,3,2,0,6.147105894191795,78746,House,0,4.916666666666667,1,0,0,1,0,0,1,1,1,1,0,1,1,1
1496733262459370675,200,Entire home/apt,5,2,4,1,0,9.989215482813268,78745,Apartment/Condo,0,0.75,1,26,0,1,1,0,1,1,0,1,0,1,0,1
1514531529385186895,106,Entire home/apt,3,1,1,1,0,14.660483186112389,78758,Apartment/Condo,0,0.75,1,6,0,2,1,0,1,1,0,1,0,0,1,0
1265280827545929567,204.67,Entire home/apt,4,2,2,3,0,6.4368704088691775,78746,House,1,1.6666666666666665,1,7,0,1,0,0,1,1,0,0,0,1,1,1
735592,309,Entire home/apt,3,1,4,1,0,17.33514949992061,78737,Guesthouse/Guest suite,1,13.666666666666666,2,5,0,1,1,0,1,1,0,0,0,1,1,1
1711966895449690372,154,Entire home/apt,6,2,2,2,0,3.5793967170394425,78751,Apartment/Condo,0,3.9166666666666665,26,0,1,1,0,0,1,1,0,1,0,1,1,1
954993925516867599,221,Entire home/apt,6,3,4,2.5,0,14.773053710933674,Other,Guesthouse/Guest suite,1,9.666666666666666,1,10,0,2,0,0,1,1,0,1,0,0,0,1
1365931352996756393,391,Entire home/apt,10,4,5,2,0,6.597020615334132,78723,House,1,1.25,1,35,0,1,0,0,1,1,0,1,0,1,1,0
1679366002730746160,211.5,Entire home/apt,8,4,4,3,0,15.180197902071761,Other,House,0,0.08333333333333333,1,0,1,2,1,0,1,1,1,1,0,1,1,1
1480647839300711341,342.5,Entire home/apt,5,2,2,2,0,5.89606526308181,78721,House,0,0.8333333333333334,2,2,0,2,0,0,1,1,0,1,0,1,0,1
1016875580690605057,50.67,Entire home/apt,2,1,2,1,0,22.431275472185074,78734,Unique/other,0,7.416666666666667,1,2,0,3,0,0,1,1,0,0,0,0,1,0
799850181945451111,701.5,Private room,6,2,3,2,0,0.899113856672398,78701,Hotel-like,1,5.583333333333333,7,0,0,2,1,1,1,0,0,0,0,1,0,1
655262808036960238,247.33,Entire home/apt,4,2,2,2.5,0,4.0874339423243,78723,House,0,3.9166666666666665,1,0,0,3,1,0,1,1,1,1,0,1,0,1
34978642,136.94,Entire home/apt,2,1,1,1,0,2.980285837206903,78704,Guesthouse/Guest suite,0,15.416666666666666,1,55,0,1,0,0,1,1,0,0,0,1,0,1
1316836495570253702,410,Entire home/apt,16,4,11,2.5,0,22.831297390804572,78737,House,1,2,3,19,0,2,1,0,1,1,0,1,0,0,1,1
1661868383792755566,328,Entire home/apt,5,1,3,1,0,2.031239973204237,78701,Apartment/Condo,1,4.166666666666667,1,7,0,1,1,0,1,0,1,1,1,1,1,1
1182643675425768221,245.70999999999998,Hotel/shared room,2,1,1,1,0,1.0901504103393052,78705,Hotel-like,0,3.1666666666666665,48,0,1,1,1,0,1,0,1,0,0,1,1,1
1111484069177681250,1273.33,Private room,6,2,3,2,0,0.567429372598602,78701,Hotel-like,1,3.0833333333333335,3,0,0,3,1,1,1,0,0,1,0,1,0,0
50980104,236,Entire home/apt,4,2,2,2,0,5.381589955643002,78723,House,0,10.083333333333334,1,23,0,1,0,0,1,1,0,1,0,1,1,1
7094484,138,Entire home/apt,2,1,1,1,0,3.3434246730043276,78703,Guesthouse/Guest suite,1,10.916666666666666,1,10,0,2,0,0,1,1,0,0,0,1,0,0
23481891,84,Entire home/apt,3,1,2,1,0,6.59633943921844,78723,Guesthouse/Guest suite,0,8.25,1,57,0,1,0,0,1,1,0,0,0,0,0,1
1692193074832538769,685,Entire home/apt,6,2,3,2,0,0.7196818320954406,78701,Apartment/Condo,0,0,1,0,1,1,1,1,1,0,0,1,0,0,0,0
681609564263229616,461.5,Entire home/apt,8,3,4,3,0,1.6130436936182249,78703,Apartment/Condo,1,4.333333333333333,28,0,1,2,1,0,1,0,1,1,0,1,0,1
5521345,189.5,Entire home/apt,4,1,2,1,0,1.192308524199907,78702,Apartment/Condo,1,11.25,9,22,0,2,0,0,1,1,0,0,0,1,0,1
1457364764567920197,252,Entire home/apt,6,3,2,2,0,5.773342909944339,78723,House,0,0.9166666666666666,1,0,1,1,0,0,1,1,0,1,0,1,0,0
984811726175471699,394,Entire home/apt,4,1,2,1,0,5.401543054879362,78746,Apartment/Condo,0,10.916666666666666,40,10,0,1,0,0,1,1,0,1,0,1,1,1
625406395380414893,239.5,Entire home/apt,4,2,2,1,0,3.7404260596016483,78704,House,1,12.083333333333334,23,8,0,1,0,0,1,1,0,1,0,1,1,1
1457103319671155641,170.5,Entire home/apt,2,1,1,1,0,21.848862986054115,78734,Guesthouse/Guest suite,1,6.583333333333333,2,26,0,2,1,1,1,1,0,0,0,1,0,1
1367450039285132528,235.37,Entire home/apt,4,2,2,2,0,2.226937957054668,78722,Guesthouse/Guest suite,1,1.25,1,16,0,1,0,0,1,0,0,1,0,0,0,1
836433590722009133,350,Entire home/apt,5,3,5,2,0,5.31114654792549,Other,House,1,3.25,1,27,0,2,0,0,1,1,0,1,0,1,1,1
1190628319355819809,809,Entire home/apt,15,4,7,3.5,0,22.752078471325753,78734,House,1,1.9166666666666665,2,28,0,1,0,1,1,1,1,1,0,1,0,1
1660246405792504365,635.1,Entire home/apt,13,4,8,3.5,0,7.445245235349467,78741,House,1,8.333333333333334,18,7,0,1,1,1,1,1,0,1,0,1,1,0
1090137247332148022,128,Entire home/apt,4,1,3,1,0,13.366180063900465,Other,Apartment/Condo,0,4,38,18,0,1,1,0,1,1,1,1,0,1,1,1
564015109958627939,229,Entire home/apt,4,1,2,1,0,2.0372541680277947,78701,Apartment/Condo,0,4.25,1,55,0,2,1,0,1,0,1,1,1,1,0,1
678053187719568957,599.12,Entire home/apt,10,4,6,3,0,21.37163656860135,78734,House,1,3.8333333333333335,1,16,0,2,1,0,1,1,0,1,0,0,0,1
38383301,430,Entire home/apt,10,4,6,2,0,5.951344811944938,78704,House,0,8.333333333333334,2,1,0,2,0,1,1,1,0,1,0,0,0,0
1357934737663365982,191.5,Entire home/apt,6,3,3,1,0,7.343545360635707,78757,House,1,1.1666666666666667,1,17,0,2,0,0,1,1,0,1,0,1,0,1
587572,180,Entire home/apt,3,1,1,1,0,4.092037465442228,78704,Apartment/Condo,0,12.833333333333334,1,4,0,2,0,0,1,1,0,1,0,0,1,1
14068513,317.5,Entire home/apt,6,2,2,2,0,26.04881296505394,78734,House,0,10.25,17,0,0,2,1,0,1,0,0,1,0,1,0,0
1548768191988134970,105,Hotel/shared room,4,1,2,1,0,8.087194482033105,78744,Hotel-like,1,0.5833333333333334,6,0,1,1,1,0,1,1,1,0,0,1,0,1
39528087,365.5,Entire home/apt,7,3,6,2.5,0,16.0311843132144,Other,House,0,6.666666666666667,1,2,0,2,0,0,1,1,0,1,0,1,0,1
52191627,220,Entire home/apt,8,3,4,2.5,0,19.175330026971825,78729,House,0,2.4166666666666665,1,2,0,2,1,0,1,1,0,1,0,1,0,1
1050036144984415466,398,Entire home/apt,8,2,4,2,0,2.1510740607581806,78701,Apartment/Condo,1,8.833333333333334,38,25,0,1,1,0,1,0,1,1,1,1,1,1
1613213904604306060,300.13,Entire home/apt,6,2,3,2,0,0.8550092307056871,78701,Apartment/Condo,0,0.4166666666666667,2,1,0,3,1,0,1,0,1,1,0,0,0,1
579639412225995589,149.03,Entire home/apt,2,1,1,1,0,1.4793436090095757,78702,Guesthouse/Guest suite,1,9.083333333333334,4,96,0,1,0,0,1,1,0,0,0,0,1,1
16254209,803,Entire home/apt,16,5,18,3,0,4.103453004520838,78704,House,1,7.166666666666667,23,13,0,2,1,0,1,1,0,1,0,1,1,1
49139962,250,Entire home/apt,2,1,1,1,0,3.7150970706267765,78704,Apartment/Condo,0,10.916666666666666,40,12,0,1,0,0,1,1,0,1,0,1,0,1
1166839056536053014,208,Entire home/apt,5,2,3,1,0,1.338864396652166,78705,House,1,5.833333333333333,18,41,0,1,0,0,1,1,0,1,1,1,1,1
1642664319557906337,748,Private room,6,3,3,3,0,1.850810897455429,78701,Hotel-like,0,1.8333333333333335,8,0,1,1,1,0,1,0,0,1,0,1,1,0
1631259658529527516,248.20999999999998,Entire home/apt,4,2,2,1.5,0,2.979557460265183,78704,House,1,6.75,10,6,0,1,0,0,1,1,0,1,0,1,1,1
46398957,1371,Entire home/apt,16,7,10,5,0,1.2117647837917376,78703,House,1,8.916666666666666,16,13,0,1,1,0,1,1,0,1,0,1,0,1
1592228221367541084,343,Entire home/apt,6,2,3,1,0,0.7185485525866672,78701,Apartment/Condo,0,9.333333333333334,47,3,0,1,0,0,1,0,0,0,0,1,0,0
1429934751082479216,235.5,Entire home/apt,9,3,4,2,0,9.553508043300857,78745,House,1,8,5,1,0,2,1,0,1,1,0,1,0,1,1,1
1574048340191160574,400,Entire home/apt,6,4,4,2,0,7.8822317822094465,78752,House,0,1.75,1,0,1,1,0,0,1,1,0,1,0,1,1,0
1232177335513167992,160,Entire home/apt,4,1,1,1,0,9.852456855152553,78744,Guesthouse/Guest suite,1,6.75,2,13,0,2,0,0,1,1,0,1,0,0,0,1
853715915321402710,120,Entire home/apt,2,1,1,1,0,3.883596487516502,78751,Guesthouse/Guest suite,1,3,1,37,0,2,0,0,1,1,0,1,0,1,0,1
3757576,262.5,Entire home/apt,5,2,3,1,0,4.805748109350641,78704,House,1,13.583333333333334,3,0,0,2,0,0,1,1,0,1,0,1,1,0
1655419847965726749,2499,Entire home/apt,16,9,14,7.5,0,12.784197146254769,Other,House,0,7.166666666666667,3,1,0,1,1,1,1,1,0,1,0,1,1,1
1151996690746399007,145.5,Entire home/apt,5,2,2,1,0,4.042598434017201,78702,Guesthouse/Guest suite,1,2.0833333333333335,1,21,0,3,0,0,1,1,0,1,0,0,0,1
1401050225059787520,190,Entire home/apt,7,2,4,1,0,3.0372761800594423,78751,Apartment/Condo,1,1.5833333333333335,2,75,0,1,1,0,1,1,0,0,0,1,1,1
1668237512833410111,88,Hotel/shared room,2,1,1,1,0,7.6636840696782125,78741,Hotel-like,0,0.8333333333333334,6,1,0,1,0,0,1,0,0,1,0,1,1,0
1516509370603548960,479,Entire home/apt,14,3,7,3.5,0,2.192595633618233,78702,House,1,7.833333333333333,27,40,0,1,1,1,1,1,0,1,0,1,1,1
579782114976643519,266.27,Entire home/apt,4,2,3,1.5,0,11.886810613898142,Other,Guesthouse/Guest suite,1,5.083333333333333,1,9,0,2,0,0,1,1,0,1,1,1,1,1
1384422655932934691,135.5,Entire home/apt,4,1,1,1,0,6.542868086227486,78745,Apartment/Condo,0,1.1666666666666667,1,21,0,2,0,0,1,1,0,1,0,1,1,1
887106969612668805,242.5,Private room,2,4,1,1,1,5.772981983746982,78704,House,0,4.25,2,0,1,2,1,1,1,1,0,1,0,1,0,0
1223286550925960194,1318.6699999999998,Entire home/apt,16,4,8,3,0,24.71457658853591,Other,House,1,1.8333333333333335,5,30,0,2,1,1,1,1,1,1,0,0,1,1
1106649766308493196,550,Entire home/apt,12,4,6,4,0,5.0005120789435376,78704,House,0,9.25,47,2,0,2,0,1,1,1,0,1,0,1,1,1
1610944809035611966,399.5,Entire home/apt,6,2,3,2,0,3.6375110383244538,78704,House,0,9.416666666666666,1,1,0,2,0,0,1,1,0,1,0,1,0,1
1503098550805237496,388,Entire home/apt,10,4,5,3,0,4.679497534013627,78704,House,1,0.9166666666666666,3,22,0,1,1,1,1,1,0,1,0,1,1,0
27636411,171.5,Entire home/apt,2,1,1,1,0,4.3113009855125295,78751,Guesthouse/Guest suite,1,7.666666666666667,1,25,0,2,0,0,1,1,0,1,0,1,0,1
1654756480401463960,258,Entire home/apt,8,3,5,2,0,6.43110952935058,Other,House,1,1.25,19,5,0,1,0,0,1,1,0,1,1,1,1,1
1674953132589459895,507,Entire home/apt,12,3,4,2.5,0,24.80364287333603,78734,House,1,0.8333333333333334,2,7,0,1,0,1,1,1,0,1,0,1,1,1
788419481654768812,514,Entire home/apt,4,1,1,1,0,0.7542600020707663,78701,Apartment/Condo,0,3.5,1,1,0,1,1,0,1,0,1,1,0,0,0,0
52491022,342.35,Entire home/apt,8,3,3,2,0,12.70558765265824,Other,House,1,12,1,41,0,1,0,0,1,1,0,1,0,1,1,1
1507330399237376313,56.7,Entire home/apt,2,1,1,1,0,7.15529311742667,78752,Apartment/Condo,0,3.5,35,1,0,5,1,0,1,1,1,0,0,1,1,1
1477664826282150632,241.93,Entire home/apt,8,3,4,2,0,8.581539209041077,Other,House,1,2.9166666666666665,3,8,0,3,0,0,1,1,0,1,0,1,1,1
1465482881393842718,385.5,Entire home/apt,8,3,4,3,0,8.19483661114863,78744,House,0,0.9166666666666666,1,5,0,2,0,0,1,1,0,1,0,1,1,0
1501025426994668586,400,Entire home/apt,7,3,4,2,0,7.026988571727204,Other,House,0,0.75,1,10,0,1,0,0,1,1,0,1,0,1,0,0
853848524578753977,250,Entire home/apt,11,4,6,2.5,0,4.41270924389828,78721,House,1,9.833333333333334,18,81,0,1,1,0,1,1,0,1,0,1,0,1
1612387744975150213,453.82,Entire home/apt,8,4,5,2,0,1.5921772673239722,78703,House,1,4.416666666666667,6,8,0,1,0,0,1,1,0,1,0,0,0,1
1200881165602871995,407.96999999999997,Entire home/apt,10,4,7,2,0,24.98963712076696,Other,House,1,1.8333333333333335,1,50,0,2,1,0,1,1,0,1,0,0,1,1
52187041,177.5,Entire home/apt,2,1,1,1,0,2.9756510808351777,78751,Guesthouse/Guest suite,1,4.583333333333333,1,15,0,2,0,0,1,1,0,0,0,1,0,0
1404505794117019160,223,Entire home/apt,4,1,2,1,0,2.3565469017409457,78705,Apartment/Condo,0,1.1666666666666667,1,15,0,1,1,0,1,1,0,0,0,1,0,0
1002881780954180678,656,Entire home/apt,16,12,14,5,0,3.4685336604712864,78741,House,1,4.916666666666667,11,33,0,1,1,0,1,1,0,1,0,1,0,1
38774645,126,Private room,4,2,2,1,1,13.09571437565435,Other,House,0,6.75,6,0,0,1,1,0,1,1,0,1,0,0,0,1
1174148614869626023,713.5,Entire home/apt,6,3,3,3,0,4.255592974289919,78704,House,0,2,1,0,0,2,0,0,1,1,0,1,0,1,0,1
739843516524856510,225.5,Entire home/apt,5,2,3,2,0,4.770178998983907,78741,Apartment/Condo,0,3.9166666666666665,16,19,0,2,1,0,1,1,1,1,0,1,1,1
695204849118819699,302.76,Entire home/apt,4,2,3,1.5,0,5.513859892470682,78704,Apartment/Condo,1,4.5,14,7,0,1,0,0,1,1,0,1,0,1,1,1
52166836,237,Entire home/apt,2,1,1,1,0,1.7232752398496851,78703,Guesthouse/Guest suite,1,11.333333333333334,1,8,0,2,0,0,1,1,0,0,0,1,0,1
1492197137135799614,166.5,Entire home/apt,4,1,3,1,0,1.2196670643076222,78702,Apartment/Condo,1,9.416666666666666,15,8,0,2,0,0,1,1,0,1,0,1,1,1
1487328551376462528,180,Entire home/apt,6,3,3,2,0,27.210909702069756,Other,House,0,0.75,1,5,0,2,0,0,1,1,0,1,0,1,0,1
1523296814177326770,142.16,Private room,2,1,1,1,0,5.081534678787902,Other,Apartment/Condo,0,9.916666666666666,4,7,0,1,0,0,1,0,0,1,0,1,0,0
1436988830726643178,314,Entire home/apt,8,3,3,2.5,0,5.64733611806029,78704,House,0,1,1,21,0,2,0,0,1,1,0,1,0,1,0,1
1549410440482168903,282,Entire home/apt,5,3,5,1,0,2.9626142990814737,78702,House,1,4,87,3,0,2,0,0,1,1,0,1,0,1,1,1
1013795186892707216,524.9399999999999,Entire home/apt,9,3,5,3.5,0,2.094964778030511,78722,House,1,2.5833333333333335,1,14,0,1,1,0,1,1,0,1,0,1,1,1
52431237,67.58,Entire home/apt,4,1,1,1,0,4.492724874469864,78741,Apartment/Condo,0,8.666666666666666,53,28,0,1,1,0,1,1,0,1,0,1,1,1
1700213180669859049,392,Entire home/apt,6,3,3,2,0,2.2202772015182872,78703,House,1,10.416666666666666,23,1,0,1,1,0,1,1,0,1,0,1,1,1
1373362587195051844,485,Entire home/apt,6,3,3,2.5,0,20.462563079149085,78729,House,0,1.25,1,1,0,2,0,0,1,1,0,1,0,1,0,0
1522062031482583839,367,Entire home/apt,6,2,4,2,0,6.468620344982915,78741,Apartment/Condo,1,1.1666666666666667,9,27,0,2,1,0,1,1,1,1,1,1,1,1
47331054,149.85000000000002,Entire home/apt,2,1,1,1,0,1.5696890024913897,78703,Apartment/Condo,1,7.166666666666667,23,6,0,2,0,0,1,1,0,1,0,1,0,1
981613655712681783,206,Entire home/apt,8,3,2,1,0,11.523144351355644,Other,House,0,13.333333333333334,4,1,0,1,0,0,1,1,0,0,0,1,0,0
1131906736954245634,73,Private room,2,1,1,1,0,7.0580975699302675,78745,Hotel-like,0,3.25,92,19,0,1,0,0,1,0,1,1,0,1,1,1
680634267184648005,151.5,Entire home/apt,3,1,1,1,0,10.394764704671136,78757,Guesthouse/Guest suite,1,2,1,2,0,2,0,0,1,1,0,1,0,1,1,1
24248077,658.1800000000001,Entire home/apt,12,4,19,2,0,8.983672128859,78746,House,0,13.666666666666666,1,1,0,3,0,1,1,1,0,1,0,1,1,0
1111196070920869054,240.4,Entire home/apt,6,3,4,1,0,2.0553041585947085,78702,House,0,3.25,2,6,0,3,0,0,1,1,0,1,0,0,0,1
985630546871798195,265.33,Entire home/apt,6,3,4,2,0,8.946670094612513,78744,House,1,1.75,1,8,0,3,1,0,1,1,0,1,0,0,0,0
1548070795739270815,175,Entire home/apt,4,2,2,1.5,0,7.9069391816232475,78745,Apartment/Condo,1,0.5833333333333334,1,22,0,1,0,0,1,1,0,1,0,1,1,1
918125230616910945,395,Entire home/apt,4,2,3,1,0,1.9918885370256116,78702,House,0,10.916666666666666,40,12,0,1,0,0,1,1,0,1,0,1,0,1
1251497125143005888,446.2,Entire home/apt,12,4,4,2.5,0,23.803955679666036,Other,House,1,1.4166666666666667,1,30,0,1,1,0,1,1,0,1,0,1,1,1
1614047402455051893,555,Entire home/apt,6,3,3,3,0,2.1939077739541974,78702,Apartment/Condo,0,9.833333333333334,28,0,1,1,0,0,1,0,1,1,0,1,1,1
1061480881083999708,239.5,Entire home/apt,5,2,2,2.5,0,2.737585612924942,78702,House,0,2.4166666666666665,1,36,0,2,0,0,1,1,1,1,0,0,1,1
1081295547609553656,246.3,Entire home/apt,6,2,3,2,0,3.102868552889397,78702,House,0,3.9166666666666665,48,4,0,2,0,0,1,1,0,1,0,1,0,1
1508882475348262615,273.88,Entire home/apt,5,2,3,1,0,19.083136411901464,78729,Apartment/Condo,0,0.75,1,25,0,1,1,0,1,1,1,1,0,1,0,1
1396765631789649097,192,Entire home/apt,4,1,1,1,0,5.902961744945822,78704,Apartment/Condo,0,3.9166666666666665,16,3,0,1,1,0,1,1,0,1,0,1,1,1
1579071239631349038,292,Entire home/apt,10,2,5,2,0,1.746692291927872,78702,Apartment/Condo,1,2.6666666666666665,3,14,0,1,0,0,1,1,0,1,0,1,0,1
838689074676818894,549.26,Entire home/apt,8,3,4,2,0,7.890569992165875,78745,House,1,8.333333333333334,18,22,0,1,1,0,1,1,0,1,0,1,1,1
1612819345930457630,367.5,Entire home/apt,16,5,16,3.5,0,19.082930626410917,Other,House,1,4.583333333333333,5,20,0,2,1,1,1,1,0,1,0,1,0,1
1488836404119183105,1775.2,Entire home/apt,8,4,5,5.5,0,10.05108438234383,78746,House,1,2.25,8,17,0,4,1,1,1,1,1,1,0,1,0,0
1237925402060128668,339.61,Entire home/apt,6,3,3,1,0,7.278109555794765,78745,House,1,8.916666666666666,4,33,0,1,0,0,1,1,0,1,0,1,1,0
18563602,242.5,Entire home/apt,4,2,2,1,0,23.744070242577248,78734,House,1,9,1,6,0,2,0,0,1,1,0,1,0,1,0,1
1695157735204464240,740,Entire home/apt,8,3,5,3,0,26.240362998305336,78734,Apartment/Condo,1,4,87,0,0,2,0,0,1,1,0,1,0,1,0,1
1519024408050204579,182.5,Entire home/apt,5,2,2,1,0,10.32466388455175,78757,House,1,1.5,2,17,0,2,0,0,1,1,0,1,0,1,1,1
1603017877936916396,42,Private room,2,1,1,1,1,8.434300620720737,78744,Guesthouse/Guest suite,0,0.4166666666666667,3,33,0,1,0,0,1,1,0,1,0,1,1,0
24717875,888.6700000000001,Entire home/apt,8,4,4,3.5,0,2.9939717815204316,78704,House,1,8.25,13,3,0,2,0,0,1,1,0,1,0,1,0,1
1669592718880124049,627.3299999999999,Hotel/shared room,2,1,1,1,0,1.9756706334360723,78704,Hotel-like,0,0.16666666666666666,47,0,1,1,1,0,1,0,1,0,1,1,1,1
20886470,294,Entire home/apt,5,2,2,1,0,2.8844375932196002,78703,House,1,8.75,2,14,0,2,0,0,1,1,0,0,0,0,0,1
39077787,514,Entire home/apt,6,2,2,1,0,6.436859645838729,78704,House,0,15.25,1,2,0,2,0,0,1,1,0,1,0,1,0,1
586290871957243293,128.33,Entire home/apt,3,1,2,1,0,6.065672708110974,78741,Unique/other,1,4.25,1,24,0,3,1,0,1,1,0,0,0,0,0,1
1048829486964175963,374.31,Entire home/apt,14,4,7,2,0,9.27877498399007,78745,House,1,2.4166666666666665,2,11,0,2,1,0,1,1,1,1,0,0,1,1
52761117,350.34000000000003,Entire home/apt,6,2,3,2.5,0,3.2288881763927817,78741,House,0,9.583333333333334,3,21,0,1,0,0,1,1,0,1,0,1,1,1
14069226,317.5,Entire home/apt,6,2,2,2,0,26.05757286444343,78734,House,0,10.25,17,2,0,2,1,0,1,1,0,1,0,1,0,0
42223582,925,Entire home/apt,6,3,3,3,0,2.082168017059197,78701,Apartment/Condo,1,14.333333333333334,1,0,0,1,1,1,1,1,1,1,1,1,0,0
994241515802648086,625,Entire home/apt,10,4,4,2,0,9.164246511634252,78745,House,0,2.6666666666666665,1,16,0,1,1,1,1,1,0,1,0,1,0,1
28490380,1235,Entire home/apt,16,8,22,6,0,1.6090572300966528,78702,House,1,14.5,13,4,0,1,1,0,1,1,0,0,0,1,1,1
988978862618226818,367,Entire home/apt,4,1,2,1,0,0.668621461609309,78701,Apartment/Condo,1,2.75,26,0,1,1,1,0,1,0,1,1,0,0,0,1
814411907416492291,208.67,Entire home/apt,5,3,4,2,0,3.6399578758934448,78704,House,0,10.75,1,3,0,4,0,0,1,1,0,1,0,0,0,1
1502306166423061959,265,Entire home/apt,6,3,4,2,0,9.388455510857334,78744,House,0,7.416666666666667,1,16,0,1,0,0,1,1,0,0,0,0,0,1
1569179174446530387,130,Entire home/apt,4,1,2,1,0,3.4324877894642896,78751,Apartment/Condo,0,1.9166666666666665,4,18,0,1,0,0,1,1,0,0,0,1,1,0
579221605983755540,414.5,Entire home/apt,10,4,5,3,0,3.9610906470049905,Other,House,1,10.25,2,28,0,2,1,0,1,1,0,1,0,1,1,1
592265060291319011,202,Entire home/apt,8,3,3,2,0,2.097808314121924,78702,House,1,4.333333333333333,1,96,0,1,0,0,1,1,0,1,0,1,1,1
682547285691371686,468,Entire home/apt,12,4,7,2.5,0,6.319256082072808,78741,House,0,4.583333333333333,1,7,0,3,0,1,1,1,0,1,0,0,0,1
52632530,996.3299999999999,Entire home/apt,16,5,9,4,0,24.340767988406803,78734,House,0,4.25,1,2,0,2,0,0,1,1,0,1,0,1,0,1
1620639314260962615,100,Private room,2,1,1,1,0,20.7102171963509,78729,House,0,1.6666666666666665,17,1,0,2,0,0,1,1,1,1,0,0,0,1
1513176556953591072,186.01,Entire home/apt,4,2,2,1,0,4.795078416554664,78751,House,0,3.75,18,33,0,1,0,0,1,1,0,1,0,1,0,1
1593006993720476839,343,Entire home/apt,6,2,3,1,0,0.7360816682319821,78701,Apartment/Condo,0,9.333333333333334,47,2,0,1,0,0,1,0,0,0,0,1,0,0
1246509112758337610,291,Entire home/apt,5,2,2,2,0,2.9911662596919544,78702,House,1,1.75,1,32,0,2,0,0,1,1,0,1,0,0,1,1
1314544311386333097,172.5,Entire home/apt,6,2,3,1,0,10.386816319003286,78757,House,1,1.5,2,49,0,2,0,0,1,1,0,1,0,1,1,1
610862768363452875,497,Entire home/apt,8,4,4,2,0,20.132555408698128,78729,House,1,10.333333333333334,12,9,0,1,0,0,1,1,0,1,0,1,1,1
40443232,431.5,Entire home/apt,4,2,3,2,0,4.413476537334716,78704,House,0,6.5,3,41,0,2,0,0,1,1,0,1,0,1,0,1
1079110055017059019,379.44,Entire home/apt,6,2,3,2.5,0,5.942894119080242,Other,House,1,2.3333333333333335,1,19,0,2,1,1,1,1,0,1,0,0,0,1
1532798508158202917,625,Entire home/apt,10,4,7,2,0,3.9239957406913653,78704,House,0,0.5833333333333334,1,21,0,1,0,0,1,1,0,1,0,1,1,1
1404320970793867218,167,Entire home/apt,4,1,1,1,0,5.889638645420025,78704,Apartment/Condo,0,3.9166666666666665,16,16,0,1,1,0,1,1,0,1,0,1,1,1
640481068977001685,100.5,Private room,2,1,1,1,0,3.2618632223184147,78704,House,0,8.583333333333334,9,0,1,2,0,0,1,0,0,1,0,1,0,1
1131278755927815786,913,Entire home/apt,10,4,6,3,0,5.48278119282493,78704,House,0,10.916666666666666,40,14,0,3,1,1,1,1,0,1,0,1,0,0
1105379200548713965,243,Entire home/apt,4,2,4,1,0,4.24999758701514,78751,Guesthouse/Guest suite,1,2.25,1,16,0,1,0,0,1,1,0,1,0,0,1,1
731052460002445983,205.5,Entire home/apt,4,1,2,1,0,2.306243367582711,78702,Apartment/Condo,1,3.6666666666666665,1,41,0,1,1,0,1,1,0,1,0,1,1,1
1202425165772953055,336,Entire home/apt,10,4,6,2,0,5.534012377625484,78741,House,1,3.25,2,30,0,2,0,0,1,1,0,1,0,1,1,1
580665499608194230,182.59,Entire home/apt,6,1,2,1,0,2.0344018896667984,78701,Apartment/Condo,1,7.916666666666667,2,27,0,1,1,0,1,0,1,1,1,1,0,1
993809850738514021,107,Entire home/apt,2,1,1,1,0,2.498104637131403,78702,Guesthouse/Guest suite,0,4.583333333333333,1,37,0,1,0,0,1,1,0,0,0,1,1,1
1629229444314200860,370,Entire home/apt,14,4,6,3,0,8.079694210284707,78745,House,1,2.4166666666666665,2,11,0,1,1,0,1,1,0,1,0,0,0,1
558843503953234348,223,Entire home/apt,3,1,1,1,0,7.45607587776754,78741,Apartment/Condo,0,4.333333333333333,1,0,0,2,1,1,1,1,1,1,1,1,0,1
739788252524004360,148.56,Entire home/apt,2,1,2,1,0,25.71085978121255,Other,Guesthouse/Guest suite,0,3.6666666666666665,1,3,0,7,0,0,1,1,0,1,0,1,1,0
12308357,188,Entire home/apt,2,1,1,1,0,3.3856656033269115,78704,House,1,13.75,5,89,0,1,1,0,1,1,0,0,0,0,1,1
1467424998137340185,746,Entire home/apt,14,7,7,5.5,0,3.660975578821839,78704,House,0,9.25,47,8,0,2,1,0,1,1,0,1,0,1,0,1
1668086771027361922,114,Hotel/shared room,2,1,1,1,0,7.774347846747588,78741,Hotel-like,0,0.8333333333333334,6,0,1,1,0,0,1,0,0,1,0,1,0,0
1420470837957480055,249,Entire home/apt,6,2,4,2,0,3.7137965691194728,78704,Apartment/Condo,1,1,1,50,0,1,0,0,1,1,0,1,0,1,0,1
1406600504667859124,83.2,Private room,2,1,1,1,0,20.338506612612115,Other,Hotel-like,0,1.0833333333333333,4,15,0,1,1,0,1,1,0,1,0,1,1,0
1123391839075795202,446,Entire home/apt,6,3,4,2.5,0,6.352970949671399,78741,House,1,5.333333333333333,11,23,0,1,0,0,1,1,0,1,0,1,0,1
1298621314725313847,709.3599999999999,Entire home/apt,4,1,1,1,0,8.910802494141604,78757,Guesthouse/Guest suite,0,10.666666666666666,1,0,1,3,1,0,1,1,0,0,0,0,0,1
1671074424505606740,240,Entire home/apt,2,1,1,1,0,5.599616817313995,78741,Apartment/Condo,0,1.4166666666666667,38,0,1,2,1,0,1,1,0,1,0,0,1,1
1476317812974035210,357.3,Entire home/apt,6,2,3,2,0,3.101166849967934,78704,Guesthouse/Guest suite,1,9.083333333333334,3,25,0,1,1,1,1,1,0,1,0,1,1,1
842773864137813738,143.3,Entire home/apt,6,2,2,1,0,6.767334780329343,78741,Apartment/Condo,0,8.666666666666666,53,5,0,1,0,0,1,1,0,1,1,1,0,1
1681937490088543160,229,Entire home/apt,6,3,4,2.5,0,6.910791152912523,78745,House,0,10.25,1,4,0,1,0,0,1,1,0,1,0,1,1,1
1471205240893572136,574.5,Private room,6,2,3,2,0,0.7568537114432737,78701,Hotel-like,0,0.9166666666666666,6,0,1,2,1,0,1,0,0,1,0,0,0,1
1234180076565373718,217.5,Entire home/apt,4,1,1,1,0,11.286465115359038,78758,Apartment/Condo,1,2.9166666666666665,3,17,0,1,1,0,1,1,1,1,1,1,0,1
1614762566935469860,55,Private room,2,1,1,1,0,15.233869348706557,78758,Apartment/Condo,0,0.25,1,2,0,1,1,0,1,1,0,1,0,0,1,0
47487636,255,Entire home/apt,3,1,4,1,0,5.750888806120884,78746,Apartment/Condo,0,5.916666666666667,23,2,0,1,1,0,1,1,0,0,0,1,0,1
765918261400081673,203.5,Entire home/apt,4,1,2,1,0,1.6130436936182249,78703,Apartment/Condo,1,4.916666666666667,27,0,1,2,1,0,1,0,1,1,0,1,0,1
689920220826297863,145,Entire home/apt,4,1,1,1,0,6.271965313183767,78741,Apartment/Condo,0,8.666666666666666,53,24,0,1,0,0,1,1,1,1,1,1,0,1
1182643287586202392,245.70999999999998,Hotel/shared room,2,1,1,1,0,1.0901504103393052,78705,Hotel-like,0,3.1666666666666665,48,0,1,1,1,0,1,0,1,0,0,1,1,1
1615461049622107002,194,Entire home/apt,2,1,1,0,0,1.2063844196496456,78701,Apartment/Condo,0,2.0833333333333335,42,0,1,1,1,0,1,0,1,1,0,0,1,1
593113967612083833,856,Entire home/apt,2,1,2,1,0,0.5864650214129583,78701,Apartment/Condo,0,12.25,23,0,0,1,0,0,1,0,0,0,0,1,1,1
811154636754995673,327,Entire home/apt,11,4,5,4,0,5.083718112211554,78741,Apartment/Condo,0,3.75,8,36,0,1,1,1,1,1,1,1,0,1,1,1
923858056299555801,273,Entire home/apt,6,3,3,1,0,7.556436128237518,78745,House,1,13.25,1,29,0,2,0,0,1,1,0,1,0,0,0,1
15194730,226.33,Entire home/apt,4,2,2,1.5,0,3.8294919459231753,78704,House,1,11.25,1,29,0,2,0,0,1,1,0,1,0,0,1,1
1093767805786842788,870,Private room,4,1,2,1,0,0.7037169926608321,78701,Hotel-like,1,3.0833333333333335,3,0,1,3,1,1,1,0,0,1,0,1,0,0
1384289717466842113,151,Entire home/apt,6,2,2,1,0,9.951852281468453,78744,House,1,8.25,35,43,0,1,0,0,1,1,0,1,0,0,0,0
929639747887634076,115,Private room,3,1,1,1,0,13.184981871802915,Other,Hotel-like,0,3.25,92,0,0,1,1,0,1,0,1,0,0,1,1,1
1294940055811377578,200.14,Entire home/apt,4,1,1,1,0,10.247059418442026,78724,Unique/other,0,1.5,1,3,0,1,1,1,1,1,1,1,0,0,0,1
35689647,206.59,Entire home/apt,6,3,3,2,0,10.566703279807019,78758,House,1,9.083333333333334,3,71,0,1,0,0,1,1,0,1,0,1,1,1
552053656571123737,321,Entire home/apt,8,3,4,2,0,4.063658066756189,78722,House,0,9,15,7,0,2,0,0,1,1,0,1,0,1,1,1
52420013,150,Entire home/apt,3,1,1,1,0,4.691187991233403,78751,Guesthouse/Guest suite,1,4.416666666666667,1,30,0,2,0,0,1,1,0,1,0,1,0,1
1447961737779538788,288,Entire home/apt,4,1,2,1,0,2.3703461546804525,78702,Guesthouse/Guest suite,0,9.25,47,0,1,2,1,0,1,1,0,1,0,1,0,1
1519111517049619709,275,Entire home/apt,6,2,4,2,0,5.587233890458398,78721,House,1,8.916666666666666,1,14,0,1,0,0,1,1,0,1,0,1,0,1
1056525263190459413,445.2,Entire home/apt,6,3,3,3,0,4.5141093936034755,78704,House,0,5.666666666666667,1,0,1,5,0,0,1,1,0,1,0,1,1,0
1105855851269309204,169.5,Entire home/apt,6,2,3,1,0,12.86670789374873,Other,House,0,4.25,37,14,0,2,0,0,1,1,0,1,0,1,1,1
568027183733895517,46.01,Private room,1,1,1,2.5,1,8.672486054903215,78753,House,0,1.1666666666666667,8,37,0,1,0,0,1,1,0,0,0,0,0,1
1362465611075984071,419.5,Entire home/apt,6,3,3,2.5,0,16.944724450699546,Other,House,1,1.3333333333333333,1,17,0,2,0,0,1,1,0,1,0,0,1,1
1192208888183751426,163,Entire home/apt,4,1,2,1,0,13.167379905273073,Other,Apartment/Condo,0,4,38,11,0,1,1,0,1,1,1,1,0,1,1,1
27331682,150,Entire home/apt,3,1,2,1,0,4.345016406759561,78702,House,1,9.75,18,67,0,1,0,0,1,1,0,0,0,1,1,1
998336760553447228,138,Entire home/apt,4,2,3,1,0,5.000835169134949,78721,House,1,9.75,18,65,0,1,0,0,1,1,0,0,0,1,1,1
1239875982410036475,1615,Entire home/apt,16,5,9,3,0,1.427079480837222,78702,House,0,1.4166666666666667,1,19,0,2,1,0,1,1,0,1,0,0,1,1
1115238361189984911,261,Entire home/apt,6,2,5,2,0,4.749221290548879,78721,House,0,12.333333333333334,20,26,0,1,0,0,1,1,0,1,0,0,1,0
749972791855266827,203.5,Entire home/apt,4,1,2,1,0,1.6130436936182249,78703,Apartment/Condo,1,5.25,23,0,0,2,1,0,1,0,1,1,0,1,0,1
1128483539582340957,159,Entire home/apt,4,1,2,1,0,4.23490538071469,78704,Apartment/Condo,1,3.0833333333333335,1,41,0,1,1,0,1,1,0,1,0,0,1,1
54331650,176.02,Entire home/apt,10,3,3,2,0,12.75480294583673,78758,House,1,4.5,1,2,0,3,0,0,1,1,1,1,0,1,1,1
1156409880796662502,435.36,Entire home/apt,11,4,15,2,0,6.247625245986428,78741,House,0,2.0833333333333335,1,8,0,2,0,0,1,1,0,0,0,1,0,1
14741664,298.5,Entire home/apt,6,2,3,1,0,5.138419071841972,Other,House,1,9.666666666666666,1,25,0,2,0,0,1,1,0,1,0,0,1,1
50681021,195.5,Entire home/apt,7,2,5,2,0,4.68753206090881,78741,Apartment/Condo,0,4.833333333333333,1,12,0,2,1,0,1,1,0,1,0,1,0,1
640479222372003782,200,Entire home/apt,6,3,3,1.5,0,6.271463367700715,78723,House,1,3.75,1,24,0,2,0,0,1,1,0,1,0,0,1,1
41064875,550,Entire home/apt,16,5,14,3.5,0,8.615179907291113,78745,House,1,6.333333333333333,5,23,0,1,0,0,1,1,0,1,0,1,1,1
984111355194941021,409,Entire home/apt,8,3,5,2.5,0,2.964471097534599,78704,House,1,3.75,1,26,0,2,0,0,1,1,0,1,0,1,0,1
1513825595727858608,316,Entire home/apt,8,3,4,3,0,7.393697379476335,78745,House,1,4.666666666666667,47,20,0,2,0,0,1,1,0,1,0,1,1,1
42390679,147.43,Entire home/apt,2,1,1,1,0,2.9685082718877154,78722,House,1,6.166666666666667,16,40,0,1,0,0,1,1,0,0,0,1,0,1
2926708,964.5,Entire home/apt,9,4,4,3,0,2.511821771377642,78702,House,1,13.833333333333334,7,0,0,2,0,0,1,1,0,1,0,1,0,1
52431234,132,Entire home/apt,4,1,1,1,0,4.2937543335702415,78741,Apartment/Condo,0,8.666666666666666,53,32,0,1,1,0,1,1,0,0,0,1,1,1
1393868966109567669,228,Entire home/apt,6,2,4,1,0,5.634209097076301,78704,House,1,1.1666666666666667,4,28,0,1,0,0,1,1,0,1,0,0,0,1
987867182060388848,325,Entire home/apt,5,1,3,1,0,12.679185110477876,Other,House,0,2.6666666666666665,1,0,0,2,0,1,1,1,0,0,0,0,0,1
1665308192346549281,359,Entire home/apt,4,2,2,2,0,3.3092126040766985,78704,House,0,9.25,47,0,1,2,1,0,1,1,0,1,0,1,0,1
1459013796384028109,182.22,Entire home/apt,4,1,2,1,0,17.741377412320148,Other,Apartment/Condo,1,0.9166666666666666,2,20,0,2,1,0,1,1,1,1,1,1,0,1
564487374929430291,200.85000000000002,Entire home/apt,4,2,2,1.5,0,11.052092824672801,78757,House,0,4.25,3,10,0,2,0,0,1,1,0,1,0,1,1,1
906610606216821564,264,Entire home/apt,7,3,4,2.5,0,5.3402316513869525,78741,House,1,3.25,1,10,0,1,1,0,1,1,0,1,0,1,0,1
1711086466627766793,100,Hotel/shared room,2,1,1,1,0,22.830669804267583,Other,Hotel-like,0,1,22,0,1,1,1,0,1,1,1,0,0,1,1,1
714174806090144524,361.5,Private room,6,2,3,2,0,0.7704450056369456,78701,Hotel-like,0,3.6666666666666665,25,0,1,2,1,1,1,0,1,1,0,1,0,1
1569083630373054128,196.64,Entire home/apt,5,2,3,2,0,18.50732940878969,Other,Apartment/Condo,0,3,6,3,0,1,1,1,1,1,0,1,0,1,1,1
50656542,179,Entire home/apt,2,1,1,1,0,5.7967782674676,78704,Apartment/Condo,1,7.166666666666667,4,49,0,1,0,0,1,1,0,1,1,1,1,1
1343068138985651973,155.33,Entire home/apt,4,2,2,1,0,5.306133463541399,78741,House,1,1.8333333333333335,1,32,0,2,0,0,1,1,0,1,0,1,0,1
850234814306816507,324,Entire home/apt,4,2,2,2.5,0,3.4898772018451623,78702,House,1,3.25,1,34,0,1,0,0,1,1,0,1,0,1,1,1
988980117051447078,392,Entire home/apt,6,2,3,2,0,0.6912724602859501,78701,Apartment/Condo,1,2.75,26,0,0,1,1,0,1,0,1,1,0,0,0,1
1547174106318695045,166.53,Entire home/apt,2,1,1,1,0,3.1468753248168158,78704,Unique/other,0,15.416666666666666,3,0,1,7,0,0,1,1,0,1,0,1,0,1
1486954785805177104,294,Entire home/apt,8,4,4,2.5,0,13.801716277367126,Other,House,0,0.8333333333333334,2,1,0,1,0,0,1,1,0,1,0,1,0,0
41373915,61,Private room,1,1,1,1,0,2.3601872580948466,78705,House,0,8.25,3,0,0,6,0,0,1,1,0,1,0,0,1,0
1176503043187223769,212.7,Entire home/apt,3,1,1,1,0,14.219240786283873,78758,Apartment/Condo,1,2.1666666666666665,2,21,0,2,1,0,1,1,0,1,0,0,0,1
1357507772766820559,280.04,Entire home/apt,4,1,2,1,0,2.259059072119039,78704,Apartment/Condo,0,2.1666666666666665,19,15,0,1,1,0,1,1,0,1,0,1,1,1
1648015883376392061,531.7700000000001,Entire home/apt,14,5,9,3.5,0,2.1703934680371955,78702,House,1,4.666666666666667,47,8,0,2,1,1,1,1,0,1,0,1,1,1
1598583691594395888,156.8,Entire home/apt,4,2,2,2,0,5.814131142402317,78704,Apartment/Condo,1,4.5,178,0,1,1,1,0,1,0,0,1,0,0,1,1
960917517817610262,414,Entire home/apt,8,4,4,2.5,0,4.762262161994899,78704,House,0,9.25,47,3,0,2,0,0,1,1,0,1,0,1,0,1
568054967583337207,198,Entire home/apt,5,2,2,2,0,5.721772907910807,78704,House,0,4.25,1,25,0,2,0,0,1,1,0,0,0,1,0,1
1654391575708053601,91,Entire home/apt,2,1,1,1,0,7.143887504465211,78752,Apartment/Condo,0,3.5,35,0,1,5,0,0,1,1,1,0,0,1,1,0
649264742857060352,404,Entire home/apt,7,3,4,3,0,2.0165513559011496,78702,Apartment/Condo,0,8.666666666666666,53,42,0,1,0,0,1,1,0,1,1,1,1,1
1103839841049045194,337,Private room,2,1,1,1,0,4.179449242707179,78723,Hotel-like,0,3.6666666666666665,1,0,0,1,0,0,1,0,0,0,0,1,0,1
51425579,517.3299999999999,Entire home/apt,8,3,4,2,0,13.443081712668535,Other,House,0,4.833333333333333,1,1,0,3,0,0,1,1,0,1,0,1,0,1
657831654984448914,856,Entire home/apt,6,3,3,3,0,10.198230833883866,Other,House,0,12.583333333333334,1,3,0,1,0,0,1,1,0,1,0,1,0,1
1657679407471167913,422.5,Entire home/apt,10,4,5,2.5,0,17.18163716412305,Other,House,1,2.5833333333333335,5,6,0,2,0,0,1,1,0,1,0,0,0,0
613088323255036264,499,Entire home/apt,4,1,2,1,0,0.7856389413613716,78701,Apartment/Condo,0,5.333333333333333,3,0,0,1,0,0,1,0,1,0,0,0,0,0
49611906,251,Entire home/apt,5,2,3,1.5,0,1.8545140445976729,78702,Apartment/Condo,1,9.75,7,25,0,1,0,0,1,1,0,1,0,1,0,1
1518048051776146844,151.5,Entire home/apt,4,2,2,2,0,15.374955543165042,78753,Apartment/Condo,1,1.3333333333333333,25,17,0,2,1,0,1,1,1,1,0,1,0,1
1210326323612776560,273,Entire home/apt,4,2,2,1,0,26.020371513129696,78734,Guesthouse/Guest suite,1,8.666666666666666,1,31,0,1,0,0,1,1,0,1,1,1,1,1
681609275324843732,461.5,Entire home/apt,8,3,4,3,0,0.7542600020707663,78701,Apartment/Condo,1,4.333333333333333,28,0,1,2,1,0,1,0,1,1,0,1,0,1
42737144,1396.52,Entire home/apt,16,5,8,2,0,6.234603173040036,78723,House,0,9.916666666666666,4,1,0,1,0,0,1,1,0,1,0,1,0,1
15632001,263.33,Entire home/apt,4,3,3,2,0,10.436500690814993,78745,House,0,9.666666666666666,1,1,0,3,0,0,1,1,0,1,0,0,0,1
1441371621757547681,416.33,Private room,6,2,3,2,0,0.8337274459154854,78701,Hotel-like,0,3,60,0,1,3,1,0,1,0,1,1,0,0,0,0
1360390864471631886,228,Entire home/apt,5,2,3,1,0,4.413867429844646,78741,Apartment/Condo,0,6.833333333333333,43,53,0,1,0,0,1,1,0,1,0,1,0,1
959000959439263300,565,Entire home/apt,16,5,8,3,0,10.509569409390927,78758,House,1,2.75,1,32,0,1,1,1,1,1,0,1,0,1,1,1
1482260556987140642,250,Entire home/apt,6,2,4,1,0,12.658275852997019,Other,House,0,6.416666666666667,2,3,0,1,0,0,1,1,0,1,0,1,1,0
824002564235077756,503,Entire home/apt,10,4,5,3,0,15.458174833436848,Other,House,1,7.666666666666667,1,43,0,1,0,1,1,1,0,1,0,1,1,1
1033437558215441393,228.81,Entire home/apt,11,4,6,2,0,12.905892026772191,Other,House,1,2.5,1,30,0,2,0,0,1,1,0,1,0,1,0,1
1142075663056279317,277,Entire home/apt,14,4,7,2,0,5.310331611419019,78721,House,0,3.75,31,36,0,1,1,0,1,1,0,1,0,1,1,1
833589325123489395,227,Entire home/apt,2,1,1,1,0,23.28440760227577,Other,House,1,5.166666666666667,2,44,0,1,0,0,1,1,0,1,0,1,0,1
1254377224409076474,99,Private room,2,1,1,1,0,7.928942318938001,78752,Hotel-like,0,3.25,92,0,1,1,1,0,1,1,1,0,0,1,1,1
1583565616638571575,331,Entire home/apt,6,3,3,2,0,9.53086147362942,78745,House,0,0.4166666666666667,1,11,0,1,0,0,1,1,0,1,0,0,0,1
874529398340045903,291.3,Entire home/apt,4,2,2,2.5,0,6.39741737490846,78745,House,0,3.9166666666666665,48,17,0,2,0,0,1,1,0,1,0,0,0,1
8032556,297,Entire home/apt,8,3,4,2,0,4.485629060896997,Other,House,1,10.75,1,20,0,2,0,0,1,1,0,1,0,1,0,1
47203013,94,Private room,2,1,1,1.5,1,19.04144159185366,Other,Guesthouse/Guest suite,1,4.25,1,8,0,1,0,0,1,1,0,0,0,1,0,0
1501440963345202789,1898,Entire home/apt,10,4,5,3,0,5.179031177171155,78704,House,0,0.75,1,0,1,1,1,1,1,1,0,1,0,1,0,0
17358165,467.5,Entire home/apt,16,6,14,3,0,3.618089362882698,78741,House,1,9.333333333333334,4,28,0,1,1,0,1,1,0,1,0,1,1,1
1575017603387784507,234,Entire home/apt,3,1,1,1,0,14.455475165394812,78758,Apartment/Condo,1,9.25,3,2,0,1,1,0,1,1,0,1,0,1,0,1
603133701864295823,187,Entire home/apt,6,2,2,2,0,4.472594178505409,78741,Apartment/Condo,0,8.666666666666666,53,22,0,1,1,0,1,1,0,1,0,1,1,1
1534138715186781794,145,Entire home/apt,4,1,1,1,0,4.4018185258042,78751,Apartment/Condo,0,1.9166666666666665,4,34,0,1,1,0,1,1,0,1,0,1,1,0
1371988425212122185,240,Entire home/apt,6,3,1,1,0,4.990352693557532,78721,House,0,1.25,1,3,0,2,0,0,1,1,0,1,0,0,0,1
1699396829714352394,389.5,Private room,6,2,3,2,0,0.6678897534622652,78701,Hotel-like,0,0.25,6,0,1,2,1,0,1,0,1,1,0,0,0,1
745531245085063603,300.7,Entire home/apt,6,3,4,2,0,9.281630151669274,78744,House,1,1.8333333333333335,36,22,0,1,0,0,1,1,0,1,0,1,1,1
1573535666487736269,700,Entire home/apt,14,5,8,2.5,0,3.080429445442475,78702,House,1,8.916666666666666,16,5,0,1,1,0,1,1,0,1,0,0,0,0
1034939392235059670,334,Entire home/apt,16,5,9,2,0,13.682686965613925,78753,House,1,2.5,1,26,0,1,0,1,1,1,0,1,0,1,1,1
22481500,1970.6699999999998,Entire home/apt,16,7,18,6.5,0,16.397355787814536,78737,House,1,8.666666666666666,12,6,0,3,1,1,1,1,0,1,0,1,1,1
1398133215259090214,274,Entire home/apt,5,2,2,2.5,0,2.8578346335824496,78722,House,1,6.583333333333333,2,1,0,2,0,0,1,0,0,1,0,1,1,1
740655423209699399,1233,Entire home/apt,11,4,6,2,0,10.874763996995055,78753,House,1,2.75,8,30,0,1,0,0,1,1,0,1,0,1,1,1
727561459389003930,265,Entire home/apt,2,1,1,1,0,3.6996837014337083,78704,Apartment/Condo,1,4.666666666666667,13,16,0,1,0,0,1,1,0,1,0,0,1,1
1671074725400046224,91.41000000000001,Entire home/apt,2,1,1,1.5,0,5.555137350624141,78741,Apartment/Condo,0,1.4166666666666667,38,0,1,2,1,0,1,1,0,1,0,0,1,1
45484516,310.33,Entire home/apt,2,1,1,1,0,12.409290813161528,Other,House,1,5.75,1,14,0,3,0,0,1,1,0,1,0,0,0,1
642019416677896644,183.67,Entire home/apt,14,3,9,2.5,0,20.49332921513481,Other,House,1,5.083333333333333,2,30,0,2,0,0,1,1,0,1,0,1,1,1
1060056847529841936,281,Entire home/apt,6,2,3,2,0,2.033767253689002,78701,Apartment/Condo,0,12.333333333333334,20,31,0,1,1,0,1,0,1,1,0,0,0,0
1507359155960945949,709,Entire home/apt,16,10,15,7,0,5.947892042107388,78721,House,1,6.833333333333333,10,8,0,2,0,1,1,1,0,1,0,1,0,1
1663452445539944281,2075.2,Entire home/apt,16,8,16,8,0,4.771268036273992,78704,House,1,4.5,178,0,1,1,1,0,1,0,0,1,0,0,1,0
21696485,1255,Entire home/apt,16,6,10,5.5,0,27.098580677655825,78737,House,1,8.583333333333334,2,24,0,3,1,1,1,1,0,1,0,1,1,1
39029322,200,Entire home/apt,5,2,2,1,0,2.8829571861777867,78704,House,1,6.75,10,64,0,1,0,0,1,1,0,1,0,0,0,1
5020354,216.82000000000002,Entire home/apt,6,3,3,1,0,5.302913407229234,78723,House,1,11.416666666666666,3,52,0,1,0,1,1,1,0,1,0,0,0,0
1151548619925893465,273,Entire home/apt,12,4,6,2,0,9.979471042911346,78744,House,1,8.25,35,4,0,1,0,0,1,1,0,1,0,1,0,1
8356007,856,Entire home/apt,6,2,3,2.5,0,2.0769599684955784,78702,Apartment/Condo,0,10.75,1,0,0,1,0,0,1,1,0,1,0,0,0,0
52876803,186,Entire home/apt,2,1,1,1,0,1.9495962464125225,78702,Apartment/Condo,1,5.333333333333333,5,9,0,1,1,0,1,0,0,1,0,1,1,1
1079084279868372305,200,Entire home/apt,4,1,2,1,0,4.993385228779224,78723,Guesthouse/Guest suite,0,1.9166666666666665,1,4,0,2,0,0,1,1,0,1,0,0,1,1
1512017630924640654,155,Entire home/apt,3,1,2,1,0,2.2209858598918157,78705,Apartment/Condo,0,6.916666666666667,25,7,0,1,0,0,1,1,0,1,0,1,0,1
1077429576719257531,491,Entire home/apt,8,4,4,3,0,24.15111643925161,78737,House,1,4.25,5,5,0,2,0,0,1,1,0,1,0,0,1,0
1489335290913215632,428,Entire home/apt,6,2,3,2,0,17.23536704347594,Other,House,0,0.8333333333333334,1,2,0,3,0,0,1,1,0,1,0,0,0,0
1188005578739209795,219.5,Entire home/apt,5,2,3,2,0,14.446943987165197,78758,Apartment/Condo,1,9.416666666666666,15,28,0,2,1,0,1,1,0,1,0,1,0,1
42159461,364.33,Entire home/apt,6,3,3,2.5,0,1.0054337639647328,78702,House,1,6.333333333333333,1,6,0,3,0,0,1,1,0,1,0,0,1,1
918799874292629617,641.55,Private room,12,3,6,3,0,19.12343240822804,Other,Hotel-like,0,3.25,92,0,1,1,1,0,1,1,1,0,0,1,1,1
659340735689050722,100.33,Entire home/apt,6,3,4,2,0,15.766026622695424,78758,House,0,5,2,8,0,6,0,0,1,1,0,1,0,1,1,1
50489227,428,Entire home/apt,8,4,5,2,0,14.57452695190409,Other,House,0,4.833333333333333,1,0,0,2,0,0,1,0,0,1,0,1,1,1
1125651810778616856,685,Entire home/apt,4,1,2,1,0,7.35837124139213,78744,Apartment/Condo,0,12.25,23,0,1,1,1,0,1,1,0,1,0,0,1,0
1637368583752705618,221.5,Entire home/apt,6,3,3,2,0,6.049066687615023,78704,House,1,10.416666666666666,23,13,0,1,0,0,1,1,0,1,1,1,1,1
1435169972648043069,98.86,Entire home/apt,8,2,3,1.5,0,5.7570471718270335,78704,Apartment/Condo,1,3,24,2,0,2,0,0,1,1,0,1,0,1,0,0
23696016,248,Entire home/apt,2,1,1,1,0,23.937315583608203,78734,House,0,8.75,1,0,0,2,0,0,1,1,0,1,0,0,0,0
725524986591638227,405.5,Entire home/apt,10,4,7,2,0,11.086582521264868,78745,House,1,3.6666666666666665,2,3,0,2,0,0,1,1,0,1,0,1,0,1
1126828097517923406,1266,Entire home/apt,14,5,6,5,0,21.14326523297528,Other,House,1,2.1666666666666665,1,23,0,2,1,0,1,1,0,1,1,1,0,1
1462530611703140263,155,Entire home/apt,4,1,2,1,0,1.8435519091536714,78705,Apartment/Condo,0,6.916666666666667,25,12,0,1,0,0,1,0,0,1,0,0,0,0
1600094153951337868,221.6,Entire home/apt,4,1,2,1,0,5.814131142402317,78704,Apartment/Condo,1,4.5,178,0,1,1,1,0,1,0,0,1,0,0,1,1
51802621,434,Entire home/apt,4,1,1,1,0,13.763995056073448,Other,Apartment/Condo,0,12.25,23,0,1,1,1,1,1,1,1,0,0,1,0,1
667905374365439455,152.92000000000002,Entire home/apt,2,1,1,1,0,26.106542155101213,78734,Apartment/Condo,0,3.75,18,34,0,1,0,0,1,1,0,1,0,0,0,1
661378610328145782,260,Entire home/apt,6,3,3,2,0,9.808490031153282,78745,House,1,4.666666666666667,13,13,0,2,0,0,1,1,0,1,0,1,1,1
1591564303046191470,216,Entire home/apt,7,2,3,1,0,2.4324746432315134,78722,Apartment/Condo,0,0.4166666666666667,1,0,1,1,0,0,1,1,0,1,0,1,1,1
1639265220879556425,227.20999999999998,Entire home/apt,6,3,4,1,0,5.231585654549967,78704,House,0,0.25,1,0,1,2,0,0,1,1,0,1,0,1,1,0
1694393847520680542,346.33,Entire home/apt,6,3,4,2,0,19.26873437378383,Other,House,0,10.083333333333334,2,0,1,2,0,0,1,1,0,1,0,1,0,1
824627470406583305,398,Entire home/apt,8,3,4,2.5,0,1.6708175642068415,78702,House,0,12.333333333333334,20,30,0,1,1,0,1,1,0,1,0,1,0,0
1700108021251604884,229,Entire home/apt,4,2,2,1,0,2.051360746375655,78703,House,1,7.25,31,2,0,1,0,0,1,1,0,1,0,1,1,1
1475423355224146228,285.5,Entire home/apt,6,2,2,2.5,0,1.7043170274367705,78705,Apartment/Condo,0,0.75,1,9,0,2,1,0,1,1,0,1,0,1,0,1
1253088608409987627,224.5,Entire home/apt,7,2,1,2,0,10.317574658483483,Other,House,1,13.666666666666666,1,10,0,2,0,0,1,1,0,1,0,0,1,1
1633680483820466391,439.5,Entire home/apt,10,3,7,3,0,3.2501371937788193,78702,House,1,6.5,7,0,1,2,1,1,1,1,0,1,0,1,1,1
1561044184885457098,156,Entire home/apt,5,2,3,2,0,7.682428399964316,78723,Apartment/Condo,0,6.833333333333333,43,13,0,1,1,0,1,1,1,1,0,1,0,1
854345328300320877,243.03,Private room,4,1,2,1,0,0.6465404865493488,78701,Hotel-like,0,3.25,92,0,1,1,1,0,1,0,1,0,0,1,1,1
1694102898015676315,126.5,Entire home/apt,6,2,2,2,0,17.198411466123595,Other,Apartment/Condo,0,0,1,2,0,2,0,0,1,1,0,0,0,0,1,1
1543550006526065901,229,Private room,4,1,1,1,0,16.182391078159743,Other,Apartment/Condo,0,0.6666666666666666,1,0,1,1,1,0,1,1,0,1,0,0,1,1
1618352562673080329,160,Entire home/apt,3,1,1,1,0,5.2939547001495715,78751,Apartment/Condo,1,0.3333333333333333,1,11,0,1,1,0,1,1,1,1,0,1,0,1
677683976297380524,139,Entire home/apt,2,1,1,1,0,2.703875065987601,78702,Apartment/Condo,0,7.583333333333333,3,40,0,1,0,0,1,1,0,0,0,1,0,1
1147207495972372056,287,Hotel/shared room,4,1,2,1,0,26.113937906418407,78734,Hotel-like,0,3.1666666666666665,48,2,0,1,1,0,1,0,1,0,0,1,1,1
1412428521381504229,436,Entire home/apt,8,1,2,1,0,1.19116518523976,78701,Apartment/Condo,0,9.833333333333334,28,0,1,1,0,0,1,0,0,0,0,0,1,1
3230604,318,Entire home/apt,2,2,2,1,0,21.23778597282618,Other,Guesthouse/Guest suite,1,12,1,83,0,1,1,0,1,1,0,0,0,0,0,0
1508137141425020978,638.8299999999999,Entire home/apt,3,1,1,1,0,0.950558918005649,78701,Apartment/Condo,0,0.6666666666666666,1,0,1,1,1,0,1,1,0,1,0,0,0,1
1510793493475443779,303,Entire home/apt,6,3,3,2,0,9.290244675279274,78758,House,1,0.8333333333333334,2,7,0,1,1,0,1,1,0,1,0,0,1,1
1271742738044930497,320,Entire home/apt,4,2,2,1,0,10.654110805463652,78758,House,0,1.9166666666666665,1,4,0,2,0,0,1,1,0,1,0,1,0,1
1282963226175324040,120.5,Entire home/apt,3,1,2,1,0,11.396560602213802,78753,Guesthouse/Guest suite,1,1.5833333333333335,2,28,0,2,0,0,1,1,0,0,0,1,0,1
1118156242105938578,457,Entire home/apt,10,5,5,4.5,0,2.248091208142036,78702,House,0,4.25,37,12,0,2,0,0,1,1,0,1,0,1,0,1
1482110826817067003,493,Entire home/apt,16,4,10,3,0,4.198977683982379,78741,House,1,5.083333333333333,12,15,0,2,1,0,1,1,0,1,0,1,0,0
1606211752952449454,528.5,Entire home/apt,10,4,7,2.5,0,24.46231644542749,Other,House,0,5.666666666666667,1,3,0,2,0,1,1,1,0,1,0,1,1,1
1335403410774604862,342,Entire home/apt,6,1,2,1,0,1.6634639855788846,78705,Apartment/Condo,0,1.6666666666666665,9,6,0,1,0,0,1,1,0,1,0,1,0,0
826042776906841495,177,Entire home/apt,3,1,3,1,0,3.3815104538778527,78702,House,1,12.333333333333334,2,15,0,2,0,0,1,1,0,1,0,1,0,1
1318167810553939024,512,Entire home/apt,8,4,4,3,0,3.251803124450549,78702,House,1,7.25,31,32,0,1,1,0,1,1,0,1,0,1,1,1
1309389658635594563,411,Entire home/apt,4,1,1,1,0,6.468423514151991,78704,House,0,1.5,1,0,0,1,0,0,0,0,0,0,0,0,0,1
820360536324982914,239.5,Entire home/apt,5,3,3,2,0,6.123642030717515,78723,House,1,6.666666666666667,1,6,0,2,0,0,1,1,0,1,0,1,1,1
1106590124492797889,119,Entire home/apt,2,1,1,1,0,7.256875758217225,78752,Guesthouse/Guest suite,1,2.25,1,157,0,1,0,0,1,1,0,1,0,1,0,1
1357476980290445316,177.67,Entire home/apt,8,3,4,3,0,4.728490784728973,78741,Apartment/Condo,0,1.25,3,32,0,2,1,0,1,1,1,1,0,1,1,1
1712866829339939687,77,Entire home/apt,4,1,2,1,0,5.422960460842258,78704,Apartment/Condo,0,0,1,0,1,1,0,0,1,1,0,1,0,0,0,0
1252268406141851597,467,Entire home/apt,6,3,3,2,0,14.274764468799571,Other,House,0,10.916666666666666,40,16,0,1,0,0,1,1,0,1,0,1,0,0
1145772985401919364,391.5,Entire home/apt,6,2,3,2,0,6.520217629470151,78741,Apartment/Condo,0,2.0833333333333335,7,3,0,2,1,0,1,1,1,1,0,1,1,1
844957913053953894,236,Entire home/apt,6,2,3,2,0,1.6130436936182249,78703,Hotel-like,1,3.6666666666666665,30,0,0,2,1,0,1,0,1,1,0,1,0,1
893796482705813366,280,Entire home/apt,6,4,4,2,0,15.773911244532055,Other,House,1,3.75,1,10,0,2,0,0,1,1,0,1,0,1,0,0
1436641965386776568,89.47,Entire home/apt,4,1,1,1,0,6.350828252244659,78752,Apartment/Condo,0,1.5,1,0,1,1,1,0,1,0,0,1,0,1,0,0
1472698930974218254,405,Entire home/apt,4,2,2,2,0,0.6961805969723336,78701,Apartment/Condo,0,9.833333333333334,28,18,0,1,1,0,1,0,1,1,1,0,0,1
1627806084943056960,201,Entire home/apt,7,3,4,1,0,4.30006938533865,78704,House,1,0.4166666666666667,3,15,0,1,0,0,1,1,0,1,0,0,0,1
1355326847514391400,443.82,Entire home/apt,7,3,4,2.5,0,3.7426340755636427,78702,House,1,4.416666666666667,6,27,0,1,1,0,1,1,0,1,0,1,1,1
1670523584354306253,298.2,Entire home/apt,5,3,3,2,0,8.942729515945508,78745,House,1,7,6,0,1,2,0,0,1,1,0,1,0,0,1,1
1237716906790317700,194.12,Entire home/apt,7,3,4,2,0,8.295718701579943,78745,House,1,3.9166666666666665,1,54,0,2,0,1,1,1,0,1,0,1,1,1
690524858599178439,97.5,Entire home/apt,3,1,2,1,0,2.536668688157367,78702,Unique/other,1,10.666666666666666,9,27,0,1,0,0,1,1,0,0,0,1,0,1
1514856996102565655,187.67,Entire home/apt,6,2,3,2,0,4.17713784043324,78704,Apartment/Condo,0,8.25,1,3,0,3,1,0,1,1,0,1,0,0,0,1
724700638587044175,330.66,Entire home/apt,6,3,3,2,0,21.30758159863217,78729,House,1,3.6666666666666665,1,19,0,2,0,0,1,1,0,1,0,1,1,1
12288693,118.5,Entire home/apt,2,1,1,1,0,5.176808037144064,78721,Guesthouse/Guest suite,1,3.8333333333333335,1,48,0,1,0,0,1,1,0,0,0,1,1,1
650778158748537922,486,Entire home/apt,12,4,6,2,0,6.73456207782508,78704,House,0,3.25,4,34,0,1,1,0,1,1,0,1,0,1,1,1
52993073,519.3299999999999,Entire home/apt,10,4,4,2.5,0,12.272730370950836,Other,House,0,8.083333333333334,1,1,0,3,1,0,1,1,1,1,0,1,1,1
805900214881885114,191,Entire home/apt,4,1,2,1,0,5.643088485371705,78704,Apartment/Condo,1,1.8333333333333335,36,20,0,1,0,0,1,1,0,1,0,1,0,1
1075591612856645807,139,Entire home/apt,4,1,2,1,0,4.719502344602356,78704,Apartment/Condo,0,4,38,12,0,1,0,0,1,1,0,1,0,1,1,1
1227163127160749519,210,Entire home/apt,6,2,3,2.5,0,5.058822735876065,78751,House,1,1.8333333333333335,1,85,0,1,0,0,1,1,0,1,1,1,0,1
1162642283900646413,156,Entire home/apt,5,2,3,2,0,7.078308698874014,78752,Apartment/Condo,0,6.833333333333333,43,24,0,1,1,0,1,1,1,1,0,1,0,1
1047188087365480083,272.87,Entire home/apt,10,5,5,4,0,25.767488873630334,78734,House,0,2.5,1,0,0,7,0,0,1,1,0,1,0,1,1,1
1122392079292180601,83,Hotel/shared room,2,1,1,1,0,12.652508568276351,Other,Hotel-like,0,3.25,92,89,0,1,0,0,1,0,1,0,0,1,1,1
930372003314924075,455,Entire home/apt,10,4,5,2,0,5.191809673881406,78704,House,0,3.9166666666666665,48,11,0,2,0,0,1,1,0,0,0,1,1,1
1391574548375649457,198,Entire home/apt,2,1,1,1,0,15.52871287004851,78753,Apartment/Condo,1,1.3333333333333333,25,5,0,1,1,0,1,1,1,1,0,1,0,1
813709,104.23,Entire home/apt,1,1,1,1,0,3.2834588239300064,78751,Guesthouse/Guest suite,1,15.083333333333334,10,9,0,3,0,0,1,1,0,1,0,0,0,1
1199913862273263016,323.33,Entire home/apt,6,3,3,2,0,17.54184941037044,Other,House,0,0.08333333333333333,1,3,0,3,1,1,1,1,1,0,0,1,0,0
40944891,427.5,Entire home/apt,6,2,3,2,0,0.7680296324253173,78701,Apartment/Condo,0,8.333333333333334,4,0,0,2,1,0,1,0,1,1,0,1,0,1
1491501270332006790,117,Entire home/apt,3,1,3,1,0,7.646410688988573,78752,Apartment/Condo,1,2.25,4,23,0,2,0,0,1,1,0,1,0,0,0,1
1560302452503763754,401,Entire home/apt,7,3,5,2,0,2.095155782143672,78702,House,1,4.5,1,16,0,1,0,0,1,1,0,1,1,1,1,1
1368117498331369595,290.5,Entire home/apt,6,3,4,2,0,4.349160428872395,78751,House,1,1.25,1,37,0,2,0,0,1,1,0,1,0,1,1,1
1231411972569653089,978,Entire home/apt,10,5,7,4,0,8.917737349966211,Other,House,1,2.8333333333333335,1,5,0,1,1,1,1,1,0,1,0,1,1,0
7730776,243,Entire home/apt,5,1,3,1,0,17.567960242329757,Other,Guesthouse/Guest suite,1,11.25,9,14,0,2,1,1,1,1,0,0,0,1,0,1
1618930341156554752,456.5,Entire home/apt,8,3,5,2,0,7.830630874273173,78757,House,0,0.3333333333333333,2,3,0,2,0,0,1,1,0,1,0,0,0,1
32240197,918,Entire home/apt,10,4,11,2,0,5.8091767945566115,78704,House,1,14.416666666666666,7,5,0,2,1,1,1,1,1,1,0,0,0,1
1602298170517533553,144.8,Entire home/apt,4,1,2,1,0,5.814131142402317,78704,Apartment/Condo,1,4.5,178,0,1,1,1,0,1,0,0,1,0,0,1,1
38934574,356.5,Entire home/apt,4,2,2,2,0,5.010368495763456,78704,House,1,6.666666666666667,1,20,0,2,0,0,1,1,0,1,0,1,1,1
993416218097523188,291,Entire home/apt,7,3,4,2,0,6.070655807255595,78741,House,1,2.6666666666666665,1,30,0,1,0,0,1,1,0,1,0,1,0,1
48180539,635.5,Entire home/apt,12,6,8,4,0,1.9619700397793558,78702,House,1,6.666666666666667,14,8,0,2,0,0,1,1,0,1,0,0,1,0
971277478142619225,667.6700000000001,Entire home/apt,16,5,10,4.5,0,5.315512706828835,78704,House,1,3.75,4,0,0,3,0,0,1,1,0,1,0,1,0,1
568040654951424634,257,Entire home/apt,4,2,2,1,0,3.5178854954786734,78704,House,1,8.916666666666666,2,31,0,1,0,0,1,1,0,1,0,1,0,1
38362602,220,Entire home/apt,5,1,2,1,0,30.132497856374997,Other,House,1,6.75,2,27,0,2,0,0,1,1,0,0,0,0,1,1
39029522,155,Entire home/apt,4,1,2,1,0,5.63039266011596,78751,Apartment/Condo,1,1.25,1,42,0,1,1,0,1,1,0,1,1,1,0,1
1700242084629795444,155.32000000000002,Entire home/apt,6,2,3,1.5,0,5.944686206200412,78704,House,1,2.9166666666666665,6,0,1,2,0,0,1,1,0,1,0,1,1,1
45655787,141,Entire home/apt,4,1,2,1,0,3.5544859559756925,78703,Apartment/Condo,1,10.416666666666666,23,16,0,1,1,0,1,1,0,1,0,1,1,1
4121676,470.75,Entire home/apt,4,3,3,2,0,4.543908393421303,78704,House,1,11.666666666666666,2,0,0,4,0,0,1,1,0,1,0,1,0,1
1522593083066622668,149,Entire home/apt,2,1,1,1,0,20.77306836314612,Other,House,0,3.9166666666666665,1,9,0,2,0,0,1,1,0,0,0,1,0,1
679730103121285523,185,Entire home/apt,3,1,1,1,0,1.6017828722866927,78702,House,1,9.75,18,10,0,1,0,0,1,1,0,1,0,1,1,1
1144128315696004071,216.33,Entire home/apt,9,3,7,2,0,16.84267982169832,Other,House,1,8.333333333333334,3,1,0,3,0,0,1,1,0,1,0,0,1,1
1613995143795168344,253,Entire home/apt,2,1,1,0,0,1.2754202786610005,78702,Apartment/Condo,0,2.0833333333333335,42,0,1,1,1,0,1,0,1,1,0,0,1,1
1615448295389181334,233,Entire home/apt,2,1,1,0,0,1.1476769850970219,78701,Apartment/Condo,0,2.0833333333333335,42,0,1,1,1,0,1,0,1,0,0,0,1,1
46951737,205,Entire home/apt,9,3,5,2,0,19.801102031622,Other,House,1,5.333333333333333,3,49,0,1,0,0,1,1,0,1,0,1,1,1
912218519939678346,174,Entire home/apt,4,1,2,1,0,10.188607529052506,78724,Unique/other,0,3.9166666666666665,48,10,0,2,1,1,1,1,1,1,0,1,1,1
1700441147296015204,178,Entire home/apt,2,1,1,1,0,1.364108557043673,78705,Apartment/Condo,1,3.6666666666666665,3,1,0,1,0,0,1,1,0,1,0,1,1,0
1675172300258464757,427,Private room,6,2,3,2,0,0.8054613622327996,78701,House,0,0.5,3,0,1,2,1,0,1,1,0,1,0,0,0,0
2048537,831,Entire home/apt,8,4,4,3,0,1.7966509426242752,78703,House,0,12.5,1,4,0,3,0,0,1,1,0,1,0,1,0,1
1404457453279673628,416.33,Private room,6,2,3,2,0,0.8446836166716578,78701,Hotel-like,0,3,60,0,1,3,1,0,1,1,1,1,0,0,0,0
1338829517250603661,236.82000000000002,Entire home/apt,3,1,1,1,0,2.1925972725187,78704,Apartment/Condo,0,5.583333333333333,10,7,0,1,1,0,1,1,1,1,0,1,1,1
1000866089852243253,216.82000000000002,Entire home/apt,10,3,5,2,0,15.864508557346454,Other,House,0,2.5833333333333335,1,5,0,2,0,0,1,1,0,1,0,0,0,0
968844,320,Entire home/apt,6,2,2,2,0,2.6467823217171893,78702,House,0,13.25,1,0,0,3,0,0,1,1,0,1,0,1,1,0
1532025348079742606,321.6,Entire home/apt,4,2,2,2,0,5.814131142402317,78704,Apartment/Condo,1,4.5,178,0,1,1,1,0,1,0,0,1,0,0,1,1
569507906290960503,272.5,Entire home/apt,4,2,3,1.5,0,5.2070762232785235,78704,House,1,5.5,3,5,0,2,0,0,1,1,0,1,0,1,1,1
1528329842398215540,300.2,Entire home/apt,12,5,5,2,0,6.3468391219067755,78741,House,1,6.833333333333333,14,2,0,2,0,0,1,1,0,1,0,0,1,1
848091710225573476,439,Entire home/apt,10,4,5,2,0,11.736175811020338,Other,House,0,7.083333333333333,5,18,0,2,1,0,1,1,0,1,0,1,1,1
1506489777265848434,221,Hotel/shared room,4,1,2,1,0,4.3336571931994365,78723,Hotel-like,0,1,20,0,1,1,0,0,1,0,1,0,0,1,1,0
1668086773979409989,107,Hotel/shared room,2,1,1,1,0,7.555766139124102,78741,Hotel-like,0,0.8333333333333334,6,0,1,1,0,0,1,1,0,1,0,1,0,0
1033394351004415957,112,Entire home/apt,2,1,1,1,0,5.187219976986723,78721,Guesthouse/Guest suite,1,5.083333333333333,1,19,0,2,0,0,1,1,0,0,0,0,0,1
646513564724932244,228.5,Entire home/apt,12,4,6,2.5,0,5.962787894980451,78704,House,1,7.75,2,40,0,2,0,0,1,0,0,1,0,1,1,1
1436436271653785935,313.67,Private room,4,1,2,2,0,0.6644661563488743,78701,Hotel-like,0,3,60,0,1,3,1,0,1,0,1,1,0,0,0,0
690404782612781467,211.12,Entire home/apt,5,2,2,2,0,1.9705787400220827,78705,Apartment/Condo,1,6.666666666666667,11,29,0,1,0,0,1,1,0,1,0,1,1,1
1445832159465317287,286.5,Entire home/apt,4,2,2,2,0,3.780791786048981,78704,House,0,2.3333333333333335,2,32,0,2,0,0,1,1,0,1,0,1,1,1
1516444128161732222,505,Entire home/apt,14,3,7,2.5,0,2.5018522623809867,78702,House,1,7.833333333333333,27,43,0,1,1,1,1,1,0,1,0,1,1,1
43912689,494,Entire home/apt,10,4,5,3.5,0,3.15652096638285,78702,House,0,5.916666666666667,1,2,0,2,0,0,1,1,0,1,0,1,0,1
1358954839028972727,177.25,Entire home/apt,6,3,3,1,0,16.349318648756487,78724,Guesthouse/Guest suite,0,3,5,9,0,4,0,0,1,1,0,1,0,1,0,1
10062315,647,Entire home/apt,9,3,4,2.5,0,2.5498770994730373,78704,House,0,10.416666666666666,2,0,0,4,0,0,1,1,0,1,1,1,0,1
51001743,442.5,Entire home/apt,6,3,3,2.5,0,7.813753407985435,78752,House,0,13.333333333333334,2,2,0,1,0,0,1,1,0,1,0,1,1,1
1489988969202240383,92,Entire home/apt,4,1,2,1,0,5.685049981114687,78751,Apartment/Condo,0,0.75,1,38,0,1,0,0,1,1,0,1,0,1,1,1
1096168532034876851,285.5,Entire home/apt,6,3,4,2.5,0,17.83391168679481,Other,House,0,2.3333333333333335,1,0,0,2,0,0,1,1,0,1,0,0,1,1
1050815437700193640,382.28999999999996,Entire home/apt,16,4,10,2,0,13.786831336104427,78758,House,0,2.5,2,10,0,1,0,0,1,1,0,1,0,0,1,1
1465465510247175143,164.98000000000002,Entire home/apt,6,2,3,1,0,5.632153880070597,78704,Apartment/Condo,1,2.5833333333333335,1,12,0,2,0,0,1,1,0,1,0,1,1,1
48701490,161.85000000000002,Entire home/apt,4,1,1,1,0,22.494982216297075,78734,Unique/other,1,8.25,5,1,0,7,0,0,1,1,0,1,0,0,0,1
1218477463865548971,268,Entire home/apt,6,3,3,1.5,0,11.163939728113771,78753,House,0,2,1,6,0,1,0,0,1,1,0,1,0,1,1,0
37595264,159,Entire home/apt,4,2,4,1,0,2.301463145712035,78722,House,1,6.75,2,38,0,1,0,0,1,1,0,0,0,1,0,1
1683501178487240807,40.17,Private room,2,1,1,1,0,19.374254147458075,Other,House,0,0,1,0,1,3,0,0,1,1,0,1,0,1,0,0
878498998200234423,165.47,Entire home/apt,8,4,4,2.5,0,12.26829658484871,Other,House,1,7.333333333333333,1,27,0,3,0,0,1,1,0,1,0,1,0,1
1145632851085227287,290.52,Entire home/apt,4,2,2,2.5,0,3.4711363132415642,78704,House,0,2.0833333333333335,1,3,0,4,1,0,1,1,0,1,0,1,0,1
38979115,164.08,Entire home/apt,6,3,4,2,0,14.731543309360442,78724,House,0,11.666666666666666,4,0,0,2,0,0,1,1,0,1,0,1,0,1
1151782589101096195,139.16,Entire home/apt,6,4,4,2.5,0,15.389672258755125,78724,House,1,6.833333333333333,14,0,0,1,0,0,1,1,0,1,0,1,0,1
1243664265204920413,2687.6,Entire home/apt,12,6,6,6.5,0,4.091652389962879,78704,House,1,1.9166666666666665,2,1,0,4,1,1,1,1,1,1,1,1,1,1
1480761188354215016,412.5,Entire home/apt,10,3,6,2,0,15.210091240408886,Other,House,1,3.5833333333333335,9,7,0,2,0,0,1,1,0,1,0,1,1,1
1510313173566479389,267.5,Entire home/apt,6,3,3,2,0,9.916321810921742,78745,House,1,1.8333333333333335,4,13,0,1,0,0,1,1,0,1,0,1,1,1
583359551961524837,248.5,Entire home/apt,4,2,2,1,0,20.70927392491958,78737,Unique/other,1,7.166666666666667,23,37,0,2,1,1,1,1,0,1,0,1,1,1
38999175,176.8,Entire home/apt,5,3,3,2,0,3.5301536140206773,78702,House,1,11.75,1,3,0,5,0,0,1,1,0,1,0,1,0,1
840108453613788196,163.19,Entire home/apt,4,1,1,1,0,2.9756632162968857,78702,House,1,3.25,2,10,0,2,0,0,1,1,0,1,0,1,0,0
1537741321483361419,262.5,Entire home/apt,6,3,4,1,0,4.007877762140244,78702,House,1,13.5,1,17,0,2,0,0,1,1,0,1,0,1,1,1
53905319,444,Entire home/apt,8,3,6,2.5,0,1.6652005488534773,78702,House,1,6.166666666666667,16,30,0,1,0,0,1,1,0,1,0,1,1,1
1691587599977325638,159,Entire home/apt,4,1,1,1,0,3.8399063476890216,78741,Apartment/Condo,0,0.08333333333333333,1,0,1,1,1,0,1,1,0,1,0,1,0,1
689693841311315929,255.5,Entire home/apt,4,2,2,3,0,10.170744709199461,78744,House,1,5.333333333333333,11,17,0,2,0,0,1,1,0,1,0,1,1,1
1571475879387201277,125,Private room,2,1,1,1,0,14.131924689478582,Other,House,1,0.5,3,12,0,1,0,0,1,1,0,1,1,1,1,1
808738545331568513,220.75,Entire home/apt,2,1,2,1,0,2.0337686689317334,78701,Apartment/Condo,0,5,1,11,0,4,1,0,1,0,1,1,0,1,1,0
1227840585126375236,142.3,Entire home/apt,6,3,3,1,0,5.2215385374520364,78704,House,0,5.75,9,34,0,2,0,0,1,1,0,1,0,1,1,1
686893963514622006,323,Entire home/apt,13,4,6,2,0,19.04942418874581,Other,House,1,4.583333333333333,5,32,0,2,1,1,1,1,0,1,0,1,0,1
980695598307202293,129.17,Private room,4,1,2,1,0,0.5200321665620394,78701,Hotel-like,0,5.333333333333333,2,116,0,1,1,0,1,0,1,1,0,1,0,0
1507357402965291415,298,Entire home/apt,10,4,5,3,0,5.947853385946491,78721,House,1,6.833333333333333,10,21,0,2,0,1,1,1,0,1,0,1,0,1
796857052439548633,171,Entire home/apt,4,1,2,1,0,3.0240344498462735,78705,Apartment/Condo,0,3.5833333333333335,1,22,0,2,0,0,1,1,0,1,0,1,1,1
578115945551215417,249.33,Entire home/apt,6,3,5,2,0,12.669608544475288,78758,House,0,5.666666666666667,5,7,0,2,0,0,1,1,0,1,0,1,1,1
1066993509609712028,218,Entire home/apt,5,2,4,1,0,2.6441819836306104,78702,House,1,5.833333333333333,18,48,0,1,0,0,1,1,0,1,1,1,1,1
1195076123388067184,294,Entire home/apt,2,1,1,1,0,3.4362044401785825,78704,Guesthouse/Guest suite,0,7.833333333333333,2,1,0,2,0,0,1,1,0,0,0,1,0,1
24044028,175.5,Private room,6,2,2,1.5,0,6.857627852127747,78741,House,0,4.666666666666667,2,8,0,2,0,0,1,1,0,1,0,1,1,1
1200899955667428852,171,Entire home/apt,4,1,2,1,0,2.3909846467414195,78702,Apartment/Condo,1,1.75,1,38,0,1,0,0,1,1,0,1,0,1,1,1
839979062665915267,270,Entire home/apt,12,4,5,2,0,9.183148550029276,78744,House,1,12.333333333333334,10,27,0,2,0,0,1,1,0,1,0,1,0,1
820543696751409675,213,Entire home/apt,8,3,6,2.5,0,6.972796462389771,78741,House,1,9.75,18,80,0,1,0,0,1,1,0,1,0,1,0,1
1238331295193307295,331,Entire home/apt,8,3,4,2,0,8.235286280315512,78745,House,1,2.6666666666666665,1,45,0,1,1,0,1,1,0,1,0,1,0,1
1358047987452127976,277.31,Entire home/apt,8,3,4,2,0,10.455611464100892,78745,House,1,4.666666666666667,1,28,0,1,0,0,1,1,0,1,0,1,1,0
1366113322322553018,463,Entire home/apt,8,3,4,2.5,0,3.116190305024463,78702,House,1,3.8333333333333335,5,16,0,1,1,0,1,1,0,1,0,1,1,1
973289551456243799,566,Entire home/apt,14,3,6,2,0,2.031239973204237,78701,House,1,1.3333333333333333,1,75,0,1,1,0,1,1,1,1,0,1,1,1
988980531391366348,392,Entire home/apt,6,2,3,2,0,0.7215174241322232,78701,Apartment/Condo,1,2.75,26,0,1,1,1,0,1,0,1,1,0,0,0,1
3041605,394,Entire home/apt,8,4,4,3,0,5.5930338645391195,Other,House,0,12.083333333333334,1,6,0,3,0,0,1,1,1,1,0,1,0,1
1604560762126799794,291,Entire home/apt,6,2,3,1,0,0.9188181388325859,78701,Apartment/Condo,0,9.333333333333334,47,6,0,1,0,0,1,0,0,0,0,1,0,0
53950289,365.46,Entire home/apt,7,3,3,2,0,2.9371826781631354,78702,House,0,4.916666666666667,1,1,0,1,0,0,1,1,0,1,0,0,1,1
1258723420784209880,314,Entire home/apt,4,2,2,1,0,22.47013139523667,78734,Apartment/Condo,1,1.6666666666666665,1,5,0,1,1,0,1,1,0,0,0,0,0,0
1321932815992799093,780,Entire home/apt,6,2,4,2,0,0.7623666277874712,78701,Hotel-like,0,4.083333333333333,2,1,0,2,1,1,1,0,1,1,1,0,0,1
1512469533164934543,183.67,Entire home/apt,4,2,2,1,0,2.1720281734669538,78702,House,1,5.833333333333333,12,26,0,2,0,0,1,1,0,1,0,1,0,1
1472022989744143939,358,Private room,4,1,2,1,0,0.7568537114432737,78701,Hotel-like,0,0.9166666666666666,6,1,0,2,1,0,1,0,0,1,0,0,0,1
937243514477844855,171.33,Entire home/apt,4,2,2,2,0,5.697630249382479,Other,Apartment/Condo,1,4.75,2,0,1,3,1,0,1,1,0,1,0,0,0,0
1480507149321792977,113.74000000000001,Entire home/apt,8,2,3,1.5,0,5.823567326754327,78704,House,1,3,24,1,0,2,0,0,1,0,0,1,0,0,0,0
1420876907572239543,327,Entire home/apt,16,4,11,3,0,3.779505505177315,78704,House,1,7.833333333333333,27,85,0,1,1,0,1,1,0,1,0,1,1,1
799588950680381432,343,Entire home/apt,6,3,3,2,0,14.010813707918967,78753,House,1,8.666666666666666,1,31,0,1,0,0,1,1,0,1,0,1,0,1
892325433086903738,204.26999999999998,Entire home/apt,4,2,2,2,0,2.841961427208477,78702,House,0,3.75,18,74,0,1,0,0,1,1,0,1,0,1,0,1
48522293,111.01,Entire home/apt,4,1,1,1,0,4.175942634332877,78704,Apartment/Condo,0,6.583333333333333,1,8,0,1,1,0,1,1,0,1,0,1,1,1
1251595775880423863,520.5,Entire home/apt,16,4,9,2.5,0,5.446951257201775,78704,House,1,5.333333333333333,6,15,0,2,1,1,1,1,0,1,0,1,0,0
1669592694101969773,786.6700000000001,Hotel/shared room,2,1,1,1,0,1.9756706334360723,78704,Hotel-like,0,0.16666666666666666,47,0,1,1,1,0,1,0,1,0,1,1,1,1
47074377,591,Entire home/apt,13,3,7,2,0,3.453315606490607,78741,House,1,11.333333333333334,5,12,0,2,0,0,1,1,0,1,0,1,0,1
769813217657371526,370,Entire home/apt,8,3,4,3,0,26.41230862133245,78737,House,1,3.5,1,10,0,2,0,0,1,1,0,1,0,1,1,1
1614662911963781877,265,Entire home/apt,6,3,3,2,0,3.6014390622594123,78704,House,1,10.333333333333334,41,4,0,1,1,0,1,1,0,1,0,1,0,1
1147208286307016000,359,Hotel/shared room,3,1,1,1,0,26.113937906418407,78734,Hotel-like,0,3.1666666666666665,48,0,1,1,1,0,1,0,1,0,0,1,1,1
1085470712709759426,301.5,Entire home/apt,4,1,2,1,0,1.9903801343279401,78701,Apartment/Condo,0,4.25,37,9,0,2,1,0,1,0,1,1,1,1,0,1
53893728,499,Entire home/apt,8,4,4,3,0,10.080164924351932,78746,House,1,9.75,3,21,0,2,0,0,1,1,0,1,0,1,1,1
1496390177512974799,284.5,Entire home/apt,5,2,3,2.5,0,4.400761366154041,78704,House,0,0.75,1,3,0,2,0,0,1,1,0,1,0,1,1,1
1559718526224065633,213,Entire home/apt,6,2,2,1,0,2.4628178131030367,78705,House,0,3.9166666666666665,48,8,0,2,0,0,1,1,0,1,0,1,1,1
1613982866460120563,218,Entire home/apt,2,1,1,0,0,1.378486478180412,78701,Apartment/Condo,0,2.0833333333333335,42,1,0,1,1,0,1,0,1,0,0,0,1,1
1609041168430000002,260.33,Entire home/apt,6,2,3,1,0,2.409783083482559,78704,House,1,1.25,1,11,0,1,0,0,1,1,0,1,0,0,1,1
1586445541418565312,1115,Entire home/apt,16,7,15,4,0,12.893956681834464,Other,House,0,0.4166666666666667,1,12,0,1,1,1,1,1,0,1,0,1,1,1
790113773553304028,289,Entire home/apt,12,3,6,2.5,0,6.69462148764837,78704,House,1,3.8333333333333335,1,21,0,1,0,0,1,1,0,1,0,0,1,1
1400928764829327264,200,Entire home/apt,6,2,3,1,0,3.0372761800594423,78751,Apartment/Condo,0,1.5833333333333335,2,34,0,1,0,0,1,1,0,1,0,1,1,1
666773179522659179,229.5,Entire home/apt,4,1,2,1,0,2.034456987676643,78701,Apartment/Condo,0,5.166666666666667,23,13,0,1,1,0,1,1,1,1,1,1,0,0
792673190350625642,123.25,Entire home/apt,3,1,1,1,0,3.3313796991876234,78703,Apartment/Condo,0,3.4166666666666665,1,20,0,1,0,0,1,1,0,1,0,1,0,1
1368958521097792955,475.5,Entire home/apt,16,4,14,4,0,5.850739725389231,78741,House,1,3,1,24,0,2,1,0,1,1,0,1,0,1,0,1
1667749371567349317,320.67,Entire home/apt,4,1,2,1,0,2.03143302960848,78701,Apartment/Condo,1,2.3333333333333335,4,1,0,1,1,0,1,0,1,1,1,1,1,0
1669143102051118102,230,Private room,4,1,2,1,0,0.47369428090006166,78701,Hotel-like,0,2.5,2,0,1,1,0,0,1,0,1,1,0,1,1,0
1532101513761076715,394.5,Entire home/apt,6,3,3,2,0,11.785763584788668,78758,House,0,0.16666666666666666,1,12,0,2,1,1,1,1,0,1,0,0,0,1
1700285567090861945,228,Entire home/apt,6,2,2,1,0,23.80336630434486,78734,House,1,1.8333333333333335,2,1,0,2,0,1,1,1,0,1,0,1,1,1
1655445930333312939,416,Entire home/apt,10,4,5,2.5,0,3.4258402843619606,78702,House,1,2.0833333333333335,3,3,0,1,0,0,1,1,0,1,0,1,0,0
1659997830394794717,217,Entire home/apt,2,1,1,1,0,13.338318515826955,Other,Apartment/Condo,0,0.16666666666666666,1,4,0,1,1,0,1,1,1,1,1,0,1,1
29028608,225,Entire home/apt,4,1,2,1,0,5.8336784338197685,78751,Apartment/Condo,1,7.666666666666667,1,14,0,1,1,0,1,1,0,1,0,0,1,1
1488520311612539769,238,Entire home/apt,6,2,2,1,0,6.633066749747195,78745,Apartment/Condo,0,1.0833333333333333,3,24,0,1,0,0,1,1,1,1,0,1,1,1
1695158366582723764,652,Entire home/apt,10,5,5,4.5,0,23.86999710281928,78734,House,1,4,87,11,0,2,1,0,1,1,0,1,0,1,1,1
1561823491675921449,114,Private room,2,1,1,2.5,0,12.914799919635911,78744,House,1,8.25,35,15,0,1,0,0,1,1,0,0,0,1,0,0
716570251133415101,361.5,Private room,6,2,3,2,0,0.7704450056369456,78701,Hotel-like,0,3.6666666666666665,25,0,0,2,1,1,1,0,1,1,0,1,0,1
999354402375452238,237,Entire home/apt,6,3,3,2.5,0,15.938085801640078,Other,House,0,2.6666666666666665,1,8,0,2,0,1,1,1,0,1,0,1,0,1
53152153,35.290000000000006,Private room,1,1,1,1,1,11.188962174514606,Other,House,0,4.583333333333333,3,0,0,7,0,0,1,0,0,1,0,1,0,0
812448064577512168,1070,Private room,1,3,3,2,1,24.03948798139219,78737,House,0,3.3333333333333335,1,0,1,2,0,0,1,1,0,1,0,0,0,0
10143001,114,Private room,4,2,2,1.5,0,6.8027740565860535,78745,House,1,7.916666666666667,1,22,0,1,0,0,1,1,0,1,0,1,1,1
1179882055260696843,364.5,Entire home/apt,6,2,3,2.5,0,26.168129857320157,Other,House,1,2,1,11,0,2,0,0,1,1,0,1,0,1,1,1
1619209408175909306,231.2,Entire home/apt,4,1,2,1,0,4.665017190827793,78704,Apartment/Condo,1,4.5,178,1,0,1,1,0,1,0,0,0,0,0,1,0
1521893625671183216,551,Private room,8,4,4,3,0,0.78342984124374615,78701,Hotel-like,0,4.333333333333333,4,1,0,2,1,1,1,1,0,0,0,0,0,1
815451622573275410,208.5,Entire home/apt,2,1,1,1,0,12.101942648041064,78745,House,1,12.583333333333334,3,29,0,1,0,0,1,1,0,1,0,1,1,1
907957919962151833,764.5,Entire home/apt,16,7,13,7,0,0.7073841044797875,78701,House,0,4.25,37,7,0,2,0,0,1,1,0,0,0,1,0,1
72833,132.67,Entire home/apt,2,1,1,1,0,4.371207869989458,Other,Guesthouse/Guest suite,0,15.333333333333334,1,11,0,3,1,0,1,1,0,0,0,1,0,0
1389417154515486792,325,Entire home/apt,6,2,3,2,0,6.710320062602236,78741,Apartment/Condo,1,1.1666666666666667,9,32,0,2,1,0,1,1,1,1,1,1,1,1
848430947988166218,215.23999999999998,Entire home/apt,9,3,5,2,0,14.31054656715794,Other,House,1,3,1,13,0,2,0,1,1,1,0,1,0,1,1,1
1633329149919458707,685,Entire home/apt,8,1,1,1,0,0.7846833778262712,78701,Apartment/Condo,0,1.4166666666666667,3,0,1,1,1,1,1,1,0,1,0,0,0,0
1330583847635892755,871,Entire home/apt,10,3,4,2,0,10.617196703978873,78724,House,0,2.25,2,0,1,2,0,0,1,1,0,0,0,1,1,0
1065248759141480227,102,Entire home/apt,2,1,1,1,0,11.151544178455527,78758,Guesthouse/Guest suite,1,2.4166666666666665,1,28,0,3,0,0,1,1,0,0,0,1,1,1
1171734395727141363,968.12,Entire home/apt,14,5,9,3,0,17.364842387626265,Other,House,1,2,1,11,0,1,0,0,1,1,0,1,0,1,1,1
1651919902952025126,63,Private room,2,1,1,1.5,1,16.97281216428815,Other,House,1,2.5833333333333335,5,1,0,2,0,0,1,1,0,1,0,1,0,0
548585419780415450,1155.5,Entire home/apt,12,5,4,3,0,24.082542499387312,78734,House,0,12.333333333333334,1,0,0,2,0,0,1,1,1,1,0,1,1,1
634049333817158711,304.76,Entire home/apt,4,1,2,1,0,1.898256077809137,78701,Apartment/Condo,1,8.833333333333334,38,5,0,1,1,0,1,0,1,1,1,1,0,1
1104473741034332369,566,Entire home/apt,9,3,5,2.5,0,8.40930084473826,78745,House,1,2.1666666666666665,1,7,0,2,1,0,1,1,0,1,0,1,0,1
78422,128.5,Entire home/apt,6,2,3,1,0,2.789835946006181,78702,House,1,15.25,1,8,0,4,0,0,1,1,0,1,0,1,1,1
1625372662199104031,222,Entire home/apt,4,2,2,2,0,4.665017190827793,78704,Apartment/Condo,1,4.5,178,1,0,1,1,0,1,0,0,1,0,0,1,1
52899979,705,Entire home/apt,16,6,12,2.5,0,14.17686201129324,Other,House,1,8.333333333333334,18,12,0,1,0,0,1,1,0,1,0,1,0,1
1437152716109000466,209,Entire home/apt,6,3,3,3,0,8.796086811889078,78724,House,0,0.3333333333333333,1,7,0,2,0,0,1,1,0,1,0,1,1,0
42584265,560,Entire home/apt,12,5,7,3.5,0,1.8665074525659513,78703,House,0,9.25,47,13,0,2,0,0,1,1,0,1,0,1,0,1
854344475044350394,337.42999999999995,Private room,3,1,1,1,0,0.6465404865493488,78701,Hotel-like,0,3.25,92,0,1,1,1,0,1,0,1,0,0,1,1,1
5169603,214.5,Entire home/apt,6,2,3,2.5,0,5.550868955242199,78723,House,0,11.333333333333334,2,9,0,2,0,1,1,1,0,1,0,1,0,1
53973288,387,Entire home/apt,8,3,4,2,0,7.859216720393113,78745,House,0,4.916666666666667,1,10,0,1,0,0,1,1,0,1,0,0,0,1
1369604682256491509,732.5,Entire home/apt,16,5,7,4,0,4.611977877269592,78751,House,1,1.25,3,77,0,1,1,1,1,1,0,1,0,1,1,1
27913304,510.11,Entire home/apt,8,4,4,2.5,0,3.2318338514389717,78702,House,1,4.916666666666667,1,18,0,2,0,0,1,1,0,1,0,1,0,1
1068859304508082398,434,Entire home/apt,8,3,6,3,0,21.01861052252041,78734,House,1,2.3333333333333335,1,29,0,2,0,1,1,1,0,1,0,1,1,1
673358188679467672,200,Entire home/apt,4,2,2,1,0,2.1293375271571247,78702,House,1,5.833333333333333,12,34,0,1,0,0,1,1,0,1,0,1,0,1
1301656104770114607,1315,Entire home/apt,14,4,11,3.5,0,19.259322891139128,78734,House,1,1.5,2,13,0,1,0,0,1,1,0,1,0,1,0,1
29662560,388,Entire home/apt,6,3,4,2,0,4.712132688751529,78704,House,0,7.333333333333333,1,0,0,3,0,0,1,1,0,1,0,0,1,1
1614055468586275857,128.4,Hotel/shared room,2,1,4,1,1,2.8574351456018854,78703,Apartment/Condo,0,7.25,9,0,1,2,0,0,1,1,0,1,0,1,0,1
821685108709795260,296,Entire home/apt,6,3,4,2,0,4.373119958889234,78702,House,0,3,1,11,0,2,0,0,1,1,0,1,0,1,1,1
1677942760875517602,136.94,Private room,2,1,1,1,0,9.67693053243589,78745,Apartment/Condo,0,4,1,0,1,1,1,0,1,1,0,1,0,0,1,0
895568935431123220,402,Entire home/apt,10,4,8,2,0,22.09458347341554,78729,House,1,2.75,1,37,0,1,0,0,1,1,0,1,0,1,1,1
1369058908004593622,1113,Entire home/apt,10,4,4,3.5,0,20.84331211550685,78734,House,1,10,1,0,1,2,0,1,1,1,0,1,0,0,1,0
592889633303958567,199.33,Entire home/apt,9,4,5,3,0,3.429686441448386,78702,House,1,5.833333333333333,3,37,0,2,0,0,1,1,0,1,0,1,0,1
1469579171547678105,96.5,Private room,2,1,1,1,1,10.081153202327346,78745,House,1,2.1666666666666665,5,2,0,2,0,0,1,1,0,0,0,0,1,1
844315167467484886,255,Entire home/apt,6,3,3,2,0,11.968524388967634,Other,House,0,3.1666666666666665,1,47,0,1,0,0,1,1,0,1,0,1,1,1
1390658597412302280,123,Private room,2,1,1,1,0,7.919498088174641,78752,Hotel-like,0,3.25,92,1,0,1,1,0,1,1,1,0,0,1,1,1
1147209507227908474,264,Hotel/shared room,4,1,2,1,0,26.113937906418407,78734,Hotel-like,0,3.1666666666666665,48,0,0,1,1,0,1,0,1,0,0,1,1,1
1162814243579079542,337,Entire home/apt,6,2,3,1.5,0,2.1685962271447266,78701,Apartment/Condo,1,8.833333333333334,38,12,0,1,1,0,1,0,1,1,1,1,0,1
827564747965703177,143,Entire home/apt,3,1,3,1,0,16.779645778332966,Other,Unique/other,1,8.833333333333334,2,12,0,1,0,0,1,1,0,0,0,1,0,1
1390067983113446981,208,Entire home/apt,6,2,3,2.5,0,4.218663877179477,78704,House,1,10.916666666666666,1,57,0,2,0,0,1,1,0,1,0,1,0,1
51803947,822,Entire home/apt,6,2,3,2,0,0.6791912484011478,78701,Apartment/Condo,0,12.25,23,0,1,1,1,0,1,1,1,1,0,1,0,1
39363087,301.5,Entire home/apt,4,1,2,1,0,0.7680296324253173,78701,Apartment/Condo,0,8.333333333333334,4,1,0,2,1,0,1,0,1,1,0,1,0,1
1192238692489749771,166,Entire home/apt,6,2,4,2,0,13.25611147118725,Other,Apartment/Condo,0,4,38,28,0,1,1,0,1,1,1,1,0,1,1,1
1250364492966799153,176,Entire home/apt,8,2,3,2,0,4.0898851632654765,78741,House,0,9.916666666666666,3,27,0,1,0,0,1,1,0,0,0,1,1,1
1354793214257173349,211.33,Entire home/apt,7,3,3,2,0,13.22323893597522,Other,House,1,1.75,1,14,0,3,0,0,1,1,0,1,0,1,1,1
1601543770556508544,243,Entire home/apt,6,2,3,2,0,6.586709463232509,78741,Apartment/Condo,1,1.1666666666666667,9,16,0,1,1,0,1,1,1,1,1,1,1,1
1639201184310331967,243.33,Entire home/apt,8,3,3,2,0,2.5181922166790702,78702,House,1,4.5,178,4,0,2,0,0,1,1,0,1,0,0,1,1
1051357251145263869,336,Entire home/apt,8,5,5,3,0,9.957685601714813,78745,House,1,2.1666666666666665,1,9,0,2,0,0,1,1,1,1,0,1,1,1
1695291051324724163,223,Entire home/apt,6,3,3,2.5,0,6.032237821520265,Other,House,0,11,1,2,0,2,0,0,1,1,0,1,0,1,0,1
976373861939249401,111,Entire home/apt,2,1,1,1,0,14.405269904345696,78744,Guesthouse/Guest suite,1,2.75,1,29,0,2,0,0,1,1,0,0,0,0,0,1
561591359627736398,250,Entire home/apt,8,3,6,2,0,4.1094525674346505,78721,House,0,3.9166666666666665,1,14,0,2,0,0,1,1,0,1,0,0,0,1
781022579201353497,481,Entire home/apt,12,4,7,2,0,24.091462622626498,78737,House,1,9.75,33,24,0,1,1,0,1,1,0,1,0,1,1,1
14073594,253.5,Entire home/apt,6,2,2,2,0,26.080362392263726,78734,House,0,10.25,17,3,0,2,1,0,1,1,0,1,0,0,0,0
1258934794792183613,514,Entire home/apt,5,2,2,2,0,1.300648575351876,78703,Apartment/Condo,0,1.6666666666666665,1,0,1,2,1,1,1,0,0,1,0,1,0,0
1561806486944899590,399.5,Entire home/apt,8,4,6,2,0,12.856859797417961,78744,House,1,0.8333333333333334,1,6,0,2,0,1,1,1,0,1,0,0,0,1
892035383598437880,173,Entire home/apt,3,1,1,1,0,7.883380079692316,78757,Apartment/Condo,1,2.8333333333333335,1,10,0,1,0,0,1,1,0,1,0,1,0,1
1308261220065063203,108.5,Entire home/apt,2,1,1,1,0,7.526266135207805,78752,Apartment/Condo,0,5.583333333333333,6,7,0,2,0,0,1,1,0,1,0,0,1,1
1021924434563543067,655,Entire home/apt,10,5,5,3,0,6.656921220339303,78741,House,0,3.9166666666666665,48,1,0,2,0,0,1,1,0,0,0,1,1,1
1399693010468741243,333.62,Entire home/apt,6,2,3,2,0,2.0110837399474035,78701,Apartment/Condo,1,4.5,178,0,1,2,1,0,1,1,1,1,0,0,1,1
621266250297221574,111.14,Entire home/apt,2,1,1,1,0,14.060932520027356,78744,House,1,6.333333333333333,5,12,0,7,1,0,1,1,1,1,1,1,1,1
1343435259472252397,103,Entire home/apt,2,1,1,2,0,7.133107697768661,78741,House,1,1.3333333333333333,1,85,0,1,0,0,1,1,0,0,0,1,1,1
692658983140544006,118.5,Entire home/apt,4,1,1,1,0,6.331931317097411,78741,Apartment/Condo,0,8.666666666666666,53,31,0,1,0,0,1,1,1,1,1,1,0,1
1268202182819300966,202,Entire home/apt,4,2,2,1,0,5.071836315669978,78723,House,0,3.9166666666666665,48,6,0,2,0,0,1,1,0,1,0,1,0,1
1382689292548386102,184.5,Entire home/apt,4,2,3,1,0,6.166427231450339,78741,House,1,6.916666666666667,1,19,0,2,0,0,1,1,0,1,0,0,0,1
1634136874361784462,110.5,Entire home/apt,3,1,1,1,0,1.8412283606364666,78705,Apartment/Condo,0,1.75,8,4,0,2,0,0,1,1,0,0,0,1,1,1
38151123,342.5,Entire home/apt,6,2,3,2,0,1.9446549571053582,78703,House,0,9.25,47,10,0,2,0,0,1,1,0,1,0,1,0,1
48039141,328.5,Entire home/apt,8,3,7,2,0,18.832082144081863,Other,Unique/other,1,10.083333333333334,1,32,0,2,1,0,1,1,0,1,0,1,1,1
1600757983410922420,270.4,Entire home/apt,4,2,2,2,0,5.814131142402317,78704,Apartment/Condo,1,4.5,178,0,1,1,1,0,1,0,0,1,0,0,1,1
40394734,410,Entire home/apt,5,2,2,2,0,14.159325217671082,78753,House,0,5.583333333333333,1,0,0,3,0,0,1,1,0,1,0,1,1,1
1340628405482293057,183,Entire home/apt,6,2,3,1,0,12.988280635291503,78753,House,0,1.3333333333333333,1,30,0,1,0,0,1,1,0,1,0,1,0,1
841953998445828472,482.5,Entire home/apt,3,1,1,1,0,0.8422820008660464,78701,Apartment/Condo,0,5.166666666666667,1,0,0,2,1,0,1,0,0,1,0,1,1,1
1292866179477200409,989.3299999999999,Entire home/apt,5,2,2,2.5,0,5.862701172606317,78721,House,0,1.5833333333333335,1,1,0,3,0,0,1,1,0,1,0,1,0,1
41553184,465.5,Entire home/apt,6,3,4,1,0,19.102303240242037,Other,House,1,6.416666666666667,1,14,0,2,0,1,1,1,0,0,0,0,1,0
1532026546483495111,242,Entire home/apt,4,2,2,2,0,5.814131142402317,78704,Apartment/Condo,1,4.5,178,1,0,1,1,0,1,0,0,1,0,0,1,1
1282894092833721206,188,Entire home/apt,2,1,1,1,0,14.311539374534792,78744,Guesthouse/Guest suite,0,1.3333333333333333,1,9,0,1,0,0,1,1,0,0,0,0,0,1
898632299628709844,339.5,Entire home/apt,16,5,9,2.5,0,19.65381372233293,78729,House,1,4.583333333333333,5,35,0,2,1,1,1,1,0,1,0,1,0,1
1627533022289736982,98.52,Private room,2,1,1,1,0,22.956016088660274,Other,Hotel-like,0,4.75,2,1,0,1,1,0,1,1,1,1,0,1,1,0
1654391074349285298,53,Entire home/apt,2,1,1,1,0,6.966600728841434,78752,Apartment/Condo,0,3.5,35,0,1,5,0,0,1,1,1,0,0,1,1,0
31416497,779,Entire home/apt,16,5,12,3.5,0,2.4663292636546754,78704,House,1,7.416666666666667,1,15,0,2,0,0,1,1,0,1,0,0,0,1
694348422804597519,224,Entire home/apt,5,2,2,1.5,0,2.265603424720247,78702,House,0,3.8333333333333335,1,26,0,1,0,0,1,1,0,1,0,0,1,1
1017331776728698075,156.34,Entire home/apt,2,1,1,1,0,9.75888799737299,78745,Unique/other,1,7,1,26,0,1,0,0,1,1,0,1,0,0,1,1
1197913908386718407,196,Entire home/apt,6,2,3,1,0,2.0988439094554003,78702,Apartment/Condo,1,7.25,31,41,0,1,0,0,1,1,0,1,0,0,1,1
1502368356399315099,192.29,Entire home/apt,5,2,2,2.5,0,5.084559657007362,78721,House,1,5.916666666666667,2,15,0,1,0,0,1,1,0,1,0,1,0,1
1600113716200667593,899.6700000000001,Entire home/apt,8,4,3,2.5,0,10.498306499461673,Other,House,0,0.4166666666666667,1,3,0,2,1,1,1,1,1,1,1,1,0,1
1034416942292085819,641,Entire home/apt,16,5,5,3,0,24.446276962862225,Other,House,1,2.6666666666666665,2,33,0,2,1,1,1,1,0,1,0,1,1,1
1228575482899654402,166,Entire home/apt,2,1,1,1,0,8.247771914952908,78745,Apartment/Condo,0,1.8333333333333335,1,7,0,1,0,0,1,1,0,1,0,1,1,1
1268899186541397004,485,Entire home/apt,4,2,2,1,0,3.9175506351509966,78702,House,0,10.916666666666666,40,18,0,1,0,0,1,1,0,1,0,1,0,0
1507370083817789303,379.5,Entire home/apt,6,3,3,2,0,12.450654034670052,Other,House,1,0.5833333333333334,1,19,0,1,0,0,1,1,0,1,0,1,0,1
7330232,409,Entire home/apt,12,4,6,2,0,21.608436668475655,Other,House,1,11.083333333333334,23,44,0,1,1,1,1,1,0,1,1,1,1,1
1700305784135818905,281.5,Entire home/apt,6,2,3,2,0,0.9084275681554731,78701,Apartment/Condo,1,8.666666666666666,9,0,1,2,1,1,1,0,1,1,0,0,0,1
1548700810952394895,634,Entire home/apt,14,6,7,3,0,10.653823494552539,78745,House,1,8.5,2,12,0,1,1,0,1,1,0,1,0,1,1,1
729731582935841883,109.6,Entire home/apt,4,1,2,1,0,1.9590033061593028,78703,Apartment/Condo,1,3.75,1,63,0,1,1,0,1,1,0,1,0,1,0,1
1630769014112206421,279.5,Entire home/apt,7,3,3,2,0,4.595040652635415,78704,House,1,6.75,2,17,0,2,0,0,1,1,0,1,0,1,1,1
1575646215790075010,742,Entire home/apt,14,4,5,2.5,0,10.823443517404215,Other,House,0,0.16666666666666666,1,2,0,2,0,0,1,1,0,1,0,1,0,0
1439856175580722958,394,Entire home/apt,10,4,5,2,0,3.8293380660617906,78702,House,1,1.8333333333333335,36,29,0,1,0,0,1,1,0,1,0,1,0,0
40492977,725,Entire home/apt,6,2,2,2,0,2.5616420987932633,78703,House,0,6.5,1,0,0,2,0,0,1,1,0,1,0,0,0,0
1685856921725484033,218,Entire home/apt,4,2,3,2,0,5.474235871677574,78704,House,0,0.08333333333333333,1,0,1,6,0,0,1,1,0,1,0,1,1,0
728146854217937132,287,Entire home/apt,6,2,3,2,0,2.141713919459326,78701,Apartment/Condo,1,11.25,6,12,0,1,1,0,1,0,1,1,1,1,1,0
50599993,445,Entire home/apt,10,3,4,2.5,0,5.397448732634428,78721,House,1,4.916666666666667,2,3,0,1,1,1,1,1,0,1,0,1,1,1
1506733102787039210,731,Entire home/apt,12,4,6,3.5,0,6.295107039232477,78704,House,1,2.0833333333333335,7,5,0,1,1,0,1,1,0,1,1,0,0,1
1478888393998544048,118,Entire home/apt,2,1,1,1,0,8.24378320132026,78757,Apartment/Condo,0,1.75,8,25,0,2,0,0,1,1,0,1,0,1,0,1
1369133036341359961,458.5,Entire home/apt,8,4,4,2,0,9.979896926261723,78753,House,1,10.166666666666666,1,12,0,2,1,1,1,1,0,1,0,1,1,1
1649631965773178902,261.33,Entire home/apt,8,3,3,2.5,0,9.109115786112891,78724,House,0,0.16666666666666666,2,2,0,1,0,0,1,1,0,1,0,1,0,0
4219001,79,Entire home/apt,2,1,2,1,0,7.729261919939873,78745,Unique/other,1,14.416666666666666,22,11,0,2,0,0,1,1,0,0,1,0,0,0
1466231304642888320,827.5,Entire home/apt,10,4,5,3.5,0,3.650852194118776,78704,House,1,8.833333333333334,10,23,0,2,1,0,1,1,0,1,0,0,0,0
1035154520189320104,351,Entire home/apt,10,3,7,2,0,3.7760990448126273,78751,House,1,5.333333333333333,6,18,0,2,1,1,1,1,0,1,0,1,0,1
32544075,195,Entire home/apt,8,3,3,2,0,16.186665230968575,78737,House,1,11.666666666666666,4,28,0,5,0,0,1,1,0,1,0,0,1,1
32664554,1772.5,Entire home/apt,16,8,14,7.5,0,25.82005143466552,78737,House,1,12,17,1,0,1,1,1,1,1,0,1,0,0,1,1
1664598387138232957,217,Entire home/apt,2,1,1,1,0,15.89487971839245,Other,Apartment/Condo,0,0.16666666666666666,1,5,0,1,1,0,1,1,1,1,0,0,0,1
1360208456066951550,79,Entire home/apt,2,1,2,0.5,0,7.93335088597074,78745,Unique/other,1,14.416666666666666,22,9,0,2,0,0,1,1,0,0,0,0,0,0
1082630296417514027,508.5,Entire home/apt,12,5,9,4,0,3.4375009072493814,78704,House,1,12.083333333333334,23,13,0,2,1,0,1,0,0,1,0,1,1,1
1106647817791192733,384,Entire home/apt,6,2,3,2,0,4.970635941421446,78704,House,0,9.25,47,4,0,2,0,1,1,1,0,1,0,1,1,1
1310548311923098309,367,Entire home/apt,12,4,5,3.5,0,7.287270021320023,78723,House,1,1.5,9,37,0,1,0,0,1,1,0,1,0,1,1,1
1580486607799773786,297,Entire home/apt,9,3,4,2,0,14.02215729557734,78758,House,1,1,1,16,0,1,0,0,1,1,0,1,0,0,0,1
1162338963954491750,340,Entire home/apt,12,4,9,2,0,24.19299253122391,78737,House,1,9.75,33,22,0,2,1,0,1,1,0,1,0,1,1,1
1593662316809119659,164.8,Entire home/apt,4,2,2,2,0,5.814131142402317,78704,Apartment/Condo,1,4.5,178,0,1,1,1,0,1,0,0,1,0,0,1,1
1368151187712406671,297,Entire home/apt,6,1,4,1,0,1.9993043834478006,78703,Apartment/Condo,1,7.833333333333333,27,10,0,1,1,0,1,1,0,1,0,1,1,1
700832676565657641,331,Entire home/apt,6,2,1,2,0,5.177217303764791,78751,House,1,9.583333333333334,2,0,0,1,0,0,1,1,0,1,0,1,1,1
1253641041831624847,341,Entire home/apt,6,3,4,2,0,14.911191731847383,78724,House,0,1.6666666666666665,1,1,0,1,0,0,1,1,0,1,0,1,1,1
1703689743045087637,555,Entire home/apt,12,5,8,3,0,4.073164012032235,78723,House,0,2.0833333333333335,2,0,1,1,0,0,1,1,0,1,0,0,1,0
1010185415611521068,210.5,Entire home/apt,6,2,3,2.5,0,11.103562932283337,Other,House,1,3.5833333333333335,9,28,0,2,0,0,1,1,0,1,0,0,1,1
281182,411,Entire home/apt,10,3,3,2.5,0,3.260081549211299,78702,House,0,14.333333333333334,1,2,0,2,0,0,1,1,0,1,0,0,0,0
988977174410262347,535,Entire home/apt,4,1,2,1,0,0.5555816397632679,78701,Apartment/Condo,1,2.75,26,0,1,1,1,0,1,0,1,1,0,0,0,1
1690848603078941340,289,Entire home/apt,4,2,2,2,0,6.057676681796926,78723,Apartment/Condo,0,0.08333333333333333,1,0,1,1,1,0,1,0,1,1,0,0,0,1
1174081159300544317,292.72999999999996,Private room,2,1,1,1,0,1.7588477456460943,78701,Hotel-like,1,2,4,11,0,1,1,0,1,0,0,0,0,1,1,0
611009661090145040,252,Entire home/apt,8,2,4,2,0,2.0167384325644666,78701,Apartment/Condo,1,4.166666666666667,20,91,0,1,1,0,1,0,1,1,1,1,0,1
1607469941307490557,230.04,Entire home/apt,4,1,1,1,0,12.754975699611949,Other,Apartment/Condo,0,2.1666666666666665,19,1,0,1,1,0,1,1,0,1,0,1,1,0
868089881659783749,249,Private room,2,1,1,1,0,0.6465404865493488,78701,Hotel-like,0,3.25,92,0,1,1,1,0,1,0,1,0,0,1,1,1
28053221,207,Entire home/apt,4,1,2,1,0,3.5637704738533498,78704,Guesthouse/Guest suite,1,12.083333333333334,23,24,0,1,0,0,1,1,0,1,0,1,0,1
38482667,171.18,Entire home/apt,4,2,3,1,0,5.123152967266076,78721,House,0,5,1,12,0,2,0,0,1,1,0,1,0,1,0,1
689920352245020300,168,Entire home/apt,4,1,1,1,0,6.523988259216869,78741,Apartment/Condo,0,8.666666666666666,53,19,0,1,0,0,1,1,1,1,1,1,0,1
1681289572513098117,673,Entire home/apt,12,4,6,2,0,21.960287270533733,Other,House,0,0.08333333333333333,1,6,0,1,1,1,1,1,0,1,0,1,0,1
1247071913420306529,336.67,Entire home/apt,9,3,9,2,0,1.664239377849979,78702,House,0,11.333333333333334,18,10,0,3,0,0,1,1,0,0,0,1,0,1
43238009,873,Entire home/apt,8,3,6,2.5,0,1.531083664350049,78702,House,1,11.666666666666666,1,18,0,2,1,0,1,1,0,1,0,1,0,1
18522797,308.5,Entire home/apt,4,2,2,1,0,12.368183770213546,Other,House,0,4.333333333333333,1,2,0,2,0,0,1,1,0,1,0,1,0,1
1552913601675987944,311.5,Entire home/apt,6,2,3,1,0,11.95072365854942,78746,House,1,0.5833333333333334,1,13,0,2,0,0,1,1,0,1,0,1,0,1
39056933,79,Entire home/apt,2,1,1,1,0,10.573112251817482,78744,Unique/other,0,13.25,3,1,0,1,0,0,0,1,0,1,0,1,1,0
54198469,1021,Entire home/apt,6,3,4,4,0,2.981722880360836,78704,House,0,4.333333333333333,1,4,0,2,1,0,1,1,0,1,0,1,0,1
1453783278111660427,474,Entire home/apt,11,5,8,2.5,0,12.31923504752021,Other,House,1,0.8333333333333334,1,13,0,2,1,0,1,1,0,1,0,1,0,0
1434168678118900565,149,Entire home/apt,5,2,3,2,0,2.2836965814138552,78705,Apartment/Condo,1,1,1,35,0,2,0,0,1,1,0,0,0,0,0,1
23206578,142.65,Entire home/apt,2,1,1,1,0,2.606512392376776,78704,Apartment/Condo,1,14.25,1,6,0,6,1,1,1,1,0,1,0,1,1,1
13913337,264,Entire home/apt,6,2,2,2,0,26.14592474352358,78734,House,0,10.25,17,0,0,2,1,0,1,1,0,1,0,1,0,0
729637652729633909,325,Entire home/apt,14,4,7,4,0,5.765279648166513,78741,House,0,3.6666666666666665,1,27,0,2,0,0,1,1,0,1,0,1,1,0
1616211851376194545,185,Entire home/apt,4,1,2,1,0,1.9445872204499692,78705,Apartment/Condo,1,0.3333333333333333,2,15,0,1,0,0,1,1,1,1,0,1,1,1
45468117,96,Entire home/apt,5,1,3,1,0,5.278708373725001,78704,Apartment/Condo,0,8.666666666666666,53,18,0,1,1,0,1,1,0,1,0,1,1,1
871598253766961335,249,Private room,2,1,1,1,0,0.6465404865493488,78701,Hotel-like,0,3.25,92,3,0,1,1,0,1,0,1,0,0,1,1,1
27673991,147.20999999999998,Entire home/apt,2,1,1,1,0,2.421633319092157,78702,House,1,7.833333333333333,1,48,0,1,0,0,1,1,1,1,0,1,0,1
1253672588065113892,350,Entire home/apt,2,1,2,1,0,2.031239973204237,78701,Apartment/Condo,0,10.916666666666666,40,14,0,1,1,0,1,0,1,1,1,1,0,0
5567132,457,Entire home/apt,5,1,2,1,0,4.120792560121163,78751,Apartment/Condo,0,3.3333333333333335,1,0,1,1,0,0,1,1,0,1,0,0,0,0
1542072780806959230,362.5,Entire home/apt,10,4,4,2.5,0,8.740590732888801,78745,House,0,0.4166666666666667,1,7,0,2,0,0,1,1,0,1,0,1,1,0
342039,228.23999999999998,Entire home/apt,2,1,1,1,0,2.710112735464967,78702,Guesthouse/Guest suite,1,14.333333333333334,3,26,0,1,0,0,1,1,0,1,0,0,0,0
919680873877915188,568.5,Entire home/apt,6,2,3,2,0,1.6834632915772882,78703,Apartment/Condo,1,5.666666666666667,2,0,0,2,1,0,1,0,0,1,0,1,0,0
1121916290926807726,201,Entire home/apt,6,2,3,2,0,6.381539651600557,78741,Apartment/Condo,1,2,1,16,0,1,1,0,1,0,1,1,1,1,0,1
1083496194878753670,145,Entire home/apt,4,1,2,1,0,5.062792733132834,78751,Apartment/Condo,0,4,38,17,0,1,1,0,1,1,0,1,0,1,1,1
1552889189454155350,208,Entire home/apt,4,2,2,2,0,15.349061541844698,78753,Apartment/Condo,1,1.3333333333333333,25,3,0,2,1,0,1,1,1,1,0,1,0,1
660299192192226419,160,Entire home/apt,2,1,1,1,0,6.099649029132773,Other,House,1,3.9166666666666665,1,64,0,1,0,0,1,1,0,1,0,0,0,1
1370488030024477602,380.5,Entire home/apt,6,2,3,2,0,0.8485018061765534,78701,Apartment/Condo,0,1.5,2,2,0,2,1,0,1,0,0,1,0,0,0,1
1511136861356494690,579,Entire home/apt,12,5,5,4,0,1.6167084071765896,78702,House,0,5.166666666666667,23,8,0,1,0,0,1,1,0,1,0,1,0,0
20537657,408.90999999999997,Entire home/apt,4,2,2,1,0,3.505262205987108,78702,House,0,8.833333333333334,1,0,0,2,0,0,1,1,0,1,0,0,1,0
944195529411134199,126,Entire home/apt,2,1,1,1,0,2.4225228982532054,78702,Guesthouse/Guest suite,1,12.833333333333334,4,16,0,2,0,0,1,1,0,0,0,1,0,1
889838074137427349,267,Entire home/apt,4,1,2,1,0,0.7063871609106044,78701,House,0,4.25,37,1,0,1,0,0,1,1,0,0,0,1,0,1
1495043819433098409,264.33,Entire home/apt,8,3,4,2,0,14.725537571649541,78724,House,1,8.333333333333334,3,1,0,3,0,0,1,1,0,1,0,0,0,1
1670371763792375151,639.22,Entire home/apt,16,5,12,5.5,0,7.37076372664842,78746,House,0,7.083333333333333,1,5,0,1,1,1,1,1,0,1,0,1,0,0
1394528096635467797,125.53,Entire home/apt,4,1,2,1,0,2.5941719388784,78704,Apartment/Condo,1,3.5,3,23,0,2,1,0,1,1,0,1,0,0,1,1
1028154668228063104,114.5,Entire home/apt,3,1,2,1,0,2.8679043717638097,78702,Unique/other,1,10.666666666666666,9,30,0,2,0,0,1,1,0,0,0,1,0,1
18613534,149.5,Entire home/apt,4,1,1,1,0,2.7999355217156605,78702,House,0,8.916666666666666,1,0,0,2,0,0,1,1,0,1,0,1,0,1
37125884,195.5,Entire home/apt,2,1,1,1,0,1.7634024680807256,78702,Guesthouse/Guest suite,1,6.916666666666667,2,28,0,2,1,0,1,1,0,1,0,0,0,1
1083490326334784798,145,Entire home/apt,4,1,2,1,0,5.137104271040154,78751,Apartment/Condo,0,4,38,13,0,1,1,0,1,1,0,1,0,1,1,1
1024856229691383829,1067,Entire home/apt,10,4,7,3,0,20.008141062133188,78734,House,1,4.5,14,18,0,1,0,0,1,1,0,1,0,1,0,1
600077114968888600,369,Entire home/apt,4,1,2,1,0,2.0349013485844387,78701,Apartment/Condo,1,4.666666666666667,47,18,0,1,1,0,1,0,1,1,1,1,0,0
50734385,136.94,Entire home/apt,6,3,3,2,0,13.950890143517555,78758,House,0,5.583333333333333,6,17,0,2,0,0,1,1,0,1,0,1,1,1
1218196344692893722,226,Entire home/apt,6,3,3,2,0,9.209409538738381,78745,House,0,1.25,1,11,0,2,0,0,1,1,0,0,0,1,1,1
1251565400086194662,286,Entire home/apt,6,2,2,2,0,17.087355179851144,Other,Apartment/Condo,0,1.75,1,3,0,1,0,0,1,1,0,1,0,0,1,1
592610914466433004,437.67,Entire home/apt,8,4,4,2,0,4.0694881206033955,78741,House,1,4.166666666666667,1,12,0,3,0,0,1,1,0,1,0,1,0,1
1413036178714477069,120,Entire home/apt,3,1,1,1,0,3.8760529988890338,78741,Apartment/Condo,1,1,8,50,0,1,1,0,1,1,0,0,0,1,0,1
36795547,166.73,Entire home/apt,6,2,3,2,0,4.828660514567521,78741,Apartment/Condo,0,9.333333333333334,2,18,0,1,1,0,1,1,0,0,0,1,0,1
1345938389052960377,628,Entire home/apt,8,4,4,2.5,0,10.058958269810896,78746,House,0,1.25,1,14,0,2,0,0,1,1,1,1,0,1,1,1
1554433177969582748,160,Entire home/apt,2,1,1,1,0,10.262986694394163,78724,Unique/other,1,14.166666666666666,9,10,0,2,1,1,1,1,1,1,0,0,0,1
910841842049872479,196.5,Entire home/apt,2,1,1,1,0,16.47690222370289,Other,Guesthouse/Guest suite,1,5.666666666666667,1,24,0,2,0,0,1,1,0,0,0,1,0,1
1249672976542333493,157.48000000000002,Entire home/apt,6,2,3,1,0,5.334486875090809,78741,Unique/other,0,1.75,2,30,0,1,0,0,1,1,0,1,0,0,0,1
14304274,414.33,Entire home/apt,7,3,4,2.5,0,4.946529691763392,78746,House,1,9.833333333333334,1,6,0,1,0,0,1,1,0,1,0,1,1,1
1394508577968745526,285.5,Entire home/apt,10,4,4,2,0,20.54042063925617,78734,House,1,1.1666666666666667,1,18,0,2,0,0,1,1,0,1,0,1,1,1
1511162812042202029,213.4,Entire home/apt,5,2,3,1,0,1.0025108063853487,78705,Apartment/Condo,1,0.75,1,29,0,1,0,0,1,1,0,1,0,1,1,1
743345962515154738,193.67,Entire home/apt,4,2,2,1,0,3.898997684858702,78704,Apartment/Condo,1,4.666666666666667,13,18,0,2,0,0,1,1,0,0,0,0,1,1
15886011,211,Entire home/apt,11,2,5,2,0,1.3071474703325405,78702,Apartment/Condo,1,9.833333333333334,18,87,0,1,0,0,1,1,0,1,0,1,0,1
602308061270088547,308,Entire home/apt,7,3,4,2,0,7.560327916881688,78745,House,1,10.75,1,29,0,2,0,1,1,1,0,1,0,1,1,1
39084799,191,Entire home/apt,4,2,2,1,0,2.7140864388874424,78705,Guesthouse/Guest suite,1,15.25,3,13,0,2,0,0,1,0,0,1,0,1,0,0
2677765,191,Entire home/apt,4,2,2,2,0,2.3432088983450683,78705,Apartment/Condo,1,12.166666666666666,1,21,0,2,0,0,1,1,0,1,0,1,0,1
1201633224490912102,928.5,Entire home/apt,16,5,11,3.5,0,26.283745836409643,78737,House,0,1.75,2,15,0,2,1,1,1,1,0,1,0,1,0,1
1556168229806085725,285,Entire home/apt,4,1,2,1,0,2.8863499862796127,78704,House,1,0.5,1,16,0,1,0,0,1,1,0,1,0,1,1,0
1370018321554516487,852.2700000000001,Entire home/apt,16,4,13,3,0,5.77692007052377,78741,House,1,8.333333333333334,18,33,0,1,1,1,1,1,0,1,0,1,1,1
791327568094914770,304,Entire home/apt,14,5,9,2.5,0,13.92402430194474,Other,House,0,3.4166666666666665,3,11,0,2,0,0,1,1,0,1,0,1,1,1
1691400198948694018,260,Entire home/apt,4,2,2,2,0,5.982220437434989,78721,House,0,1.25,3,3,0,1,0,1,1,1,0,1,0,1,0,1
1532025575803270625,257,Entire home/apt,4,2,2,2,0,5.814131142402317,78704,Apartment/Condo,1,4.5,178,1,0,1,1,0,1,0,0,1,0,0,1,1
1314660677622976394,231.5,Entire home/apt,8,4,4,3,0,16.88952135539108,Other,House,0,4.583333333333333,1,7,0,2,0,0,1,1,0,1,0,1,1,1
1491601567129641721,706,Entire home/apt,16,10,20,8,0,4.586781418873784,78721,House,0,3.75,31,15,0,1,0,0,1,1,0,1,0,1,0,1
1169805593897671986,342.35,Entire home/apt,14,4,7,2,0,16.023410971589193,78753,House,1,2.75,2,40,0,1,0,1,1,1,0,1,0,1,0,1
1285578747503672757,155,Entire home/apt,3,1,2,1,0,2.206793888652741,78705,Apartment/Condo,0,6.916666666666667,25,17,0,1,0,0,1,1,0,1,0,1,0,1
1517768898234708058,627.6700000000001,Entire home/apt,10,4,4,3.5,0,20.194905054299696,78734,House,0,0.16666666666666666,1,7,0,3,0,1,1,1,0,1,0,0,1,1
52460433,116.86,Entire home/apt,4,1,2,1,0,2.7118457389179906,78702,Guesthouse/Guest suite,1,4.083333333333333,1,43,0,1,0,0,1,1,0,0,0,0,0,1
10766260,322.33,Entire home/apt,6,3,3,1.5,0,2.300542238998966,78702,House,1,3.8333333333333335,1,17,0,3,1,0,1,1,0,1,0,1,1,1
766190848765038382,574.6700000000001,Entire home/apt,8,4,7,3.5,0,23.860284057382295,78734,House,1,3.5,1,5,0,2,0,0,1,1,0,1,0,1,1,1
1252345157213401145,718.9399999999999,Entire home/apt,16,6,13,3,0,8.098634643558272,78745,House,1,2.9166666666666665,1,41,0,1,0,1,1,1,1,1,0,1,1,1
827829130900485969,183,Entire home/apt,2,1,1,1.5,0,13.44895741680946,78744,House,0,8.25,2,3,0,1,0,0,1,1,0,1,0,1,0,1
1705366343429609700,422.24,Entire home/apt,6,3,3,2,0,8.982085934567808,78746,House,0,0,1,0,1,4,1,0,1,1,0,1,0,1,0,0
47154632,421,Entire home/apt,8,3,7,2,0,2.1117932030494013,78702,House,1,5.166666666666667,1,26,0,1,0,0,1,1,0,1,0,1,0,1
1567623982739111327,81.25,Private room,2,1,1,1,0,10.303468037343759,78757,House,0,9.333333333333334,1,0,1,1,0,0,1,1,0,1,0,1,0,0
981792304256293913,321,Entire home/apt,11,3,6,2.5,0,2.1164180640559405,78702,House,1,8.833333333333334,38,37,0,1,0,0,1,1,0,1,1,1,1,1
1011520223997371601,289.5,Entire home/apt,4,2,2,1,0,5.696595703903442,78721,House,0,2.5833333333333335,1,8,0,2,0,0,1,1,0,1,1,1,0,1
920462401201038969,245.67,Entire home/apt,5,2,2,2,0,4.838470923891873,78704,House,0,2.9166666666666665,1,6,0,3,0,0,1,1,0,1,0,1,0,1
698565708849336349,319,Entire home/apt,6,2,3,1.5,0,3.981579137648319,78702,House,1,4.666666666666667,2,49,0,1,0,0,1,1,0,1,0,1,1,1
5126932,149,Entire home/apt,4,1,2,1,0,1.9241372944912065,78702,House,1,11.25,2,46,0,1,0,0,1,1,0,0,0,0,0,1
1615340147969667666,276,Entire home/apt,4,2,2,2.5,0,4.365632547641468,78704,House,0,11.083333333333334,1,12,0,1,0,0,1,1,0,1,0,1,1,1
797381123926824262,82.39,Entire home/apt,2,1,1,1,0,8.264644105065127,78757,Apartment/Condo,0,3.9166666666666665,26,17,0,1,0,0,1,1,0,1,0,1,1,1
1453748049405859339,171,Private room,4,1,1,1,0,1.6634639855788846,78705,Apartment/Condo,1,0.9166666666666666,9,17,0,1,0,0,1,1,0,1,0,0,0,1
561423768556878143,259.56,Entire home/apt,7,3,4,2,0,11.698832414848482,Other,House,1,4.333333333333333,3,39,0,1,0,0,1,1,0,1,0,1,0,1
608872767745794202,205.93,Entire home/apt,4,1,2,1,0,2.031239973204237,78701,Apartment/Condo,1,4.5,178,13,0,2,1,0,1,1,1,1,1,1,1,1
937279156922082387,420,Entire home/apt,4,2,2,2,0,3.349081373793135,78751,House,1,12.416666666666666,1,33,0,1,0,0,1,1,0,1,0,1,0,1
1507355834415853621,298,Entire home/apt,10,4,5,3,0,5.947892042107388,78721,House,1,6.833333333333333,10,13,0,2,0,1,1,1,0,1,0,1,0,1
651700670021395366,102.48,Entire home/apt,4,1,2,1,0,3.4371088670628724,78702,Apartment/Condo,0,3.6666666666666665,1,36,0,1,0,0,1,1,0,0,0,1,0,1
1365545394901177897,277,Entire home/apt,3,1,1,1,0,0.950558918005649,78701,Apartment/Condo,1,1.25,1,6,0,2,1,0,1,0,0,1,0,1,0,1
1366187133365221219,151,Entire home/apt,6,2,4,1,0,23.97958016963224,78734,Unique/other,1,1.25,1,52,0,1,1,1,1,1,1,0,0,0,1,0
25627777,394.67,Entire home/apt,4,2,2,2.5,0,2.9939717815204316,78704,House,1,8.25,13,4,0,3,0,0,1,1,0,1,0,1,0,1
989186159580097194,177,Entire home/apt,4,2,2,1,0,9.83964056210796,78745,House,1,8,5,8,0,2,0,0,1,1,0,1,0,1,1,1
1645803130999543624,545,Entire home/apt,8,5,4,3,0,16.178119367355528,78758,House,0,0.25,1,0,1,1,0,1,1,1,0,1,0,1,1,0
9182645,738.5,Entire home/apt,8,2,7,2,0,0.6278300334425411,78701,House,1,12,17,5,0,1,0,0,1,1,0,1,0,0,0,1
1152157033264544156,341,Entire home/apt,5,2,3,2,0,3.382245663997779,78702,House,1,3.3333333333333335,5,41,0,2,1,0,1,1,1,1,0,1,0,1
20890370,712,Entire home/apt,8,4,6,3.5,0,4.503944478730626,78704,House,0,9,15,7,0,2,0,0,1,1,0,1,0,1,1,0
1022606972008086144,345,Entire home/apt,4,1,2,1,0,23.97788885578472,78734,Unique/other,1,2.5,1,37,0,2,0,1,1,1,0,1,0,1,1,1
4874855,465.5,Entire home/apt,4,2,2,2,0,7.9318488898048445,78723,House,1,9.5,1,10,0,2,1,0,1,1,0,1,0,0,1,1
1353163819824458760,575,Entire home/apt,15,5,6,3,0,7.657974504255984,78745,House,1,3.1666666666666665,3,27,0,1,0,0,1,1,0,1,0,1,0,1
1471358225470596745,258,Entire home/apt,6,3,3,2,0,10.717266698728755,78744,House,1,6,2,14,0,1,0,0,1,1,0,1,0,0,1,1
1617623578765927935,709,Entire home/apt,10,4,5,4.5,0,6.656761218906568,78746,House,0,3.9166666666666665,48,4,0,2,0,0,1,1,0,1,0,1,1,1
1682683931328882147,228.5,Private room,8,4,5,2.5,0,11.939532802805749,Other,House,0,0.08333333333333333,1,0,1,2,1,1,1,1,0,1,0,1,0,0
1363932210497288020,150,Entire home/apt,4,1,2,1,0,8.702065761190445,78757,Apartment/Condo,0,1.25,1,22,0,1,0,0,1,1,0,1,0,1,1,1
649267768662583464,1141,Entire home/apt,4,1,1,1,0,1.0882371425349295,78701,Apartment/Condo,0,3.9166666666666665,1,0,0,1,1,0,1,0,0,0,0,0,0,1
883905166738559996,1316,Entire home/apt,15,5,8,3.5,0,19.987636026024312,78734,House,1,4.5,14,18,0,1,0,1,1,1,0,1,0,1,1,1
866883598621248150,110,Private room,2,1,1,1,0,7.982164423610465,78752,Hotel-like,0,3.25,92,1,0,1,1,0,1,1,1,0,0,1,1,1
32362636,2253.8300000000004,Entire home/apt,14,6,7,5.5,0,22.379812726248606,78734,House,0,8.833333333333334,1,2,0,1,1,1,1,1,1,1,0,1,1,1
932560652468320061,325,Entire home/apt,6,3,3,2,0,12.068296779413028,Other,House,1,10.166666666666666,1,3,0,2,1,1,1,1,0,1,0,1,0,1
747320246497696146,325.5,Entire home/apt,6,2,3,2,0,10.254972893757488,78757,Apartment/Condo,0,4.25,2,0,0,2,1,0,1,1,0,0,0,1,1,1
1590739930710763583,414,Entire home/apt,16,6,10,3.5,0,5.10435038218128,78741,House,1,4.833333333333333,4,6,0,2,1,1,1,1,0,1,0,0,1,1
1404344259807591357,292.33,Private room,4,1,2,1,0,0.8111015340881289,78701,Hotel-like,0,3,60,0,1,3,1,0,1,1,1,1,0,0,0,0
634825185868494516,724.75,Entire home/apt,10,4,5,3.5,0,13.901587912792092,78744,House,0,4.5,1,4,0,2,1,0,1,1,1,1,0,1,0,1
1168397951331123789,1883,Entire home/apt,16,6,9,7,0,9.253560456195345,78746,House,0,2,1,0,1,2,1,1,1,1,1,1,1,1,1,1
1370613813407069140,390,Entire home/apt,6,3,3,2,0,2.5686436703687123,78702,House,1,12.083333333333334,3,30,0,1,1,0,1,1,0,1,0,1,1,1
1085124378583909138,1627,Entire home/apt,16,5,10,3.5,0,5.8301816318909285,Other,House,1,8.666666666666666,12,1,0,3,1,1,1,1,0,1,0,1,0,1
1045071957750970572,167.5,Entire home/apt,4,1,1,1,0,5.386611400171655,78704,Apartment/Condo,1,3.6666666666666665,2,20,0,2,1,0,1,1,0,1,0,1,1,1
1605608658911379511,194,Entire home/apt,6,3,3,2,0,7.731299085072262,Other,House,0,0.3333333333333333,1,12,0,1,0,0,1,1,0,1,0,0,1,1
51923216,168.5,Entire home/apt,3,1,2,1,0,6.803678703132315,78723,Guesthouse/Guest suite,0,4.75,1,0,0,2,0,0,1,1,0,0,0,1,1,1
1656164668966676042,895.26,Entire home/apt,14,5,7,4.5,0,3.165391317966364,78702,House,0,0.16666666666666666,1,9,0,2,1,1,1,1,0,1,1,1,1,1
1092873768763484190,509.33,Entire home/apt,10,3,4,3.5,0,3.929169408861763,78704,House,0,3.5833333333333335,1,15,0,3,0,0,1,1,0,1,0,1,1,1
1488813559104459588,302,Entire home/apt,8,4,4,3.5,0,7.414538557402917,78723,House,0,1.5,3,40,0,1,0,0,1,1,0,1,0,1,0,0
714173244690754759,328,Private room,4,1,2,1,0,0.7704450056369456,78701,Hotel-like,0,3.6666666666666665,25,0,0,2,1,1,1,0,1,1,0,1,0,1
729776774841993246,308.5,Entire home/apt,8,4,4,2,0,7.561495180596356,78723,House,1,3.6666666666666665,1,6,0,2,0,0,1,1,0,1,0,1,0,1
4774398,600,Entire home/apt,16,5,15,2,0,6.17818244795805,Other,House,0,11.75,1,2,0,1,0,1,1,1,1,1,0,1,1,0
809364234808124672,152,Entire home/apt,3,1,2,1,0,2.121777717221652,78704,Apartment/Condo,0,0.16666666666666666,15,32,0,1,1,0,1,1,0,1,0,1,0,1
772463919036190764,160,Entire home/apt,3,1,1,1,0,2.920670861330979,78702,Unique/other,1,6.25,2,18,0,1,0,0,1,1,0,0,0,1,1,1
1684240161789589976,248.08,Entire home/apt,6,2,2,2,0,12.742010779381872,Other,Apartment/Condo,0,2.1666666666666665,19,0,1,1,1,0,1,1,0,1,0,1,1,0
17437940,369,Entire home/apt,10,4,8,3,0,1.5876327827958514,78702,House,1,9.083333333333334,7,50,0,2,0,0,1,1,0,1,1,1,0,1
27989668,220.5,Entire home/apt,2,1,1,1,0,2.6582087545634985,78704,Guesthouse/Guest suite,1,13.25,1,11,0,2,0,0,1,1,0,0,0,0,0,0
48933584,435,Entire home/apt,6,2,3,2,0,1.2001759253399567,78701,Apartment/Condo,0,9.833333333333334,28,208,0,1,1,0,1,0,1,1,1,1,1,1
866868988058877766,374.4,Private room,12,3,6,3,0,7.928942318938001,78752,Hotel-like,0,3.25,92,0,1,1,1,0,1,1,1,0,0,1,1,1
681608185472387734,201,Entire home/apt,4,1,2,1,0,1.6130436936182249,78703,Apartment/Condo,1,4.333333333333333,28,0,1,2,1,0,1,0,1,1,0,1,0,1
661786173786139509,380.67,Entire home/apt,2,2,1,1.5,0,2.2719086780822937,78703,House,0,3.1666666666666665,1,1,0,3,0,0,1,1,0,1,0,0,0,1
1614585860753139805,223,Entire home/apt,4,2,2,0,0,1.28401613581287,78701,Apartment/Condo,0,2.0833333333333335,42,0,1,1,1,0,1,0,1,1,0,0,1,1
1265306665193720579,262.5,Entire home/apt,4,2,2,2,0,7.484028124091389,78745,Apartment/Condo,0,4.833333333333333,3,7,0,2,1,0,1,1,1,1,0,0,1,1
1613270199088911395,297,Entire home/apt,4,2,2,1,0,6.164103969674463,78745,House,1,3.75,2,4,0,1,1,0,1,1,0,0,0,0,1,0
1428582,577,Entire home/apt,16,5,13,4.5,0,1.3083946351838611,78702,House,1,14.5,13,12,0,1,1,0,1,1,0,1,0,1,1,1
19473894,163,Entire home/apt,2,1,1,1,0,5.365628893600653,78704,Unique/other,0,10.916666666666666,1,3,0,2,0,0,1,1,0,1,0,0,0,0
1706770734383883482,221,Entire home/apt,8,4,4,1,0,2.8061823910690293,78722,House,0,0.5833333333333334,2,1,0,2,0,1,1,1,0,1,0,1,1,1
51635728,274,Entire home/apt,5,2,3,2.5,0,12.105777156427552,78758,Guesthouse/Guest suite,0,4.583333333333333,2,2,0,2,0,0,1,1,0,1,0,1,1,1
1547238947086404247,192,Entire home/apt,6,3,4,1.5,0,15.057351361050404,Other,House,1,6.833333333333333,14,7,0,2,0,0,1,1,0,1,0,1,1,1
1675161847844042010,412,Private room,4,1,2,1,0,0.7600903664273493,78701,House,0,0.5,3,0,1,1,1,0,1,1,1,1,0,0,0,0
1101561247311059405,235.67,Entire home/apt,5,3,4,2.5,0,7.142652009257687,78757,Guesthouse/Guest suite,1,2.25,1,17,0,2,0,0,1,1,0,1,0,1,0,1
1629834298825188521,342.35,Entire home/apt,6,3,4,2,0,18.970731424131344,Other,House,0,9.583333333333334,1,11,0,1,0,0,1,1,0,1,1,1,1,1
793686631847555875,257,Entire home/apt,2,1,1,2,0,6.995409848789017,78723,House,1,3.4166666666666665,1,21,0,1,0,1,1,1,1,1,0,1,0,1
1197298997547498118,384.33,Entire home/apt,5,3,2,2,0,11.264295806139442,78745,House,1,1.9166666666666665,1,10,0,1,1,0,1,1,0,1,0,1,0,1
1084062965551216317,168.5,Entire home/apt,3,1,1,1,0,1.9867308252628226,78702,House,1,2.3333333333333335,3,36,0,2,0,0,1,1,0,0,0,1,0,1
1108692582661534771,204,Entire home/apt,3,1,1,1,0,2.5567665937381765,78705,Guesthouse/Guest suite,1,7.666666666666667,1,32,0,1,0,0,1,1,0,1,0,0,1,1
1461065198470616027,926,Entire home/apt,16,6,22,8,0,2.944281417636835,78702,House,1,0.9166666666666666,1,17,0,1,0,0,1,1,0,0,0,1,1,1
738360534302471359,205.67,Entire home/apt,8,4,4,2,0,11.376213473760018,Other,House,1,6,1,13,0,3,0,0,1,1,0,1,0,0,1,0
1660483162210054897,158.07,Entire home/apt,4,2,2,2,0,8.366621140607506,78724,Apartment/Condo,0,7,67,0,1,2,0,0,1,0,0,1,0,1,1,0
990073134905344925,143,Entire home/apt,6,2,3,2,0,4.321543098288505,78741,House,1,2.75,1,34,0,1,0,0,1,1,0,1,0,1,0,1
1163210146138136868,535,Entire home/apt,7,3,4,2.5,0,3.563867469458482,78704,House,1,12.083333333333334,23,26,0,1,0,0,1,1,0,1,0,1,0,1
772819445591594618,70,Private room,2,1,1,1,1,4.404096750084906,78741,House,0,3.6666666666666665,4,34,0,1,0,0,1,1,0,0,0,1,0,1
586480243441939858,268.5,Entire home/apt,6,3,3,2,0,13.108448834727453,78758,House,1,6.833333333333333,2,9,0,2,0,0,1,1,0,1,0,1,0,1
1557277376686975077,82,Hotel/shared room,4,1,2,1,0,7.075412316498963,78744,Hotel-like,0,1,4,19,0,1,1,0,1,1,1,0,0,1,0,1
1353531321616290505,236.5,Entire home/apt,6,2,3,1,0,23.978778637587286,78734,Unique/other,1,3.9166666666666665,3,29,0,2,1,1,1,1,1,1,0,1,0,1
782612202115595371,221.5,Entire home/apt,4,1,2,1,0,1.9753024292964894,78701,Apartment/Condo,1,4,87,30,0,2,1,0,1,0,1,1,1,1,0,0
881285171992499319,559.3299999999999,Entire home/apt,6,3,7,2,0,3.833856898505796,78704,House,0,3.0833333333333335,1,1,0,3,0,0,1,1,0,1,0,1,1,0
1654879395131572456,278,Entire home/apt,4,2,2,2,0,16.134410422687232,Other,Apartment/Condo,0,0.16666666666666666,1,5,0,1,1,0,1,1,1,1,0,0,1,1
1625771304098475696,760,Entire home/apt,16,11,21,6,0,4.16730340270254,78702,House,1,4.083333333333333,12,3,0,1,1,1,1,1,0,1,1,1,0,1
23375683,485,Entire home/apt,4,2,2,2,0,2.387736619914497,78704,Guesthouse/Guest suite,0,9.416666666666666,1,4,0,2,0,0,1,1,0,1,0,1,0,1
955016309930550005,282.5,Entire home/apt,12,3,7,2.5,0,1.2233370679958318,78702,House,0,4.25,37,16,0,2,0,0,1,1,0,1,0,1,0,1
1167374736751012186,366,Entire home/apt,3,1,1,1,0,1.0541858880107573,78702,Apartment/Condo,1,2.3333333333333335,2,2,0,1,0,0,1,0,1,1,0,0,0,0
1460998451899246771,113,Private room,4,1,1,1,0,1.6634639855788846,78705,Apartment/Condo,1,0.9166666666666666,9,21,0,1,0,0,1,1,0,1,0,0,0,0
14927066,244.5,Entire home/apt,6,2,4,1,0,3.8269436699767287,78751,House,1,9.75,1,20,0,2,0,0,1,1,0,1,0,1,0,1
1049548733126309669,176,Entire home/apt,2,1,1,1,0,2.5236355062269933,78702,House,1,6.166666666666667,16,20,0,1,0,0,1,1,0,0,0,0,1,1
1472506905125008801,189,Entire home/apt,4,1,1,1,0,11.161507226819126,78757,Apartment/Condo,1,2.9166666666666665,3,15,0,2,1,0,1,1,1,1,1,1,0,1
46365249,211.2,Entire home/apt,8,2,3,2,0,6.0182713268156975,78704,House,0,5.75,9,18,0,1,0,0,1,1,0,1,1,1,1,1
1615264602271764788,1021.3299999999999,Entire home/apt,15,5,12,2,0,11.963507090254193,78758,House,1,8.5,5,9,0,3,1,0,1,1,0,1,0,0,0,1
1285655771219927165,322.39,Private room,4,1,2,1,0,0.8493462845703303,78701,Hotel-like,0,6.75,30,0,1,2,1,0,1,0,1,1,0,1,0,1
1031604486004704917,135.5,Entire home/apt,2,1,1,1,0,14.349792539186527,Other,Unique/other,0,14.75,1,5,0,2,0,0,1,1,0,0,0,1,0,0
1450839361687498218,588.6700000000001,Entire home/apt,6,3,4,2,0,12.157675408704032,Other,House,0,3.1666666666666665,1,1,0,3,0,0,1,1,0,1,0,0,1,0
48058950,192,Entire home/apt,10,3,6,2,0,10.1388027731117,78745,House,1,5.333333333333333,3,40,0,1,0,0,1,1,0,1,0,1,1,1
1574847108120867197,2491.54,Entire home/apt,16,12,15,7.5,0,3.1326098302958094,78704,House,1,4.5,178,0,1,2,1,1,1,1,0,1,0,1,1,1
1387063431944649327,342,Entire home/apt,6,3,3,2,0,5.000037777395258,78721,House,1,1.1666666666666667,1,8,0,1,0,0,1,1,0,1,0,0,0,0
664571298028934726,421,Entire home/apt,6,1,3,1,0,2.0349013485844387,78701,Apartment/Condo,0,3.9166666666666665,1,25,0,1,1,0,1,0,1,1,1,1,1,1
39913412,43,Hotel/shared room,1,1,1,0,1,0.8068636085050331,78701,Hotel-like,0,6.583333333333333,10,4,0,1,0,0,1,0,0,1,0,0,0,1
1242249902119444871,183,Entire home/apt,3,1,2,2,0,7.348337608884545,78752,Apartment/Condo,0,1.75,1,3,0,1,1,0,1,1,0,1,0,0,0,1
1331330451678112637,131.5,Entire home/apt,2,1,1,1,0,19.798404822138608,78737,Apartment/Condo,0,1.75,1,36,0,2,0,0,1,1,0,1,0,0,1,1
726964744773857413,319,Entire home/apt,6,3,4,2,0,2.3634538290538796,78702,House,1,3.6666666666666665,1,32,0,2,1,0,1,1,0,1,0,0,0,1
708733177511993095,220.5,Entire home/apt,8,3,5,2,0,4.946316560736,78741,House,1,7.75,7,22,0,1,0,0,1,1,0,1,0,1,1,1
1340053481580149790,345.33,Entire home/apt,10,4,8,2,0,3.3422403852582034,78702,House,1,14.25,1,17,0,3,0,0,1,1,0,1,0,1,1,1
1627993970732450776,141,Entire home/apt,3,1,1,1,0,8.254707631339624,78757,Apartment/Condo,1,2.75,7,5,0,1,0,0,1,1,0,1,0,0,1,0
1682962104301256265,220.48000000000002,Entire home/apt,6,2,3,2,0,20.771790808229856,78729,House,0,1.6666666666666665,17,0,1,2,0,0,1,1,1,1,0,0,1,1
608847362724575089,192.29,Entire home/apt,4,2,2,1.5,0,3.437825066429613,78704,Apartment/Condo,0,6.5,3,31,0,2,0,0,1,1,0,1,0,1,1,1
1669592728220876797,604,Hotel/shared room,2,1,1,1,0,1.9756706334360723,78704,Hotel-like,0,0.16666666666666666,47,0,1,1,1,0,1,0,1,0,1,1,1,1
1627761856251783423,1968,Entire home/apt,16,12,12,12,0,2.1939077739541974,78702,Apartment/Condo,0,9.833333333333334,28,0,1,1,0,0,1,0,1,1,0,1,1,1
1458845264513742920,268.18,Entire home/apt,10,2,4,2,0,4.797421799873431,78741,Apartment/Condo,1,1.0833333333333333,3,24,0,1,1,0,1,1,1,1,0,1,1,1
844958678654237533,461.5,Entire home/apt,8,3,4,3,0,1.6130436936182249,78703,Hotel-like,1,3.6666666666666665,30,0,1,2,1,0,1,0,1,1,0,1,0,1
1192216265194024460,169.7,Entire home/apt,4,1,2,1,0,13.337805327700728,Other,Apartment/Condo,0,4,38,6,0,1,1,0,1,1,1,1,0,1,1,1
1635881122368268239,336,Entire home/apt,4,2,2,2.5,0,5.704645673306765,78704,House,0,1.6666666666666665,1,2,0,2,0,0,1,1,0,1,0,1,0,1
817346486310857868,147.5,Entire home/apt,3,1,1,1,0,10.8974021421611,78744,Apartment/Condo,0,4.583333333333333,1,1,0,2,1,1,1,1,1,1,1,0,0,1
1576388747481722761,924,Entire home/apt,8,4,4,3.5,0,4.692607108635226,78704,House,0,9.916666666666666,1,0,1,1,1,1,1,1,0,1,0,1,0,0
1639229244764644250,113.71000000000001,Entire home/apt,3,1,1,1,0,8.783516148414153,78744,Apartment/Condo,0,10.916666666666666,1,3,0,7,0,0,1,1,0,1,0,1,1,1
973880639251865473,169.47,Entire home/apt,6,3,3,2,0,5.284975882077887,78723,House,1,11.416666666666666,3,45,0,1,0,0,1,1,0,1,0,1,0,1
981262405658995112,288,Entire home/apt,16,5,8,3,0,7.391271049927351,78723,House,1,2.75,12,69,0,1,1,0,1,1,0,1,0,1,0,1
49920123,155.46,Entire home/apt,6,3,3,1,0,5.941070733159048,78721,House,1,4.5,2,3,0,5,0,0,1,1,0,1,0,1,1,1
1487036095498278986,130.5,Entire home/apt,3,1,1,1,0,0.7564175215687363,78701,Apartment/Condo,1,7.333333333333333,3,75,0,2,0,0,1,0,0,1,0,1,0,1
1226264737887025811,132,Entire home/apt,5,2,3,2,0,7.886891741959684,78723,Apartment/Condo,0,6.833333333333333,43,38,0,1,1,0,1,1,1,1,0,1,0,1
1259518015082615951,360.16,Entire home/apt,12,4,5,2,0,6.650870604013058,78723,House,1,3.5833333333333335,5,55,0,1,1,1,1,1,0,1,0,1,1,1
1493833452373251086,183,Entire home/apt,6,3,3,1,0,7.3327504947390665,78741,House,1,0.75,1,29,0,1,0,0,1,1,0,1,0,0,1,1
1006542293879435569,531,Entire home/apt,8,3,4,2,0,14.340120124599238,Other,House,1,10.333333333333334,12,12,0,1,0,0,1,1,0,1,0,1,1,1
18172832,625.5,Entire home/apt,8,4,4,4,0,3.158025554640275,78704,House,0,9.25,47,13,0,2,0,0,1,1,0,1,0,1,0,1
969040275703008216,324,Entire home/apt,8,3,3,2,0,9.380804642658516,78745,House,1,4.75,2,62,0,2,1,0,1,1,0,1,0,1,0,1
1176129733909251866,126,Hotel/shared room,6,1,2,1,0,16.28896597730359,78753,Hotel-like,0,3.4166666666666665,23,4,0,1,1,0,1,1,1,0,0,1,1,1
1186390478937732477,451,Entire home/apt,10,5,6,2,0,4.705922771746197,78721,House,1,3.6666666666666665,2,13,0,2,0,0,1,1,0,1,0,1,0,1
1559026684575810969,178,Entire home/apt,4,1,2,1,0,4.404635108482088,78751,Apartment/Condo,1,0.8333333333333334,2,16,0,1,0,0,1,1,0,1,0,1,1,1
1247387525878852313,160,Entire home/apt,2,1,1,1,0,3.4682573634806637,78722,Guesthouse/Guest suite,1,1.75,1,16,0,2,0,0,1,1,0,1,0,1,1,1
1112396943940730642,241.5,Entire home/apt,6,3,7,1,0,7.75386848515545,78752,House,1,9.666666666666666,2,3,0,2,0,0,1,1,0,1,0,0,1,1
1011114750847181881,142,Private room,2,1,1,1,0,4.5002546483135575,78704,Guesthouse/Guest suite,1,4.5,3,28,0,2,0,0,1,1,0,0,0,0,0,1
38098824,1309.5,Entire home/apt,16,8,12,6.5,0,3.635496880068195,78702,House,1,6.75,5,18,0,2,1,0,1,1,0,1,0,1,0,1
53028832,1023.3299999999999,Entire home/apt,6,3,3,2.5,0,3.430428484596319,78702,House,0,7,1,0,0,3,1,1,1,1,0,1,0,1,0,1
1366281908035688925,276.5,Entire home/apt,4,2,2,1,0,1.9411638705893748,78702,House,1,6.833333333333333,4,22,0,2,0,0,1,1,0,1,0,0,0,1
1673636511405640387,1673,Entire home/apt,12,4,9,3.5,0,10.298978424963604,Other,House,1,12,17,0,1,1,0,0,1,1,0,1,0,0,1,1
1402222783928950259,164,Entire home/apt,4,1,1,1,0,17.68639250643415,Other,Apartment/Condo,1,4.666666666666667,2,12,0,2,1,0,1,1,1,1,0,1,1,1
1444490655905899932,1598,Entire home/apt,13,4,9,3.5,0,22.353055304077532,78734,House,0,1.6666666666666665,1,2,0,1,1,0,1,1,0,1,0,1,1,1
18895377,360,Entire home/apt,4,2,2,1,0,3.8893598415034725,78702,Unique/other,1,9,2,17,0,1,0,0,1,0,0,1,0,1,0,1
1558747892611786021,168.41,Entire home/apt,3,1,1,1,0,4.424298889203526,78741,Apartment/Condo,0,1.3333333333333333,10,1,0,1,1,0,1,1,1,1,0,1,0,0
1512036968253952250,239.65,Entire home/apt,5,2,3,2,0,1.9123227023051015,78705,Apartment/Condo,0,9.333333333333334,47,8,0,1,0,0,1,0,0,0,0,0,0,0
1475727368813439468,271,Entire home/apt,6,3,3,1,0,1.803255444474281,78702,House,1,0.75,1,19,0,2,0,0,1,1,0,1,0,1,0,1
1100143852798330657,729,Entire home/apt,16,7,12,5.5,0,5.705085762022339,78741,House,1,8.25,4,3,0,1,1,1,1,1,1,1,0,1,1,0
1214637925517165806,313,Entire home/apt,14,3,9,2,0,2.2123912085150415,78702,House,1,7.833333333333333,27,42,0,1,1,0,1,1,0,1,0,1,1,1
26150600,145.69,Entire home/apt,3,1,2,1,0,7.621743456859799,78757,Guesthouse/Guest suite,1,10.25,1,27,0,2,0,0,1,1,0,1,0,0,0,1
30905012,995,Entire home/apt,10,4,5,2,0,5.4248103966397165,78721,House,0,12.166666666666666,2,0,0,3,0,0,1,1,0,1,0,0,1,1
27524298,1170,Entire home/apt,4,2,2,2,0,2.7232375543425915,78704,Guesthouse/Guest suite,0,7.75,1,2,0,2,1,0,1,1,0,1,0,0,0,0
1151493057279489574,565,Entire home/apt,4,4,4,3,0,15.070697864942758,78744,House,1,12.583333333333334,1,1,0,1,0,0,1,1,0,1,0,1,0,0
621588302926404138,223.67,Entire home/apt,6,3,3,2,0,24.443340768450767,78734,House,1,4.083333333333333,1,48,0,1,1,0,1,1,0,1,0,1,1,1
1528296057230286297,212,Entire home/apt,4,2,2,1,0,2.0796836167848696,78705,Apartment/Condo,0,6.916666666666667,25,12,0,1,1,0,1,1,0,0,0,0,0,0
1449566637049041332,171.5,Entire home/apt,6,2,3,1,0,24.188201393731365,78734,Unique/other,1,3.5833333333333335,2,38,0,2,1,1,1,1,0,0,0,1,1,1
1597375620708493489,219.6,Entire home/apt,4,2,2,2,0,5.814131142402317,78704,Apartment/Condo,1,4.5,178,0,1,1,1,0,1,0,0,1,0,0,1,1
650296572294851004,297,Entire home/apt,4,1,1,1,0,0.6317244228333442,78701,Apartment/Condo,1,6.5,2,0,0,2,1,0,1,0,1,1,0,0,0,1
648763414809946168,409,Entire home/apt,10,4,4,3,0,6.803252908307168,78723,House,1,10.666666666666666,10,24,0,2,0,0,1,1,0,1,0,1,0,1
1295002356797999567,214.65,Private room,4,1,2,1,0,19.123293820033325,Other,Hotel-like,0,3.25,92,0,1,1,1,0,1,1,1,0,0,1,1,1
1598734875705746325,218,Entire home/apt,3,1,2,1,0,21.161849948560654,78734,Unique/other,0,2.5833333333333335,1,4,0,3,1,0,1,1,0,0,0,1,1,1
26107354,58,Private room,2,1,1,1,0,10.245628116186419,78757,House,1,8,1,57,0,1,0,0,1,1,0,0,0,1,0,0
1297919471017430468,601.5,Entire home/apt,16,4,9,2.5,0,10.32903102123916,78758,House,1,3.1666666666666665,2,34,0,1,1,1,1,1,0,1,0,1,0,1
1628563068472636367,234.5,Entire home/apt,10,4,4,2,0,4.60594873175394,78704,House,0,2.0833333333333335,2,6,0,1,0,0,1,0,0,1,0,1,0,1
1489249545177979798,235,Entire home/apt,6,3,3,2,0,1.6616310161005374,78702,House,1,0.75,1,35,0,2,0,0,1,1,0,1,0,1,1,1
48185394,211.67,Entire home/apt,4,2,2,1,0,5.077230026926692,78741,House,1,5.666666666666667,1,37,0,3,0,0,1,1,0,1,0,1,1,1
1614089877516167096,113,Entire home/apt,2,1,1,1,0,9.244421043061049,78744,House,1,10.25,2,38,0,1,0,0,1,1,0,0,0,1,0,1
1522435477583867048,456.67,Entire home/apt,5,3,3,2,0,9.839840021620706,78745,House,0,0.6666666666666666,1,0,1,3,0,0,1,1,0,1,0,1,1,0
1267525021707221378,214.5,Entire home/apt,6,3,3,2.5,0,17.078714286783956,Other,House,1,3.25,1,16,0,1,0,0,1,1,0,1,0,1,1,1
681608405655291411,246,Entire home/apt,6,2,3,2,0,0.7542600020707663,78701,Apartment/Condo,1,4.333333333333333,28,0,0,2,1,0,1,0,1,1,0,1,0,1
1349472762374294402,827.6700000000001,Entire home/apt,8,3,4,2.5,0,5.707491789870253,78704,House,1,10.416666666666666,1,4,0,3,1,1,1,1,0,1,0,1,1,1
1539409412095061137,181,Entire home/apt,6,3,3,2,0,16.45161543611602,Other,House,0,8.666666666666666,1,11,0,2,0,0,1,1,0,1,0,1,1,1
5482391,1740.5,Entire home/apt,10,5,5,3.5,0,3.8953236474651143,78703,House,0,11.25,1,3,0,2,0,0,1,1,0,1,0,1,1,1
994230127433908210,1535,Entire home/apt,16,6,19,6,0,13.128509681280017,Other,House,0,3.9166666666666665,48,0,0,2,1,0,1,1,0,1,0,0,1,0
1550069039475327304,167,Entire home/apt,2,1,1,1,0,5.753577243331061,78704,Apartment/Condo,1,7.166666666666667,4,50,0,1,0,0,1,1,0,1,1,0,1,1
1700193859486042230,253.5,Entire home/apt,6,2,4,2,0,4.248206331777742,78704,House,0,0.8333333333333334,7,0,1,2,1,0,1,1,0,1,0,0,1,1
1615472508272216354,274,Entire home/apt,2,1,1,0,0,1.3604601322776668,78701,Apartment/Condo,0,2.0833333333333335,42,0,1,1,1,0,1,0,1,1,0,0,1,1
1028944951631506824,291.22999999999996,Entire home/apt,4,1,2,1,0,0.6310545491027613,78701,Apartment/Condo,1,10.333333333333334,3,1,0,2,1,1,1,0,0,1,0,1,0,0
1117440876747445412,600,Entire home/apt,6,3,3,2,0,2.3888334636490747,78702,House,0,10.916666666666666,40,13,0,1,0,0,1,1,0,1,0,1,0,0
1423364099035241280,442.78,Entire home/apt,8,4,4,2,0,13.240500547657012,78758,House,1,2.8333333333333335,3,0,1,1,0,0,1,1,0,1,0,1,1,1
833211660957921661,447,Entire home/apt,8,5,5,2,0,2.3066138313253486,78702,House,0,3.25,1,9,0,2,1,0,1,1,0,1,0,1,0,1
1676201900846597799,289,Entire home/apt,6,2,3,1,0,9.438965709692429,78745,Guesthouse/Guest suite,0,0.08333333333333333,1,2,0,1,0,0,1,1,0,1,0,1,0,1
51265841,2396.67,Entire home/apt,10,5,6,3.5,0,4.4672143564290305,78703,House,0,4.75,1,1,0,3,1,1,1,1,0,1,0,1,1,1
668070118146818055,249,Entire home/apt,1,1,1,1,0,3.540076238265838,78751,House,0,3.9166666666666665,1,2,0,1,0,0,1,1,0,1,0,1,0,0
1635140894660403756,139,Entire home/apt,4,1,1,1,0,4.332890654995681,78751,Apartment/Condo,0,0.16666666666666666,1,7,0,1,0,0,1,1,0,0,0,1,1,1
1697850144770034939,81,Entire home/apt,2,1,1,1,0,14.003508809261549,78758,Apartment/Condo,0,0,1,0,1,1,1,0,1,1,0,1,0,1,1,0
1218036521608929948,1689.33,Entire home/apt,8,4,4,4,0,3.3226899397650134,78703,House,0,7.75,1,1,0,2,1,0,1,1,0,1,0,1,0,1
1617899485736108581,437.5,Entire home/apt,5,2,2,2,0,1.612480775675361,78701,Apartment/Condo,0,0.25,1,1,0,2,1,0,1,1,1,1,1,1,0,1
1607420449313086826,128,Entire home/apt,3,1,1,1,0,1.5796132949233608,78701,Apartment/Condo,0,0.3333333333333333,1,2,0,1,1,0,1,0,1,1,0,1,0,1
1513711837788332654,949.5,Entire home/apt,6,3,3,3,0,2.8234053343238332,78704,House,1,10.333333333333334,41,17,0,1,1,0,1,1,0,1,0,0,0,1
48900387,814,Entire home/apt,16,9,14,4.5,0,1.7241730353168456,78702,House,1,9.5,8,20,0,1,1,0,1,1,0,1,0,1,0,1
1470544578911837890,382.5,Entire home/apt,7,3,3,2,0,5.590839864201058,78704,House,1,3.5,4,15,0,2,1,0,1,1,0,1,0,1,1,1
701592446254142925,533,Entire home/apt,12,3,7,3,0,5.040688525016189,78704,House,1,3.75,4,20,0,1,0,0,1,1,0,1,0,0,0,1
1632776147695965497,1864,Entire home/apt,12,6,7,5.5,0,2.0529216276883044,78705,House,0,6.5,5,2,0,1,1,0,1,1,0,1,0,1,0,1
952864123860907130,241,Entire home/apt,6,2,3,1,0,3.0293972709394215,78702,House,0,2.8333333333333335,1,23,0,1,1,0,1,1,0,1,0,0,1,1
1235013323404717034,135.67,Entire home/apt,3,1,2,1,0,1.3021310794208447,78702,Guesthouse/Guest suite,1,1.75,1,11,0,6,0,0,1,1,0,1,0,0,0,0
1579372906507495686,290.2,Entire home/apt,4,2,2,2,0,9.11497794398995,78724,House,0,3.9166666666666665,2,7,0,1,0,0,1,1,0,1,0,1,1,1
1113780855628932669,157,Entire home/apt,4,2,2,2,0,4.605761007769635,78741,Apartment/Condo,0,3.9166666666666665,16,14,0,2,1,0,1,1,1,1,1,1,1,1
700701285280163421,1527.74,Entire home/apt,16,5,14,4,0,23.25621901371716,Other,House,1,4.833333333333333,4,39,0,1,1,1,1,1,0,1,0,1,0,1
1178972091033472918,195,Entire home/apt,4,1,2,1,0,19.169367738248425,Other,House,1,11.083333333333334,23,46,0,1,0,0,1,1,0,0,0,1,0,1
1485571125182264505,113,Private room,3,1,2,1,0,19.640404776907662,78729,Hotel-like,1,1.5,5,6,0,1,1,0,1,1,0,0,0,0,0,1
1481088476103059206,212.75,Entire home/apt,8,2,3,1.5,0,5.823464865704068,78704,House,1,3,24,3,0,2,0,0,1,1,0,1,0,1,0,0
903521439188119734,330.32,Entire home/apt,14,4,9,2,0,4.260393958463851,78702,House,0,11.333333333333334,18,10,0,3,0,0,1,1,0,1,0,1,0,1
1409552823688594344,182.67,Entire home/apt,5,2,3,1,0,25.72835007526739,78737,House,0,6.416666666666667,1,14,0,3,0,0,1,1,0,1,0,1,0,0
1663287241624385156,237.55,Entire home/apt,4,2,2,1.5,0,8.051794112938236,Other,Apartment/Condo,1,4,1,4,0,2,1,0,1,1,0,1,0,0,0,0
1425578025963065975,213,Entire home/apt,3,1,1,1,0,14.236900711337729,78758,Apartment/Condo,1,1.0833333333333333,2,39,0,1,1,0,1,1,1,1,1,1,0,1
1641787110976296663,67.5,Private room,2,1,1,1,0,14.554680457161584,78744,House,1,0.4166666666666667,4,5,0,2,0,0,1,1,0,0,0,1,0,1
48211944,379.44,Entire home/apt,8,4,4,2,0,19.087665190412302,Other,House,0,5.333333333333333,1,12,0,2,0,0,1,1,0,1,0,1,0,1
693690402505252838,110,Entire home/apt,2,1,1,1,0,11.39318865575807,78753,Guesthouse/Guest suite,1,3.8333333333333335,2,30,0,2,0,0,1,1,0,0,0,0,0,1
1637750423320930941,582.3299999999999,Entire home/apt,6,4,4,2.5,0,6.1297845985951325,78746,House,1,1.8333333333333335,36,5,0,2,1,0,1,1,0,1,0,1,0,0
31544027,156.33,Entire home/apt,4,2,2,1,0,22.42111657047191,78734,House,1,8.25,5,0,0,3,0,0,1,1,0,1,0,0,1,1
1660111714178928833,277.5,Entire home/apt,8,4,4,3.5,0,7.126524042959525,78723,House,0,10.583333333333334,2,9,0,2,0,0,1,1,0,1,0,1,0,1
1387682205044275761,815,Entire home/apt,8,4,5,2,0,4.891902441161307,78704,House,1,1.1666666666666667,1,15,0,2,1,1,1,1,0,1,0,1,0,1
1705294529651028357,435.92999999999995,Entire home/apt,12,4,6,3,0,5.874130789496725,78704,House,1,2.9166666666666665,6,0,1,2,0,0,1,1,0,1,0,1,1,1
981981129828769822,195.56,Entire home/apt,5,1,4,2,0,24.02841576692456,78734,House,1,2.75,3,14,0,2,0,0,1,1,0,1,0,1,1,1
1656730831851973531,337.5,Entire home/apt,6,3,3,2,0,5.699391085104001,Other,House,0,0.16666666666666666,1,1,0,2,0,0,1,1,0,0,0,1,0,0
888505187979008030,270,Entire home/apt,6,3,3,2,0,2.700023125863912,78702,House,1,9.333333333333334,4,34,0,1,0,0,1,1,0,1,0,1,0,1
777481397612323371,247,Entire home/apt,4,1,1,1,0,14.072802363975415,78744,House,0,3.5833333333333335,8,0,1,3,1,1,1,1,0,1,1,1,1,1
1355260263554048381,290,Entire home/apt,4,1,2,1,0,1.957723378077325,78701,Apartment/Condo,1,8.833333333333334,38,10,0,1,1,0,1,0,1,1,1,1,1,1
1464893306721814386,137,Entire home/apt,4,2,2,1,0,7.487138826272599,78745,House,1,3.5,1,14,0,2,0,0,1,1,0,1,0,0,0,1
1602471946109814221,199.70999999999998,Entire home/apt,4,2,2,2,0,2.293729401771475,78702,House,1,5.833333333333333,12,15,0,1,0,0,1,1,0,0,0,1,0,1
968781887097748151,570,Private room,2,1,1,1,0,0.7892403853216167,78701,Hotel-like,0,2.75,3,0,0,1,1,0,1,0,1,1,0,1,1,1
926502068591738988,677,Private room,6,2,3,1,0,0.8934293624475549,78701,Hotel-like,1,3,7,0,1,2,1,1,1,1,0,0,0,1,0,1
574080291807655228,370,Entire home/apt,7,3,3,2,0,14.63015528377976,78724,House,1,4.25,1,6,0,2,0,0,1,1,0,1,0,1,1,1
828590376619746962,249,Entire home/apt,6,2,2,1,0,10.013797796964198,78744,House,1,3.6666666666666665,5,13,0,2,0,0,1,1,0,1,0,1,0,1
7531639,177,Entire home/apt,4,1,1,1,0,15.124371380887705,78758,Apartment/Condo,0,10.833333333333334,1,48,0,1,1,1,1,1,0,1,0,1,0,1
1046518385108710156,380.33,Entire home/apt,7,2,4,2,0,24.680762795958096,78734,House,1,2.5,1,3,0,3,0,0,1,1,0,1,1,1,1,1
1227692874900046468,127,Entire home/apt,2,1,1,1,0,12.612045140922021,Other,Guesthouse/Guest suite,1,1.8333333333333335,2,33,0,1,0,0,1,1,0,0,0,1,1,0
974696826469181909,543.5,Entire home/apt,12,3,9,3,0,23.586935954788416,78737,House,1,4.416666666666667,3,27,0,2,0,1,1,1,0,1,0,0,1,1
996395801467959027,233.94,Entire home/apt,2,1,1,1,0,4.4429209040075275,78704,House,1,2.6666666666666665,1,27,0,1,0,0,1,1,0,1,0,0,0,1
576290806062275448,201.60999999999999,Entire home/apt,2,1,1,1,0,3.5129535230238615,78704,House,1,13.583333333333334,1,4,0,1,0,0,1,1,0,1,0,0,0,1
1013958669341145268,436.48999999999995,Entire home/apt,10,5,5,3,0,17.037376102875246,Other,House,1,2.5833333333333335,10,4,0,1,0,0,1,1,0,1,1,1,1,1
1598584000830692815,211,Entire home/apt,4,2,2,2,0,5.814131142402317,78704,House,1,4.5,178,3,0,1,1,0,1,0,0,1,0,0,1,1
1190705934656861404,125.66999999999999,Entire home/apt,4,2,2,1,0,10.376720536440116,78745,House,1,4.166666666666667,1,9,0,2,0,0,1,1,0,0,0,1,0,1
1692426949168622366,184,Entire home/apt,4,2,2,2,0,5.534319338332211,78721,House,1,0.8333333333333334,2,0,1,1,0,0,1,1,0,1,0,1,0,1
49294082,280,Entire home/apt,4,2,2,1,0,3.748181442450822,78722,Guesthouse/Guest suite,0,5.083333333333333,1,4,0,1,0,0,1,1,0,0,0,1,0,1
1675595705375738419,127,Entire home/apt,3,1,1,1,0,0.9239087136210891,78701,Apartment/Condo,0,0,1,0,1,1,1,0,1,0,0,1,0,0,0,1
28003194,165,Entire home/apt,6,2,3,2,0,4.715756884959127,78741,Apartment/Condo,0,9.333333333333334,2,10,0,1,1,0,1,1,0,0,0,1,0,1
1638760843501542728,90.5,Private room,2,1,1,1,1,7.22130094719837,78745,House,0,0.25,3,1,0,2,0,0,1,1,0,1,0,1,0,1
1252825354388763113,325,Entire home/apt,16,6,9,3,0,5.399656343989637,78702,House,1,4.166666666666667,20,68,0,1,1,0,1,1,0,1,1,1,0,1
15942648,146.67,Entire home/apt,4,1,2,1,0,1.6077544983349261,78703,Apartment/Condo,1,9.583333333333334,1,15,0,1,0,0,1,1,0,1,0,1,0,1
54346192,371,Entire home/apt,6,2,3,2,0,4.385726469343349,78741,House,0,4.333333333333333,2,20,0,1,0,0,1,1,0,1,0,1,1,1
1364143306191570801,269,Entire home/apt,6,3,3,2,0,15.488907762463858,Other,House,1,1.1666666666666667,1,26,0,1,0,0,1,1,0,1,0,1,0,1
1529796024175023924,63,Private room,2,1,1,1.5,1,15.000867022695742,78724,House,0,3.9166666666666665,5,0,1,3,0,0,1,1,0,1,0,1,0,0
22471766,149,Entire home/apt,3,1,1,1,0,0.772899646990892,78701,Apartment/Condo,0,8.916666666666666,5,34,0,1,0,0,1,1,0,1,0,0,1,1
50975065,193.5,Entire home/apt,4,2,3,1,0,20.438275614077437,78734,House,1,4.916666666666667,1,35,0,2,0,0,1,1,0,1,0,1,1,1
827401424424630930,338,Entire home/apt,5,1,4,1,0,6.795159962078186,Other,Guesthouse/Guest suite,1,7,2,0,0,2,0,0,1,1,0,1,0,0,0,1
1549394451595432538,252,Entire home/apt,3,1,1,1,0,15.462726670884036,78753,Apartment/Condo,0,6.916666666666667,1,1,0,1,1,0,1,1,0,1,0,1,0,0
822468235246078364,912,Entire home/apt,7,3,4,2.5,0,3.1572505916542553,78704,House,1,6.25,1,24,0,2,0,0,1,1,0,1,0,1,1,1
1169905749088376191,245.35000000000002,Entire home/apt,2,1,1,1,0,14.219240786283873,78758,Apartment/Condo,1,2,1,13,0,1,1,0,1,1,1,1,1,1,0,1
21267121,392,Entire home/apt,6,2,3,2,0,0.7544355295826735,78701,Apartment/Condo,1,12.416666666666666,10,0,0,1,1,0,1,0,1,1,0,0,0,1
904354,793.5,Entire home/apt,16,5,13,3,0,2.414676148802113,78702,House,1,14.333333333333334,1,13,0,2,1,0,1,1,0,1,0,1,1,1
51921121,199,Entire home/apt,12,4,8,2,0,4.963252953396299,78721,House,1,9.5,8,86,0,1,0,0,1,1,0,1,0,1,0,1
1105940359791569022,69,Private room,1,1,1,1.5,0,5.090848166391541,78723,House,0,2.25,1,41,0,1,0,0,1,1,0,1,0,1,0,0
43046327,269,Entire home/apt,9,2,5,2.5,0,1.86328022900439,78702,House,0,9.583333333333334,3,31,0,1,0,0,1,1,0,1,0,1,1,1
54376743,173.53,Entire home/apt,9,3,3,2,0,7.789572555933234,78757,Apartment/Condo,0,4.916666666666667,5,1,0,1,1,0,1,1,1,1,0,1,1,1
829012053562369962,131.5,Entire home/apt,3,1,2,1,0,7.242691032742783,78752,Guesthouse/Guest suite,1,3.25,1,22,0,2,0,0,1,1,0,0,0,1,0,1
1550150630348428575,137,Entire home/apt,5,1,3,1,0,3.740891040421171,78702,House,1,8,1,73,0,1,0,0,1,1,0,1,0,0,0,1
1605241689082503768,1796.33,Entire home/apt,16,9,15,6,0,2.1938210460549863,78702,House,0,0.3333333333333333,1,9,0,3,1,0,1,1,0,1,0,1,0,1
1300314268581243284,354.13,Entire home/apt,9,4,6,3,0,1.9699574668970632,78702,House,1,1.5,4,62,0,1,0,0,1,0,0,1,0,1,0,0
1336395322505490880,161.5,Entire home/apt,2,1,1,1,0,10.261105526856992,78724,Unique/other,1,14.166666666666666,9,8,0,2,1,1,1,1,0,1,0,0,0,1
1230075366107921129,1225.6299999999999,Entire home/apt,15,4,18,3.5,0,25.188739140542257,78734,House,0,5,1,11,0,2,1,1,1,1,0,1,0,1,0,1
1395034699306672900,292.5,Entire home/apt,3,1,2,1,0,6.6666562146046,78757,Apartment/Condo,1,3.5833333333333335,9,13,0,2,0,0,1,1,0,1,0,0,1,1
964810506500269958,271,Entire home/apt,4,2,3,1.5,0,5.228313072710193,78704,House,1,3.75,4,4,0,3,0,0,1,1,0,1,0,1,0,1
1323477324100887109,273,Entire home/apt,4,1,2,1,0,2.03143302960848,78701,Apartment/Condo,1,3.8333333333333335,2,39,0,1,1,0,1,0,0,1,0,1,1,1
669753083519656188,545,Entire home/apt,10,2,7,2,0,1.5067282899192784,78701,Apartment/Condo,1,3.9166666666666665,2,27,0,1,1,0,1,0,1,1,0,1,1,1
928215727974891041,348.5,Entire home/apt,8,3,4,2,0,18.2336747275496,Other,House,1,6.333333333333333,3,3,0,2,0,0,1,1,0,1,0,1,0,1
558150099491731300,423,Entire home/apt,10,4,6,2,0,2.572446830471192,78702,House,1,9.416666666666666,1,24,0,1,0,1,1,1,0,1,1,1,1,0
903821937404103339,274,Entire home/apt,2,1,1,1,0,23.305982580012415,Other,Guesthouse/Guest suite,1,5.166666666666667,2,53,0,1,0,0,1,1,0,1,0,1,0,1
1624755447693651007,378,Entire home/apt,12,4,6,2,0,10.292124590817398,78745,House,0,0.25,1,13,0,1,1,0,1,1,0,1,0,1,1,1
25454542,392,Entire home/apt,6,2,3,2,0,0.7281578093070332,78701,Apartment/Condo,1,12.416666666666666,10,0,0,1,1,0,1,0,1,1,0,0,0,1
1531400800504646348,155,Entire home/apt,2,1,1,1,0,12.54640144828543,Other,Unique/other,1,11.5,1,13,0,1,1,0,1,1,0,0,0,1,0,1
1448452292579898991,308,Entire home/apt,10,4,5,2,0,9.379469708632458,78745,House,1,1.25,7,11,0,2,0,0,1,1,0,1,0,1,1,1
51866436,187,Entire home/apt,2,1,1,1,0,8.16100239334568,78757,Guesthouse/Guest suite,1,4.75,3,36,0,1,0,0,1,1,0,1,1,1,0,1
1270287843349220909,237.5,Entire home/apt,2,1,1,1,0,4.592210951177967,Other,House,1,1.5833333333333335,2,10,0,2,0,0,1,1,0,1,0,0,1,0
758175077847336639,201.6,Entire home/apt,8,4,4,3,0,15.184086027363323,78724,House,1,4.666666666666667,3,5,0,7,0,0,1,1,1,1,0,1,0,1
1619977629567905935,1165,Entire home/apt,16,11,11,11,0,4.665017190827793,78704,House,1,4.5,178,0,1,1,1,0,1,0,0,0,0,0,1,1
1210878610994337530,310,Entire home/apt,7,3,4,2,0,9.063766110473772,78744,House,1,3.5833333333333335,9,22,0,2,0,0,1,1,0,1,0,1,1,1
20786738,140.36,Entire home/apt,3,1,1,1,0,1.4005890252839182,78702,House,1,9.416666666666666,5,55,0,1,0,0,1,1,0,0,0,0,1,1
1654368393104571361,152.8,Entire home/apt,2,1,1,1,0,5.814131142402317,78704,Apartment/Condo,1,4.5,178,0,1,1,1,0,1,0,0,1,0,0,1,1
887136921023671686,616.7,Entire home/apt,16,6,11,3,0,1.956476839125924,78702,House,1,3.9166666666666665,4,15,0,1,1,0,1,1,0,1,0,1,1,1
23596047,424.8,Entire home/apt,15,4,10,2,0,1.1577061214054376,78703,House,0,11.333333333333334,18,11,0,2,0,0,1,1,0,1,0,1,0,1
12016436,238.51,Entire home/apt,4,2,3,1,0,1.7111135700878375,78702,Guesthouse/Guest suite,1,10.166666666666666,4,54,0,1,0,0,1,1,0,1,0,1,0,1
1085495511656277013,341.5,Entire home/apt,4,2,2,2.5,0,3.152736816138038,78702,House,0,4.25,37,14,0,2,0,0,1,1,0,1,0,1,0,1
1400403611493503454,546,Entire home/apt,10,4,6,4,0,21.980369456205693,78737,House,1,3.5,2,41,0,1,0,0,1,1,0,1,0,1,1,1
1543617145792457173,160,Entire home/apt,4,1,3,1,0,4.383129549835221,78751,Apartment/Condo,1,0.5833333333333334,1,13,0,1,0,0,1,1,0,1,0,1,1,1
1398600469264594781,196.28,Entire home/apt,4,1,1,1,0,5.956154367466684,78704,House,0,1.1666666666666667,1,0,1,1,0,0,1,1,0,1,0,0,0,0
903573921194199823,1432,Entire home/apt,16,5,12,3,0,8.916020057541148,78745,House,1,9.333333333333334,1,25,0,2,1,1,1,1,0,1,0,1,0,1
1579036265143783703,294,Entire home/apt,5,2,3,2,0,5.69150948372683,78751,Apartment/Condo,1,8.25,13,2,0,2,1,0,1,1,0,1,0,1,1,1
1522103714252748612,473,Entire home/apt,6,3,3,2,0,11.565170588115407,Other,House,1,9.75,33,19,0,1,0,0,1,1,0,1,0,1,0,1
26667414,192.5,Entire home/apt,4,2,2,1.5,0,0.9643010039823515,78701,Apartment/Condo,0,7.833333333333333,2,36,0,2,0,0,1,1,0,1,0,0,0,1
1239291430427378053,248.5,Entire home/apt,4,3,3,1,0,3.178452225508671,78702,House,1,1.75,1,33,0,2,0,0,1,1,0,1,0,1,1,1
722550168983647209,156.5,Entire home/apt,3,1,1,1,0,4.178387225058419,78723,Guesthouse/Guest suite,1,3.6666666666666665,1,17,0,2,1,0,1,1,0,1,0,1,0,1
1513043975085555270,194,Entire home/apt,2,1,1,1,0,2.6146964444198293,78702,Apartment/Condo,1,6.75,1,54,0,1,1,0,1,1,1,1,1,0,0,1
1709591419769355530,140,Entire home/apt,2,1,1,1,0,5.814131142402317,78704,Apartment/Condo,1,4.5,178,0,1,1,1,0,1,0,0,1,0,0,1,1
54245940,43.46,Private room,1,1,1,2.5,1,8.839068255305829,78753,House,0,1.1666666666666667,8,30,0,1,0,0,1,1,0,0,0,0,0,1
1218045229696094374,196.86,Entire home/apt,4,2,2,2,0,7.276068555736905,78745,Apartment/Condo,0,4.833333333333333,3,12,0,2,1,0,1,1,1,1,0,0,1,1
45102318,155.2,Entire home/apt,4,2,2,1,0,4.829216918646434,78704,Apartment/Condo,1,5.75,1,27,0,2,0,0,1,1,0,1,0,1,1,1
1680647525389972426,476.4,Entire home/apt,12,4,8,3,0,5.43053902397114,78721,House,1,10.333333333333334,41,1,0,1,0,1,1,1,0,1,0,1,0,1
1506994062855046094,201,Entire home/apt,4,1,4,1,0,4.185686795350809,78751,House,1,4,1,8,0,2,0,0,1,1,0,1,0,0,1,0
1700268181341036528,188.4,Entire home/apt,5,2,3,1,0,1.364108557043673,78705,Apartment/Condo,1,3.6666666666666665,3,0,1,1,0,0,1,1,0,1,0,1,1,0
1624973917613733277,520.5,Entire home/apt,14,6,6,5,0,4.858498648599934,78704,House,1,8.25,19,6,0,2,0,0,1,1,0,1,0,1,1,1
1261743234505131671,220,Entire home/apt,8,3,4,2,0,4.916163321645825,78721,House,1,10.25,3,71,0,2,1,0,1,1,0,1,0,1,1,1
701542931876725578,168,Entire home/apt,4,1,1,1,0,2.0248589785140467,78704,Apartment/Condo,1,6.5,2,67,0,1,1,0,1,0,1,1,0,1,1,0
1515378767162095764,180,Entire home/apt,6,3,4,2,0,15.971886682198827,78758,House,1,2.25,8,37,0,2,0,0,1,1,0,1,0,1,0,1
1239013423095228803,822,Entire home/apt,15,5,12,2,0,11.892587010416927,78753,House,1,8.5,5,44,0,1,1,1,1,1,1,1,0,0,0,1
52513522,378,Entire home/apt,6,3,4,2,0,8.630685671052447,78757,House,1,9.75,7,8,0,1,0,0,1,1,0,1,0,1,0,1
1395071215464349378,247.5,Entire home/apt,3,1,2,1,0,6.647024512968509,78752,Apartment/Condo,1,3.5833333333333335,9,22,0,2,0,0,1,1,0,1,0,0,1,1
54072055,206,Entire home/apt,2,1,1,1,0,12.167579826017889,78758,Guesthouse/Guest suite,0,4.583333333333333,2,4,0,1,0,0,1,1,0,0,0,1,1,1
1437284940669774016,178.02,Entire home/apt,4,1,2,1,0,1.3681627559022893,78703,Apartment/Condo,0,7.583333333333333,2,62,0,1,0,0,1,1,0,1,0,0,0,1
50228489,314,Entire home/apt,7,3,5,1,0,2.832871873048246,78702,House,1,5.666666666666667,1,24,0,1,0,0,1,1,0,1,0,1,0,1
958205544348936215,175,Entire home/apt,2,1,1,1,0,2.083898502669227,78705,Apartment/Condo,0,4.25,20,10,0,1,0,0,1,1,0,1,0,0,0,1
1582356310467563612,138.5,Entire home/apt,4,1,2,1,0,4.332890654995681,78751,Apartment/Condo,1,0.4166666666666667,3,21,0,1,1,0,1,1,0,0,0,1,1,1
52476053,452.5,Entire home/apt,6,3,5,2,0,3.0651179680163896,78704,House,1,11.333333333333334,2,32,0,2,0,0,1,1,0,1,0,1,0,0
1690711407790297590,591.7700000000001,Entire home/apt,12,5,5,3.5,0,21.169649994361674,78734,House,1,4.5,178,2,0,2,1,0,1,1,0,1,0,0,0,1
1501473699176281320,242,Entire home/apt,6,2,4,2.5,0,8.815995833244697,78745,House,1,9.416666666666666,15,21,0,2,0,0,1,1,0,1,0,0,1,1
1192194853290359211,191.8,Entire home/apt,4,1,2,1,0,13.292298370628629,Other,Apartment/Condo,0,4,38,8,0,1,1,0,1,1,1,1,0,1,1,1
1285631717526079209,322.39,Private room,4,1,2,1,0,0.906145294504,78701,Hotel-like,0,6.75,30,0,1,2,1,0,1,0,1,1,0,1,0,1
1161504203223688871,527,Entire home/apt,14,6,7,3,0,5.304202977031156,78704,House,1,2.0833333333333335,7,9,0,1,1,0,1,1,0,1,0,0,0,1
1527791467027272286,475,Entire home/apt,6,3,3,2,0,7.890789029622445,Other,House,1,2.8333333333333335,2,16,0,1,0,0,1,1,0,1,0,1,1,1
1556843963409412223,234,Entire home/apt,2,1,1,1,0,4.499920055692513,Other,Guesthouse/Guest suite,0,0.5833333333333334,1,6,0,3,0,0,1,1,0,0,0,0,0,0
52427370,362.33,Entire home/apt,10,5,5,3,0,6.6569416625205395,78741,House,1,10.25,1,16,0,2,0,0,1,1,0,1,0,1,1,1
667259209025247008,302,Entire home/apt,6,2,3,2.5,0,20.157747484253285,78729,Apartment/Condo,1,1.8333333333333335,36,11,0,1,0,0,1,1,0,1,0,1,0,1
1370283725405092778,276.5,Entire home/apt,2,1,1,1,0,2.760814319565136,78722,House,1,1.25,4,27,0,2,0,0,1,1,0,1,0,1,1,1
1111810880704957535,543,Entire home/apt,6,3,3,2,0,4.709782192995493,78704,House,0,2,1,7,0,1,1,0,1,1,0,1,0,1,1,1
898085182920422843,295,Entire home/apt,6,3,4,2,0,14.718907125503637,Other,House,1,5.833333333333333,3,33,0,2,0,0,1,1,0,1,0,1,0,1
866866180984194162,454.4,Private room,16,4,8,4,0,7.928942318938001,78752,Hotel-like,0,3.25,92,0,1,1,1,0,1,1,1,0,0,1,1,1
1549390857858798271,296,Entire home/apt,5,2,2,2,0,14.340828958104359,78758,Apartment/Condo,1,2,1,0,1,1,1,0,1,1,0,1,0,1,0,1
929633442251717895,107,Private room,3,1,1,1,0,13.184981871802915,Other,Hotel-like,0,3.25,92,1,0,1,1,0,1,0,1,0,0,1,1,1
1456879306407427106,303.55,Entire home/apt,3,1,4,1,0,14.096506370364196,78758,Apartment/Condo,1,0.6666666666666666,1,20,0,1,1,0,1,1,1,1,1,0,0,1
52171929,162.05,Entire home/apt,5,2,2,2,0,11.088311001044948,78745,House,0,4.333333333333333,2,0,0,7,0,0,1,1,0,1,0,1,1,1
1614618940102080069,223,Entire home/apt,2,1,1,0,0,1.2310119561011523,78701,Apartment/Condo,0,2.0833333333333335,42,2,0,1,1,0,1,0,1,0,0,0,1,1
51885109,164.4,Entire home/apt,5,2,3,2,0,16.10547663142206,78758,House,0,7.333333333333333,3,2,0,5,0,0,1,1,0,1,0,1,1,1
1414635190476957234,604.3299999999999,Entire home/apt,10,3,6,2,0,25.15567781894884,78737,House,1,1.75,4,12,0,2,0,0,1,1,0,1,0,1,0,1
1552060399093335920,217,Entire home/apt,6,3,3,3,0,5.580274565697983,78741,House,1,0.5,1,32,0,1,1,0,1,1,0,1,0,0,0,0
1506489766836485506,200,Hotel/shared room,2,1,1,1,0,4.3336571931994365,78723,Hotel-like,0,1,20,0,1,1,0,0,1,0,1,0,0,1,1,0
1283629828566184422,258.33,Entire home/apt,12,3,5,2,0,7.491952234527561,78745,House,0,6.333333333333333,1,0,0,3,0,0,1,1,0,1,0,0,0,1
1248719812495681960,1025.6699999999998,Entire home/apt,6,2,3,2.5,0,8.605192411059368,78757,House,1,7.333333333333333,4,3,0,3,0,0,1,1,0,1,0,0,1,1
871597437429073589,249,Private room,2,1,1,1,0,0.6465404865493488,78701,Hotel-like,0,3.25,92,1,0,1,1,0,1,0,1,0,0,1,1,1
1045657977914419469,357.75,Entire home/apt,7,3,3,2,0,13.36084016509618,Other,House,1,4.916666666666667,6,17,0,3,1,0,1,1,0,1,0,1,0,1
1542986532321112823,605,Entire home/apt,12,5,5,3.5,0,3.3252194386223084,78704,House,1,9.75,33,3,0,1,0,0,1,1,0,1,0,1,1,1
38595412,179,Entire home/apt,2,1,1,1,0,20.387918111757592,78737,House,1,6.75,2,28,0,1,0,0,1,1,0,0,0,0,0,1
1698752256660582104,314,Entire home/apt,4,2,2,0,0,1.0063711269206437,78701,House,1,7.5,1,0,1,2,0,0,1,1,0,1,0,1,0,0
940080368630365283,167.95000000000002,Entire home/apt,4,1,3,1,0,2.034456987676643,78701,Apartment/Condo,0,4.333333333333333,1,11,0,1,1,0,1,1,1,1,1,1,1,1
694386118738059656,164,Entire home/apt,2,1,1,1,0,8.290249851506601,78757,Apartment/Condo,0,8.666666666666666,53,27,0,1,0,0,1,1,0,1,0,1,1,1
1239191903127226824,152,Entire home/apt,2,1,1,1,0,2.1939077739541974,78702,Apartment/Condo,0,9.833333333333334,28,73,0,1,0,0,1,0,1,1,0,0,1,1
32216321,176,Entire home/apt,7,3,5,2.5,0,23.43715189934716,Other,House,1,7.333333333333333,1,21,0,3,1,0,1,1,0,1,0,0,1,1
1044491298047161978,262,Entire home/apt,6,2,3,1.5,0,6.638499418799867,78746,House,1,2.8333333333333335,6,37,0,1,0,0,1,1,0,1,0,1,1,1
706425794802256264,180,Entire home/apt,2,1,1,1,0,1.325499990083712,78705,Apartment/Condo,0,3.75,7,12,0,1,0,0,1,1,0,0,0,1,0,1
910418052189357102,728.42,Private room,6,2,3,2,0,0.8065801315406987,78701,Hotel-like,1,5.583333333333333,7,1,0,2,1,1,1,0,0,0,0,1,0,1
1592247368958457568,155,Entire home/apt,4,1,2,1,0,4.205590135356178,78751,Apartment/Condo,0,2.75,4,5,0,2,1,0,1,1,0,1,0,1,1,1
1603227146650568784,49.3,Private room,2,1,1,1.5,1,22.80425505347358,78734,House,0,0.3333333333333333,1,0,1,1,0,0,1,1,0,1,0,0,0,0
1243104959272644465,297,Entire home/apt,4,2,2,2,0,7.978544643711072,Other,Apartment/Condo,1,1.75,1,7,0,1,1,1,1,1,0,1,0,1,1,0
1095616135532923871,740.5,Private room,4,1,2,1,0,0.5965666890848915,78701,Hotel-like,1,4,6,0,1,2,1,0,1,0,0,0,0,1,0,1
1518161525783696350,342,Entire home/apt,12,5,6,3,0,5.7869830747973685,78723,House,1,9.5,8,69,0,1,1,1,1,1,0,1,1,1,0,1
1368265828773633071,457.5,Entire home/apt,16,6,14,4,0,3.366996217555686,78702,House,1,2.4166666666666665,3,30,0,2,1,1,1,1,0,1,0,1,1,1
1483662523821056149,205,Entire home/apt,4,2,5,2,0,4.658632008311518,78721,House,0,3.75,31,37,0,1,0,0,1,1,0,1,0,1,0,1
845893185415409613,111,Private room,2,1,1,1,0,17.935261354879508,Other,House,1,4.333333333333333,3,3,0,2,0,0,1,1,1,1,0,1,1,1
1496364005473177369,269,Entire home/apt,10,5,5,2,0,2.2297447576492293,78705,Apartment/Condo,0,6.416666666666667,3,27,0,2,0,0,1,1,0,1,0,0,0,1
995194088450088355,132,Entire home/apt,4,2,2,1,0,2.117273992836304,78702,House,1,9.75,18,88,0,1,0,0,1,1,0,0,0,1,1,1
954116,228.5,Entire home/apt,2,1,1,1,0,3.4058198844282037,78704,Guesthouse/Guest suite,0,13.333333333333334,1,0,0,2,0,0,1,1,0,0,0,1,0,1
1492064693115830188,397,Entire home/apt,9,4,5,3.5,0,1.1858544966096491,78702,House,1,9.416666666666666,15,16,0,2,0,0,1,1,0,1,0,1,1,1
619747498219309559,450,Entire home/apt,12,4,8,2,0,13.405573576861192,Other,House,1,4.916666666666667,2,43,0,2,1,1,1,1,1,1,1,1,0,1
52938474,123.59,Entire home/apt,2,1,1,1,0,14.880762645061138,78753,Guesthouse/Guest suite,1,9.166666666666666,6,78,0,1,1,1,1,1,0,0,0,0,1,0
854346008102830968,233,Private room,2,1,1,1,0,0.6465404865493488,78701,Hotel-like,0,3.25,92,2,0,1,1,0,1,0,1,0,0,1,1,1
1506489770381093087,221,Hotel/shared room,4,1,2,1,0,4.3336571931994365,78723,Hotel-like,0,1,20,0,1,1,0,0,1,0,1,0,0,1,1,0
1704689040006105826,296,Entire home/apt,16,3,8,2,0,2.2477561305213754,78705,Apartment/Condo,0,0,3,0,1,1,1,0,1,1,0,1,0,0,0,0
1361840580348970144,177.5,Entire home/apt,5,1,2,1,0,8.576983551041108,78757,Apartment/Condo,1,1.5,9,28,0,1,0,0,1,1,0,1,0,1,1,1
1510692044605876029,906.5,Entire home/apt,16,6,21,3,0,17.2684262067825,78737,House,0,0.8333333333333334,7,35,0,1,1,1,1,1,0,1,0,1,1,1
1182642289459639630,176.10999999999999,Hotel/shared room,4,1,2,1,0,1.0901504103393052,78705,Hotel-like,0,3.1666666666666665,48,0,1,1,1,0,1,0,1,0,0,1,1,1
863812810280866705,171.18,Entire home/apt,4,2,2,2.5,0,3.4692952471495957,78702,House,0,1.5,1,2,0,4,0,0,1,1,0,1,0,0,0,1
42718876,240,Entire home/apt,4,1,2,1,0,12.271370131352906,78746,Guesthouse/Guest suite,1,6.083333333333333,2,56,0,2,0,0,1,1,0,0,0,0,1,1
1553792372216541822,375,Entire home/apt,12,5,9,2,0,4.884811636663484,78741,House,1,0.5833333333333334,1,38,0,1,0,1,1,1,0,1,0,1,0,1
634032332228047258,2169,Entire home/apt,4,4,4,1,0,6.831444169568287,78723,House,0,4,1,0,1,1,0,0,1,0,0,1,0,0,1,0
1287010563841794913,99,Private room,4,1,2,1,0,20.959045677768955,Other,Hotel-like,0,1.4166666666666667,1,9,0,1,0,0,1,1,0,1,0,1,0,1
1482783319868247564,980.5,Entire home/apt,15,5,16,3,0,2.366105355974915,78702,House,1,7.833333333333333,4,13,0,2,1,0,1,1,0,1,0,0,1,1
1326301175252452657,265,Entire home/apt,7,3,4,2,0,1.7813375563895169,78702,House,1,2,8,22,0,2,0,0,1,1,0,1,0,1,0,1
1204508834032309998,1198.5,Entire home/apt,16,6,11,5.5,0,2.8168117468542335,78704,House,1,2,1,24,0,2,1,1,1,1,0,1,0,1,1,1
924117306854909013,2040,Entire home/apt,6,3,3,2.5,0,1.0490776882046686,78701,Apartment/Condo,0,13.333333333333334,3,35,0,1,1,0,1,1,0,1,0,1,0,1
625406268548772413,324,Entire home/apt,4,2,2,1,0,3.4030318271959246,78704,House,1,12.083333333333334,23,11,0,1,0,0,1,1,0,1,0,1,1,1
1574094267028189896,764.6,Entire home/apt,16,6,14,4,0,3.988869187205465,78704,House,1,2.25,1,17,0,2,1,0,1,1,0,1,0,1,0,1
1541473172344121332,231,Entire home/apt,2,1,1,1,0,6.133659849185098,78704,Unique/other,0,0.5833333333333334,1,3,0,2,0,1,1,1,0,0,0,1,1,0
1484137148751890096,296,Entire home/apt,6,3,3,2,0,3.34103383953197,78741,Apartment/Condo,0,0.8333333333333334,1,0,1,1,1,0,1,1,0,1,0,1,0,0
52071288,307.67,Entire home/apt,4,2,2,2,0,5.86540417139058,78741,House,0,4.75,1,0,0,3,0,0,1,1,0,1,0,1,0,1
1556739260548633002,167,Entire home/apt,5,1,2,1,0,3.4762839297315926,78751,Apartment/Condo,0,0.5833333333333334,2,20,0,1,0,0,1,1,0,0,0,1,0,1
1700328230871480944,205.18,Entire home/apt,4,1,2,1,0,2.6035908279561775,78705,Apartment/Condo,0,0,1,0,1,1,1,0,1,1,1,1,0,1,1,1
1679209137673910349,69.76,Private room,2,1,1,1,0,14.221100692366134,78758,House,0,0.08333333333333333,1,0,1,3,0,0,1,1,0,0,0,1,0,0
1095614351079524464,740.5,Private room,4,1,2,1,0,0.7035256322267481,78701,Hotel-like,1,4,6,1,0,2,1,0,1,0,1,0,0,1,0,1
1518143432495804737,425,Entire home/apt,4,2,2,1,0,3.49762074053913,78704,House,1,11.833333333333334,1,20,0,1,0,1,1,1,0,1,0,1,1,1
1673197282255885574,184,Entire home/apt,2,1,1,1,0,1.8417439304181251,78705,House,1,5.833333333333333,18,6,0,1,1,0,1,1,0,1,0,1,1,1
1462311,160,Entire home/apt,2,1,1,1,0,3.46473997820355,78704,House,1,14.916666666666666,2,78,0,1,0,0,1,1,0,1,0,1,1,1
1531277063085459882,383,Entire home/apt,8,4,4,5,0,26.125543803713416,78734,Apartment/Condo,1,11.083333333333334,23,20,0,2,1,0,1,1,0,1,1,0,0,1
48425087,165.5,Entire home/apt,4,2,2,1.5,0,8.125425809685858,78723,House,1,10.833333333333334,2,14,0,2,0,0,1,1,0,1,0,1,0,1
1476261473446407856,136.94,Entire home/apt,6,2,2,2,0,16.979138993630887,Other,House,1,1.3333333333333333,1,43,0,1,0,0,1,1,0,1,0,1,0,1
49907855,265.86,Entire home/apt,5,3,3,2,0,3.661269511793138,78751,House,0,5,1,0,0,7,0,0,1,1,0,1,0,1,0,0
628281931952764887,493,Entire home/apt,6,3,3,2,0,9.924826190065055,78745,House,0,13.75,1,0,0,5,0,0,1,1,0,1,0,1,1,1
1578691414720584433,712,Entire home/apt,14,4,7,2,0,27.074275785781644,78737,House,1,1.4166666666666667,1,28,0,1,1,1,1,1,0,1,0,0,1,1
1680871475207299592,171.18,Private room,2,1,1,2,0,7.278253599484503,78745,House,0,4.666666666666667,2,0,1,1,0,0,1,1,0,1,0,1,0,0
933166121187528620,183,Entire home/apt,4,3,3,2,0,10.766845653879182,78744,House,0,0.8333333333333334,1,9,0,1,0,0,1,1,0,1,0,0,0,0
50919775,762,Entire home/apt,6,3,3,2.5,0,2.907406239785253,78704,House,1,8.5,2,22,0,2,1,0,1,1,1,1,0,1,1,1
1107588857439099691,300,Entire home/apt,4,2,3,1,0,1.8705365099986602,78705,Unique/other,1,5.833333333333333,18,69,0,1,0,0,1,1,0,1,0,1,1,1
1285635696089176094,352.5,Private room,4,1,2,1,0,0.7241105475984692,78701,Hotel-like,0,6.75,30,3,0,2,1,0,1,0,1,1,0,1,0,1
1528469445548557317,280,Entire home/apt,6,2,2,2,0,17.573466836735008,Other,Apartment/Condo,0,3.4166666666666665,5,10,0,1,1,0,1,1,1,1,0,1,1,0
784835475592422188,317,Entire home/apt,6,2,3,2,0,2.0168739994659255,78701,Apartment/Condo,1,4.333333333333333,7,92,0,1,1,0,1,0,1,1,1,1,0,1
20265582,278,Entire home/apt,10,5,5,2,0,24.07301009713042,78734,House,1,8.916666666666666,3,20,0,2,0,0,1,1,0,1,0,0,1,1
854346558461224389,241,Private room,2,1,1,1,0,0.6460202436887756,78701,Hotel-like,0,3.25,92,1,0,1,1,0,1,0,1,0,0,1,1,1
1039828978729051590,153.5,Entire home/apt,6,2,3,1,0,9.91794150345339,78744,House,1,8.25,35,6,0,1,0,0,1,1,0,1,0,1,0,1
1495239533814139241,2060,Entire home/apt,16,11,23,7.5,0,4.208665233115452,78741,House,1,5.083333333333333,12,1,0,2,1,0,1,1,0,1,0,1,0,1
843439919318083821,656,Entire home/apt,16,6,8,4.5,0,16.10209320524533,78737,House,0,11,1,4,0,3,1,0,1,1,0,1,0,1,1,1
53187656,562.5,Entire home/apt,12,6,9,3,0,6.58908598637265,78746,House,1,9.416666666666666,1,28,0,2,0,0,1,1,0,1,0,1,0,1
868891232789480310,495.03,Private room,3,1,1,1,0,0.6465404865493488,78701,Hotel-like,0,3.25,92,0,1,1,1,0,1,0,1,0,0,1,1,1
714047423416507011,98.33,Entire home/apt,2,1,1,1,0,16.78330765907723,Other,Apartment/Condo,0,4.25,1,1,0,3,0,0,1,1,0,1,0,0,0,1
838494433565867956,671,Entire home/apt,10,4,6,2.5,0,7.774206095545319,78745,House,1,12.25,5,14,0,2,1,1,1,1,0,1,0,1,0,1
878173749801630145,1103,Entire home/apt,16,4,10,4.5,0,21.04541663154985,78737,House,1,12,17,1,0,1,1,1,1,1,0,1,0,1,1,1
707780834033034510,223,Entire home/apt,6,3,4,2,0,4.972763247944339,78741,House,1,7.75,7,28,0,1,0,0,1,1,0,1,0,1,1,1
873377859110902021,556.5,Entire home/apt,10,4,7,3,0,16.530352447540768,Other,House,1,3.1666666666666665,1,13,0,2,0,0,1,1,0,1,0,0,0,0
1582065708015873447,266,Entire home/apt,7,2,4,3,0,3.297468890512409,78702,House,1,13.25,4,23,0,1,0,0,1,1,0,1,0,0,1,1
1613993725319983133,284,Entire home/apt,2,1,1,0,0,1.273952194545973,78702,Apartment/Condo,0,2.0833333333333335,42,0,1,1,1,0,1,0,1,1,0,0,1,1
794001257218479744,214,Entire home/apt,3,1,4,1,0,22.005008599590514,78737,Apartment/Condo,0,8.25,2,1,0,2,0,0,1,1,0,1,0,1,0,1
1344994676850480805,182,Entire home/apt,2,1,1,1,0,5.828255717476424,78704,Apartment/Condo,0,3.25,5,17,0,1,0,0,0,0,0,0,0,0,1,0
1303175226019790329,1725,Entire home/apt,12,5,4,5,0,25.68493447966076,78734,House,0,5.083333333333333,1,1,0,2,1,1,1,1,0,1,0,1,1,0
1141339553870359190,129.17,Private room,2,1,1,1,0,0.7806586167009952,78701,Hotel-like,0,5.333333333333333,2,163,0,1,1,0,1,0,1,1,0,1,0,0
1308796949405393519,324.4,Entire home/apt,9,3,7,2,0,10.889784218398361,78745,House,1,1.5,3,6,0,1,0,0,1,1,0,1,0,1,1,1
31410509,177.29,Entire home/apt,4,2,2,1,0,11.107303070879007,Other,Guesthouse/Guest suite,1,10,2,2,0,7,0,0,1,1,0,1,0,1,0,1
1684384171653386694,104.5,Entire home/apt,2,1,1,1,0,9.48107856244111,78744,Apartment/Condo,1,3.4166666666666665,3,2,0,1,0,0,1,1,0,1,0,1,1,1
1633057064201625293,94,Private room,2,1,1,1,1,21.734360686323075,Other,House,0,0.25,1,0,1,1,0,0,1,1,0,1,0,1,0,1
749972710153599117,203.5,Entire home/apt,4,1,2,1,0,0.7198008049300462,78701,Apartment/Condo,1,5.25,23,0,1,2,1,0,1,0,1,1,0,1,0,1
1495986781837280612,301,Entire home/apt,7,3,3,2,0,2.6780216632085336,78702,House,0,0,1,0,1,1,0,0,1,1,0,1,0,1,1,0
1660994440075743551,347.67,Entire home/apt,5,2,2,1,0,21.94108026406536,78734,House,1,1.3333333333333333,1,8,0,2,0,0,1,1,0,1,0,1,1,1
1459015695270746034,242.17,Entire home/apt,2,1,1,1,0,5.407364055976363,78704,Apartment/Condo,0,3.5,1,0,1,6,1,0,1,1,0,1,0,1,0,0
52489525,86.5,Entire home/apt,1,1,1,1,0,7.7265508416850635,78745,Unique/other,1,14.416666666666666,22,2,0,2,0,0,1,1,0,1,0,1,0,0
49095955,1073.6699999999998,Entire home/apt,16,7,14,5,0,23.725527814653177,78737,House,1,12,17,3,0,1,1,1,1,1,0,1,0,0,0,1
821229539924168211,1403.5,Entire home/apt,10,5,5,3,0,2.8397387417484246,78704,House,1,3.3333333333333335,1,5,0,2,1,0,1,1,0,1,0,1,0,1
1416055985677861083,465,Entire home/apt,15,4,9,2,0,8.123330653392488,78745,House,1,6.333333333333333,5,9,0,1,0,0,1,1,0,1,0,1,1,1
1606896234070153894,172,Entire home/apt,2,1,1,1,0,12.285675080809579,Other,Guesthouse/Guest suite,0,0.3333333333333333,1,0,1,1,0,0,1,1,0,0,0,1,0,0
1316851190775168291,410,Entire home/apt,13,3,8,2,0,22.677471515777313,78737,House,1,2,3,16,0,2,1,0,1,1,0,1,0,0,1,1
1619179210250299398,687.6,Entire home/apt,4,1,2,1,0,4.665017190827793,78704,Apartment/Condo,1,4.5,178,1,0,1,1,0,1,0,0,0,0,0,1,0
42248745,375.33,Entire home/apt,4,2,2,1.5,0,13.84149550989105,Other,House,0,12.25,1,0,0,3,1,0,1,1,0,1,0,1,0,0
17140752,510.5,Entire home/apt,8,4,6,2.5,0,1.7276511247434967,78702,House,0,4.5,1,14,0,2,0,0,1,1,0,1,0,0,0,1
1105827860791695486,372.2,Entire home/apt,6,3,4,2,0,8.35456535806478,78757,House,1,6.25,2,42,0,1,0,0,1,1,0,1,0,1,1,1
988976751076662787,535,Entire home/apt,4,1,2,1,0,0.5235168113042417,78701,Apartment/Condo,1,2.75,26,0,0,1,1,0,1,0,1,1,0,0,0,1
1593662452161564193,150.48000000000002,Entire home/apt,4,2,2,2,0,5.814131142402317,78704,Apartment/Condo,1,4.5,178,0,1,1,1,0,1,0,0,1,0,0,1,1
1613991727421899007,223,Entire home/apt,2,1,1,0,0,1.3413215731093842,78701,Apartment/Condo,0,2.0833333333333335,42,0,1,1,1,0,1,0,1,1,0,0,1,1
995747225367411805,628,Entire home/apt,5,2,2,2,0,2.935004978834962,78702,House,0,4.583333333333333,1,1,0,1,0,0,1,1,0,1,1,1,0,1
38878174,186,Entire home/apt,7,3,3,2,0,2.6023398568287814,78702,House,1,7.75,3,17,0,2,0,0,1,1,0,1,0,0,1,1
1147209587528642322,264,Hotel/shared room,4,1,2,1,0,26.113937906418407,78734,Hotel-like,0,3.1666666666666665,48,0,1,1,1,0,1,0,1,0,0,1,1,1
717347430393111785,360.5,Entire home/apt,7,3,4,2,0,1.7643949242824917,78702,House,1,9.083333333333334,6,25,0,2,0,0,1,1,0,1,0,1,1,1
34343420,168,Entire home/apt,4,1,2,1,0,3.361585681394669,78704,Apartment/Condo,0,7.166666666666667,18,52,0,1,1,0,1,1,0,1,0,1,1,1
20639952,775.7700000000001,Entire home/apt,5,4,4,3,0,5.205072452331324,Other,House,0,1.3333333333333333,1,0,1,5,1,0,1,1,0,1,0,1,0,0
1441352156421629180,416.33,Private room,6,2,3,2,0,0.8154061342736557,78701,Hotel-like,0,3,60,0,1,3,1,0,1,0,1,1,0,0,0,0
31337958,220,Entire home/apt,4,2,2,1,0,3.1086840786885115,78702,House,1,7.416666666666667,1,13,0,2,0,0,1,1,0,1,0,0,0,1
1625359612353258670,159,Entire home/apt,2,1,2,1,0,5.814131142402317,78704,Apartment/Condo,1,4.5,178,1,0,1,1,0,1,0,0,1,0,0,1,1
1482650485499590089,153,Entire home/apt,3,1,1,1,0,7.592959978718514,78752,House,1,0.8333333333333334,1,62,0,1,0,0,1,1,0,0,0,1,1,1
1602859110778518535,212,Entire home/apt,8,3,5,2,0,5.904310036056071,78741,House,1,0.4166666666666667,1,20,0,1,0,0,1,1,0,1,0,1,1,1
1161570208909836769,645,Entire home/apt,12,3,9,3.5,0,18.930754718828915,Other,House,1,1.9166666666666665,1,50,0,2,1,1,1,1,0,1,0,0,1,1
24655483,219,Entire home/apt,7,3,6,2,0,1.737443355338878,78702,Guesthouse/Guest suite,1,13.75,5,3,0,3,0,0,1,1,0,1,0,1,0,1
1085468139412731848,219.5,Entire home/apt,6,2,4,2,0,3.165555929027773,78704,House,0,4.25,37,15,0,2,0,0,1,1,0,1,0,1,0,1
32898594,514,Entire home/apt,16,4,7,4.5,0,20.54026773232765,78734,House,1,7.25,1,2,0,2,0,0,1,1,0,1,0,0,0,1
18394688,1107,Entire home/apt,8,4,4,3,0,6.405765185667269,78746,House,1,13.083333333333334,1,0,0,3,1,1,1,1,0,1,0,1,1,0
1402165116374088571,251.45000000000002,Entire home/apt,2,1,1,1,0,19.12343240822804,Other,Apartment/Condo,0,3.25,92,0,1,1,1,0,1,1,1,0,0,1,1,1
914383561057381842,396.63,Private room,3,1,1,1,0,0.6465404865493488,78701,Hotel-like,0,3.25,92,0,1,1,1,0,1,0,1,0,0,1,1,1
23995750,2197,Entire home/apt,16,5,14,4.5,0,10.473394754112551,Other,House,1,8.166666666666666,3,14,0,2,1,1,1,1,1,1,0,1,1,0
574791271849787005,240,Entire home/apt,6,2,3,2,0,2.034456987676643,78701,Apartment/Condo,1,4.5,178,9,0,2,1,0,1,1,1,1,0,1,0,1
44677991,246,Entire home/apt,7,3,4,1,0,2.8136429617348915,78705,House,1,8.666666666666666,8,31,0,1,0,0,1,1,0,1,0,1,1,1
48106239,519,Entire home/apt,8,3,3,3,0,0.6654900563490782,78701,Apartment/Condo,0,5.5,3,0,0,2,1,0,1,1,1,1,0,1,0,1
861841995115380430,228.5,Entire home/apt,6,2,3,2,0,2.8923328619527795,78722,House,1,11.25,3,14,0,2,0,0,1,1,0,1,1,1,0,1
1445651884530001510,194,Entire home/apt,4,2,2,2,0,11.284456483423886,Other,Apartment/Condo,1,6.666666666666667,11,43,0,1,0,0,1,1,0,1,0,0,0,1
52709042,1528,Entire home/apt,13,4,5,2.5,0,22.703573820177542,78734,House,0,4.833333333333333,1,5,0,1,1,1,1,1,0,1,0,1,1,1
1034208415302009572,604.3299999999999,Entire home/apt,6,2,2,2.5,0,2.6590800840331523,78702,House,0,2.1666666666666665,1,8,0,1,1,0,1,1,0,1,0,1,1,1
1658093473098674150,209.6,Entire home/apt,4,1,2,1,0,5.814131142402317,78704,Apartment/Condo,1,4.5,178,0,1,1,1,0,1,0,0,1,0,0,1,1
854345272833930897,249,Private room,4,1,2,1,0,0.6465404865493488,78701,Hotel-like,0,3.25,92,1,0,1,1,0,1,0,1,0,0,1,1,1
1589953041863030839,1141,Entire home/apt,8,4,4,3,0,24.201179472535998,78734,House,1,6.75,10,0,1,1,0,0,1,1,0,1,0,1,0,0
4014472,181.45000000000002,Entire home/apt,3,2,2,1,0,4.488062755490322,Other,House,1,11.75,2,15,0,2,0,0,1,1,0,0,0,1,1,1
1188595481222549560,180.5,Entire home/apt,5,2,2,2.5,0,6.411260210655703,78741,House,0,1.8333333333333335,1,11,0,1,0,0,1,1,0,1,0,0,0,1
1469889812131008135,377.5,Private room,4,1,2,1,0,0.7425541377273142,78701,Hotel-like,1,1.1666666666666667,8,1,0,2,1,1,1,0,0,0,0,1,0,1
1158843300445661541,285,Entire home/apt,4,2,2,2.5,0,13.560655221380303,78744,House,0,2.0833333333333335,1,0,0,1,0,0,1,1,0,1,0,1,0,0
554518946592049995,384,Entire home/apt,8,4,4,2,0,2.225737373863585,78702,House,1,8.916666666666666,4,29,0,1,0,0,1,1,0,1,0,1,1,1
44087632,174.67,Entire home/apt,1,1,1,1,0,4.546228491865527,78703,Guesthouse/Guest suite,0,10.333333333333334,1,0,0,3,0,0,1,0,0,0,0,1,0,0
50846668,204.26999999999998,Entire home/apt,2,1,2,1,0,3.277548595846781,78704,Guesthouse/Guest suite,1,4.916666666666667,1,15,0,2,0,0,1,1,0,0,0,0,0,1
1441361192932579861,416.33,Private room,6,2,3,2,0,0.9190854523372047,78701,Hotel-like,0,3,60,0,1,3,1,0,1,0,1,1,0,0,0,0
1107395244505445541,168.5,Entire home/apt,4,2,2,2,0,2.382949945301432,78722,Apartment/Condo,1,1.6666666666666665,1,29,0,2,0,0,1,1,0,0,0,1,0,1
20394484,553.8,Entire home/apt,12,3,13,2.5,0,23.825458922975848,78734,House,0,8.833333333333334,1,11,0,3,0,0,1,1,0,1,0,1,0,1
1311986203493102951,184.5,Entire home/apt,10,3,5,2,0,14.772659679055918,78724,House,0,10,1,17,0,1,0,0,1,1,0,1,0,1,1,1
1476477559348979798,205.5,Entire home/apt,3,1,2,1,0,1.94528865001123,78702,Unique/other,1,0.6666666666666666,1,48,0,2,0,0,1,1,0,1,0,0,1,1
933938454811929678,221.33,Entire home/apt,4,2,2,2.5,0,14.488541658806508,Other,House,1,2.5,3,14,0,2,0,0,1,1,0,1,0,1,1,1
1594325606336276352,224,Entire home/apt,4,2,2,2,0,5.814131142402317,78704,Apartment/Condo,1,4.5,178,0,1,1,1,0,1,0,0,1,0,0,1,1
1640170989317134389,228.5,Entire home/apt,5,3,3,2.5,0,13.00714412508503,78744,House,0,0.25,1,2,0,2,0,0,1,1,0,1,0,1,0,1
731356393972901977,655,Entire home/apt,8,3,3,3,0,5.602950030922969,78741,House,1,7.333333333333333,4,13,0,2,1,0,1,1,0,1,0,0,1,1
1131908875397382272,73,Private room,2,1,1,1,0,7.0580975699302675,78745,Hotel-like,0,3.25,92,0,0,1,0,0,1,0,1,1,0,1,1,1
1706693108953984974,133,Entire home/apt,2,1,1,1,0,5.627452735541261,78741,Apartment/Condo,0,0.4166666666666667,6,0,1,5,0,0,1,1,0,1,0,1,1,0
1126039506603271591,293,Entire home/apt,4,2,2,2,0,4.0113513848305935,78702,House,0,9.25,47,6,0,2,1,0,1,1,0,1,0,1,0,1
1500244126777502957,236.67,Entire home/apt,8,3,4,2.5,0,13.00620543746661,78744,House,0,0.75,2,22,0,1,0,0,1,1,0,1,0,1,0,1
1393197682577037939,201,Entire home/apt,6,2,3,1,0,5.628741124450014,78704,House,1,1.1666666666666667,4,38,0,1,0,0,1,1,0,1,0,0,0,1
1619977446827755261,820.8,Entire home/apt,16,7,7,7,0,4.665017190827793,78704,House,1,4.5,178,0,1,1,1,0,1,0,0,1,0,0,1,0
1679701485378904162,171,Entire home/apt,2,1,1,1,0,8.401283275078482,78757,Apartment/Condo,0,0.08333333333333333,1,1,0,1,0,0,1,0,0,1,0,1,0,0
1317496412554786652,388,Entire home/apt,12,5,8,3,0,7.914533646347059,78723,House,1,5.416666666666667,2,37,0,3,1,0,1,1,0,1,0,1,0,1
1395232409830609527,380.5,Entire home/apt,8,2,2,1.5,0,6.695979328544335,78741,House,0,4.666666666666667,2,0,0,2,0,0,1,1,0,1,0,1,1,1
1264553033959433829,240,Entire home/apt,3,1,1,1,0,14.219240786283873,78758,Apartment/Condo,0,1.6666666666666665,1,3,0,2,1,0,1,1,0,1,1,0,0,0
931359564760796933,282.5,Entire home/apt,4,1,2,1,0,0.890224999155313,78701,Apartment/Condo,1,4.25,9,0,0,2,1,0,1,0,0,1,0,0,0,0
944130011875982256,126.98,Entire home/apt,2,1,1,1,0,14.577677944267615,78744,House,1,2.8333333333333335,1,10,0,7,0,0,1,1,0,1,1,0,1,1
1394312134960529495,161.5,Entire home/apt,6,2,2,2,0,15.270311867763793,78753,Apartment/Condo,1,1.3333333333333333,25,23,0,2,1,0,1,1,1,1,0,1,0,1
1681213097659803244,232,Entire home/apt,4,2,2,2,0,1.8468051003422068,78705,Apartment/Condo,1,8.5,1,0,1,2,0,0,1,1,0,1,0,1,1,1
45511551,262.46999999999997,Entire home/apt,8,3,4,2,0,17.12674380590664,Other,House,1,5.583333333333333,1,36,0,2,0,0,1,1,0,1,0,1,0,1
851489401454714475,364.33,Entire home/apt,10,4,7,2,0,1.9568487711107745,78702,House,1,3.6666666666666665,2,16,0,3,0,0,1,1,0,1,0,1,0,1
41233547,348.33,Entire home/apt,4,3,3,2.5,0,4.2137385192374115,78721,House,0,12.333333333333334,1,2,0,3,0,0,1,1,0,1,0,0,1,1
1573576732771022261,416.53,Entire home/apt,6,3,4,2,0,7.446473125866692,78757,House,0,0.5,1,1,0,1,0,0,1,1,0,1,0,1,0,1
1362546001777550162,173,Entire home/apt,4,1,2,1,0,2.2909195928527155,78704,Apartment/Condo,0,2.1666666666666665,19,11,0,1,1,0,1,1,0,1,0,1,1,1
841571611432939501,304,Entire home/apt,6,2,3,2,0,4.763946704289167,78704,House,1,8.916666666666666,6,40,0,1,0,0,1,1,0,1,0,1,1,1
958213391901441713,156,Entire home/apt,2,1,1,1,0,2.153642669890517,78705,Apartment/Condo,0,4.25,20,9,0,1,0,0,1,1,0,1,0,0,0,1
1285616314916789543,322.39,Private room,4,1,2,1,0,0.918570816420454,78701,Hotel-like,0,6.75,30,0,1,2,1,0,1,0,1,1,0,1,0,1
1429942770752948254,179,Entire home/apt,4,2,3,1,0,9.757378339076093,78745,House,1,8,5,2,0,1,0,0,1,1,0,1,0,1,1,1
859463597569315339,209,Entire home/apt,2,1,1,1,0,5.806757363785418,78741,Unique/other,1,9.333333333333334,4,74,0,1,0,0,1,1,0,0,0,0,0,1
1035062717520405273,146.67,Entire home/apt,2,1,1,1,0,4.6549359443083045,78702,Unique/other,0,14.416666666666666,1,0,1,3,0,1,1,1,0,0,0,1,1,0
1368152349454838487,169,Entire home/apt,4,1,2,1,0,4.561012392239237,78741,Apartment/Condo,0,1.25,1,43,0,1,1,0,1,1,0,1,0,1,1,1
34372480,339.5,Entire home/apt,4,2,2,1.5,0,8.84499323814127,78746,Apartment/Condo,1,7.416666666666667,1,2,0,2,0,0,1,1,0,1,0,1,1,1
1632774410448223818,463,Entire home/apt,8,4,4,2.5,0,13.953139165137909,Other,House,0,0.25,1,3,0,2,0,0,1,1,0,1,0,1,0,1
10415975,1198.33,Entire home/apt,10,4,9,4,0,1.0565399645151314,78702,House,0,10.416666666666666,2,0,0,3,0,0,1,1,0,1,0,0,0,1
48900390,205.67,Entire home/apt,4,1,2,1,0,3.8109461257384423,78704,Apartment/Condo,0,3.8333333333333335,1,4,0,3,1,0,1,1,0,0,0,1,0,1
1681479773376953408,1118.55,Entire home/apt,12,6,6,6,0,4.556965609302374,78704,House,1,4.5,178,0,1,1,1,0,1,0,0,1,0,0,1,1
1521078082838971140,295.5,Entire home/apt,8,3,5,2,0,2.192756564684797,78704,House,0,4.25,37,10,0,2,0,0,1,1,0,1,0,1,1,1
895712839686261899,232,Entire home/apt,6,3,3,2,0,10.254225522090064,78745,House,1,4.666666666666667,13,11,0,2,0,0,1,1,0,1,0,0,0,1
53979379,250.5,Entire home/apt,4,2,2,2,0,2.8148310147476256,78704,House,1,11.916666666666666,1,26,0,2,0,0,1,1,0,1,0,1,1,1
3539968,128.5,Entire home/apt,2,1,1,1,0,2.9226040471383463,78702,Guesthouse/Guest suite,0,11.916666666666666,1,31,0,2,0,0,1,1,0,0,0,0,0,1
2855712,285.5,Entire home/apt,2,1,1,1,0,1.6721611437085475,78703,Apartment/Condo,1,12.916666666666666,2,0,0,2,0,0,1,1,0,0,0,0,0,1
1517560295447244157,502,Entire home/apt,8,4,4,3.5,0,4.267411529626208,78704,Apartment/Condo,1,3,24,16,0,2,0,1,1,1,0,1,0,1,0,0
1098580711527686217,265,Entire home/apt,4,2,2,2,0,7.356745491241074,78745,House,1,2.25,1,52,0,1,0,0,1,1,0,1,0,1,0,1
1508984122413862605,108,Entire home/apt,2,1,2,1,0,2.304882798275452,78722,Guesthouse/Guest suite,1,0.75,1,28,0,1,0,0,1,1,0,1,0,1,0,1
1660301491229676289,881,Entire home/apt,12,5,6,5,0,2.7806707893006752,78722,House,1,14.5,13,4,0,1,1,0,1,1,0,1,0,1,1,0
47446946,221,Entire home/apt,6,2,3,1.5,0,9.344648587685139,78745,House,0,9,15,1,0,3,0,0,1,1,0,0,0,0,0,0
678369095412181744,172,Entire home/apt,3,1,1,1,0,2.2837896982072765,78702,Apartment/Condo,1,8.333333333333334,1,10,0,2,1,0,1,1,1,1,1,1,1,1
854344228517154129,337.42999999999995,Private room,3,1,1,1,0,0.6465404865493488,78701,Hotel-like,0,3.25,92,0,1,1,1,0,1,0,1,0,0,1,1,1
564544517548854536,712.5,Entire home/apt,8,3,4,2.5,0,2.835228382072854,78704,House,0,12.166666666666666,1,0,0,2,0,0,1,1,0,1,0,1,1,0
23102061,187.09,Entire home/apt,7,4,3,1.5,0,4.77439019203487,78723,House,0,10.5,1,1,0,4,1,1,1,1,0,1,0,1,1,1
824485185971096553,78,Entire home/apt,2,1,1,1,0,5.697226716181723,78741,Apartment/Condo,1,9.75,18,115,0,1,0,0,1,1,0,0,0,0,0,1
689919992222562774,155,Entire home/apt,4,1,1,1,0,6.439599069277279,78741,Apartment/Condo,0,3.9166666666666665,26,14,0,1,0,0,1,1,1,1,1,1,0,1
640150949784215020,856,Entire home/apt,5,1,2,1,0,6.809190493736291,78744,Apartment/Condo,0,12.25,23,0,1,1,1,0,1,0,0,1,0,1,1,1
47421475,163.5,Entire home/apt,6,2,2,1,0,25.236210492354193,78737,Guesthouse/Guest suite,0,9.666666666666666,1,11,0,2,0,0,1,0,0,0,0,1,0,0
1452924763278982711,355.3,Entire home/apt,6,3,3,2,0,19.151456594175198,78729,House,1,1.6666666666666665,6,21,0,2,0,0,1,1,0,1,0,1,1,1
886153177765379764,91.5,Private room,1,1,1,1,1,18.15767246888944,Other,House,1,4.333333333333333,3,10,0,2,0,0,1,1,1,1,0,1,1,1
30760932,345,Private room,2,1,1,1,0,13.859485202616769,Other,Hotel-like,0,7.583333333333333,8,1,0,1,1,0,1,1,0,0,0,1,0,0
1147210410806829106,405,Hotel/shared room,3,1,1,1,0,26.113937906418407,78734,Hotel-like,0,3.1666666666666665,48,0,1,1,1,0,1,0,1,0,0,1,1,1
1147207937484541109,264,Hotel/shared room,2,1,1,1,0,26.113937906418407,78734,Hotel-like,0,3.1666666666666665,48,1,0,1,1,0,1,0,1,0,0,1,1,1
820531469455123083,298.5,Entire home/apt,8,4,4,2.5,0,12.714966296248496,78744,House,1,3.3333333333333335,1,12,0,2,1,0,1,1,1,1,0,1,1,1
944906265566751368,416,Entire home/apt,16,8,8,4,0,4.903179341751591,78751,Apartment/Condo,0,6.833333333333333,16,17,0,2,0,0,1,1,0,1,0,1,0,1
47031543,208,Entire home/apt,4,1,2,1,0,23.063084984937866,Other,Unique/other,1,6,2,0,0,1,0,0,1,1,0,0,0,0,0,0
1442246956970991285,120.5,Entire home/apt,3,1,2,1,0,11.207211800927704,78753,Guesthouse/Guest suite,1,1.5833333333333335,2,23,0,2,0,0,1,1,0,1,0,0,0,1
1470523122235547562,399.5,Entire home/apt,8,4,4,2,0,10.130093287251254,78745,House,0,0.8333333333333334,1,3,0,2,0,0,1,1,0,1,0,0,1,0
1696668318599399450,178,Entire home/apt,4,2,2,2,0,4.855617107797162,78704,House,0,0,1,4,0,1,0,0,1,1,0,0,0,0,0,0
842773545357954239,191,Entire home/apt,6,2,2,1,0,6.7440143933811285,78741,Apartment/Condo,0,8.666666666666666,53,2,0,1,0,0,1,1,0,1,1,1,0,1
19695459,104.5,Entire home/apt,2,1,1,1,0,2.2353356421884882,78722,Unique/other,1,8.833333333333334,2,32,0,2,0,0,1,1,0,1,0,0,0,1
19547838,134.66,Entire home/apt,2,1,1,1,0,5.155462850788215,78704,Guesthouse/Guest suite,1,8.916666666666666,5,45,0,1,0,0,1,1,0,0,0,0,0,1
1537772986588012074,181,Entire home/apt,3,1,1,1,0,5.8450736222581146,78704,Apartment/Condo,0,3.9166666666666665,16,8,0,1,1,0,1,1,1,1,0,1,1,1
1087642445424674898,126,Hotel/shared room,4,1,1,1,0,16.28896597730359,78753,Hotel-like,0,3.4166666666666665,23,0,0,1,1,0,1,1,1,0,0,1,1,1
1301432463154884805,324,Entire home/apt,4,2,2,2,0,3.295891823937896,78702,House,1,4.583333333333333,3,40,0,1,0,0,1,1,0,1,0,1,0,1
1423986862350235431,124.5,Entire home/apt,3,1,2,1,0,1.921288716525566,78703,Apartment/Condo,1,5.833333333333333,5,34,0,1,1,0,1,1,0,1,0,1,1,1
1288619605756397881,253,Entire home/apt,5,2,3,2,0,8.309941693643678,78745,Apartment/Condo,1,5.75,2,35,0,1,0,0,1,1,0,1,0,1,1,1
1369057136333994471,440.5,Entire home/apt,16,5,10,3,0,26.341156536445382,78737,House,1,9.333333333333334,1,41,0,2,1,1,1,1,0,1,0,0,1,1
582730727705671254,627,Entire home/apt,4,1,2,1,0,2.034456987676643,78701,Apartment/Condo,1,4.5,178,5,0,2,1,0,1,1,1,1,1,1,1,1
17994877,371,Entire home/apt,10,3,3,3,0,1.467658153386372,78702,Apartment/Condo,1,9.25,2,3,0,2,0,0,1,1,0,1,0,0,0,1
659364977794432620,333,Entire home/apt,4,2,2,1,0,7.257119203653701,78745,House,1,8.666666666666666,1,3,0,3,0,0,1,1,0,0,0,1,0,1
1264130550766586016,266.7,Entire home/apt,9,4,4,2,0,9.536151303257018,78744,House,1,5.333333333333333,11,19,0,2,0,1,1,1,0,1,0,1,1,1
1695157783147154079,214.5,Entire home/apt,3,1,2,1,0,1.6652094517104177,78702,House,1,4,87,3,0,2,0,0,1,1,0,1,0,1,1,1
1290624825044506176,217,Entire home/apt,4,1,1,1,0,5.139398004581028,78741,Apartment/Condo,0,10.083333333333334,1,0,1,1,1,0,1,1,1,1,1,1,0,0
52258289,467,Entire home/apt,3,1,1,1,0,2.759138390204866,78704,Apartment/Condo,0,10.25,1,0,0,3,1,0,1,1,0,1,0,0,0,1
1311657128692183769,170.42000000000002,Entire home/apt,2,1,2,1,0,4.1728371090962275,78751,Apartment/Condo,0,10.916666666666666,40,7,0,1,0,0,1,1,0,0,0,1,0,0
1417617639263186259,516,Entire home/apt,16,6,14,3.5,0,4.208665233115452,78741,House,1,5.083333333333333,12,18,0,2,1,0,1,1,0,1,0,1,0,1
1537649966964618005,211,Entire home/apt,4,1,2,1,0,3.626061556250622,78704,House,0,0.4166666666666667,1,19,0,2,0,0,1,1,0,1,0,1,0,1
1322766236989803004,862,Entire home/apt,16,15,24,9,0,7.6640345657673965,78723,House,1,2.75,12,8,0,1,1,0,1,1,0,1,0,1,0,1
1037341033806739887,1513,Entire home/apt,14,4,9,3,0,3.7684380856252715,78751,House,1,5.333333333333333,6,5,0,1,1,1,1,1,0,1,0,1,0,1
1563433492874390042,148,Entire home/apt,2,1,1,1,0,1.4099060469347657,78702,House,1,4.666666666666667,5,49,0,1,0,0,1,0,0,0,0,1,0,1
1523301200097782092,343,Entire home/apt,8,3,3,2,0,12.317894264286982,78745,House,1,0.6666666666666666,1,10,0,1,0,0,1,1,0,1,0,1,0,1
836232460321169232,277.9,Entire home/apt,4,2,2,1,0,2.342581533009488,78702,Apartment/Condo,1,3.25,1,23,0,2,0,0,1,1,0,1,0,1,0,1
1253753090540565676,269,Entire home/apt,10,4,5,3.5,0,7.122277264221242,78723,House,0,3.75,31,22,0,1,0,0,1,1,0,1,0,1,0,1
1305887442432655658,113,Private room,3,1,1,1,0,19.41551199810747,78729,Hotel-like,1,1.5,5,10,0,1,1,0,1,1,0,0,0,0,0,1
1040545807465123356,225.38000000000002,Entire home/apt,8,3,3,2.5,0,13.642601793862134,Other,House,0,7,1,1,0,1,0,0,1,1,0,1,0,1,0,1
202187,126,Entire home/apt,2,1,2,1,0,2.9585536481406436,78704,Guesthouse/Guest suite,1,14.833333333333334,1,65,0,1,0,0,1,1,0,0,0,0,0,0
1476241884460120743,96.43,Entire home/apt,2,1,1,1,0,2.4799868911378096,78705,Apartment/Condo,0,0.75,1,2,0,7,0,0,1,1,0,1,0,1,0,0
1062202478619875281,192,Entire home/apt,4,2,3,2,0,14.22701805441599,78758,House,1,2.4166666666666665,1,18,0,3,0,0,1,1,0,1,0,1,1,1
940996765544943075,370,Entire home/apt,8,4,4,3.5,0,12.940150043618358,78744,House,1,9.75,2,30,0,2,1,0,1,1,1,1,0,1,1,0
1252070109496155428,202,Entire home/apt,4,2,2,2,0,15.81639192441411,Other,House,1,1.6666666666666665,1,19,0,1,0,0,1,1,0,1,0,1,0,1
622315870502676035,140.5,Entire home/apt,3,1,2,1,0,6.41554352182932,78757,Guesthouse/Guest suite,1,13.916666666666666,7,18,0,1,0,0,1,1,0,1,0,1,1,1
27318014,485,Entire home/apt,4,2,2,2.5,0,23.793378165241712,Other,House,0,7.75,1,0,0,2,0,0,1,1,0,1,0,1,0,1
1632138127074879211,127.81,Private room,2,3,3,2,0,15.501682425473906,Other,House,0,3.6666666666666665,1,1,0,1,0,0,1,1,0,1,0,0,0,1
1087630741293466243,136,Hotel/shared room,4,1,1,1,0,16.28896597730359,78753,Hotel-like,0,3.4166666666666665,23,0,1,1,1,0,1,1,1,0,0,1,1,1
1650025503519604912,798,Entire home/apt,15,4,9,3.5,0,3.2035303738320526,78702,House,1,8.333333333333334,18,6,0,1,1,0,1,1,0,1,0,1,1,1
1497122218432522389,198.56,Entire home/apt,2,1,1,1,0,15.4322558173086,78753,Apartment/Condo,1,1.3333333333333333,25,8,0,1,1,0,1,1,1,1,0,1,0,1
1325387117054411732,522.66,Entire home/apt,6,3,3,2,0,3.5975233294268,78704,House,1,1.3333333333333333,1,23,0,1,0,0,1,1,0,1,0,0,0,1
920248982973847068,301,Entire home/apt,4,2,2,2.5,0,2.311993172757464,78702,House,1,10.333333333333334,41,17,0,1,0,0,1,1,0,1,0,1,0,1
560693870400925524,251.5,Entire home/apt,7,3,5,2,0,2.8769689654587314,78722,House,1,11.25,3,25,0,2,0,0,1,1,0,1,1,1,1,1
1671517107287178829,60,Private room,2,1,1,1,0,14.618992803392425,78724,Apartment/Condo,0,0.08333333333333333,1,6,0,1,1,0,1,1,1,1,1,1,0,0
1221619916633991043,156,Entire home/apt,4,1,1,1,0,4.428241420640341,78704,Apartment/Condo,0,3.9166666666666665,26,25,0,1,0,0,1,1,1,1,0,1,0,1
937595726620426069,527.9599999999999,Entire home/apt,11,4,7,2.5,0,20.8523882589751,78734,House,1,4.833333333333333,4,45,0,2,0,0,1,1,0,1,0,1,0,1
16236845,236,Entire home/apt,13,5,8,2.5,0,1.7247014206185514,78702,House,1,9.5,8,64,0,1,1,0,1,1,0,1,0,1,0,1
1001135283050236831,245.5,Entire home/apt,10,2,2,2.5,0,2.466431382042086,78702,House,1,14,1,31,0,1,0,0,1,1,0,0,0,0,1,1
32240694,302.67,Entire home/apt,4,1,2,1,0,0.5366644991041707,78701,Apartment/Condo,1,11.166666666666666,17,0,0,3,1,0,1,0,1,1,0,0,0,1
1655219690903661394,227,Entire home/apt,4,1,2,2.5,0,21.152016189045185,Other,House,1,11.083333333333334,23,22,0,1,0,1,1,1,0,1,0,1,1,1
45103482,236,Entire home/apt,12,4,6,2,0,1.6095023798972439,78702,House,1,9.5,8,87,0,1,1,0,1,1,0,1,0,0,0,1
1338829574677310006,226.82000000000002,Entire home/apt,3,1,1,1,0,2.1925972725187,78704,Apartment/Condo,0,5.583333333333333,10,4,0,1,1,0,1,1,1,1,0,1,1,1
1414925336463731944,195,Entire home/apt,10,4,5,2,0,2.5401946622539007,78702,House,1,2.25,1,16,0,2,0,0,1,1,0,1,0,1,1,1
630623809593870330,307.95,Entire home/apt,6,3,4,2.5,0,20.4568451753784,78729,House,0,8.916666666666666,1,8,0,2,1,0,1,1,0,1,0,1,0,1
1308866648359223599,288.33,Entire home/apt,8,3,4,2,0,9.32936667960511,78744,House,1,12.333333333333334,10,0,0,2,0,0,1,1,0,1,0,1,1,1
979942480449571798,314,Entire home/apt,9,3,5,2.5,0,7.369569839813476,78723,House,0,3.6666666666666665,1,0,0,2,0,0,1,1,0,1,0,1,1,1
40561326,368.5,Entire home/apt,5,2,2,2,0,2.0429906686633648,78703,House,0,9.166666666666666,2,4,0,2,0,0,1,1,0,1,0,1,0,1
817316136680367954,907,Entire home/apt,14,5,7,4,0,4.717926178629873,78741,House,1,8.916666666666666,16,14,0,1,1,1,1,1,0,1,0,1,0,1
1564003510954985238,395,Entire home/apt,13,4,13,3,0,15.459886079807236,Other,House,0,1.75,2,18,0,1,0,0,1,1,0,1,0,1,1,1
2394931,378.5,Entire home/apt,4,2,2,2,0,6.026542396508705,78704,Apartment/Condo,0,12.333333333333334,1,0,1,2,1,0,1,1,0,1,0,0,0,0
30319588,535,Entire home/apt,4,1,2,1,0,0.7720120473693878,78701,Apartment/Condo,1,12.416666666666666,10,0,0,1,1,0,1,0,1,1,0,0,0,1
1614654851380477556,481.5,Entire home/apt,12,6,6,4,0,3.835413683619174,78704,House,1,10.333333333333334,41,1,0,1,1,0,1,1,0,1,0,1,0,1
1582858109388518385,906.3499999999999,Entire home/apt,12,6,6,6.5,0,4.208001403180516,78741,House,1,4.5,178,3,0,2,1,1,1,1,0,1,0,1,1,1
5262010,222.53,Entire home/apt,4,2,2,2,0,5.258530686552636,78723,House,1,11.416666666666666,3,52,0,1,0,0,1,1,0,1,0,1,0,0
1693184015419945784,218,Entire home/apt,5,2,3,1,0,2.0323827185791052,78705,House,1,5.833333333333333,18,2,0,1,0,0,1,1,0,1,1,1,1,1
1691507117841177667,217,Entire home/apt,2,1,1,1,0,13.338318515826955,Other,Apartment/Condo,0,0.08333333333333333,1,0,1,1,1,0,1,1,1,1,1,0,1,1
31838560,272,Entire home/apt,4,2,2,1.5,0,23.302236075268574,Other,House,1,7.333333333333333,1,16,0,1,1,0,1,1,0,1,0,1,0,1
625406386099419975,324,Entire home/apt,4,2,2,1,0,3.7518349039856846,78704,House,1,12.083333333333334,23,11,0,1,0,0,1,1,0,1,0,1,1,1
1404469125278940343,416.33,Private room,6,2,3,2,0,0.6975746032994078,78701,Hotel-like,0,3,60,0,1,3,1,0,1,1,1,1,0,0,0,0
1590047396560278227,209,Entire home/apt,6,2,2,1,0,2.4677500043373928,78705,House,0,3.9166666666666665,48,3,0,1,0,0,1,1,0,1,0,0,1,1
681527199059397985,253.56,Entire home/apt,11,4,8,2.5,0,15.527264440663416,Other,House,1,3.3333333333333335,8,18,0,2,0,1,1,1,0,1,0,1,1,1
1369203126386677566,289,Entire home/apt,6,2,3,1,0,7.190582068453844,78745,House,0,11.833333333333334,4,12,0,1,0,0,1,1,0,1,0,1,1,1
859952031812812619,318.5,Entire home/apt,12,4,6,3,0,6.095649284819266,78741,House,1,4.333333333333333,3,29,0,2,1,1,1,1,1,1,0,1,1,1
912301221602028827,428.8,Private room,8,4,4,4,0,7.97119734111113,78752,Hotel-like,0,3.25,92,1,0,1,1,0,1,1,1,0,0,1,1,1
838772583650080323,273.5,Entire home/apt,6,3,3,2.5,0,4.460252220881987,78721,House,1,3.9166666666666665,7,5,0,2,0,0,1,1,0,1,0,1,1,1
1586506534370575903,411.5,Entire home/apt,7,3,4,2,0,7.584375166859927,78745,House,0,9.916666666666666,2,11,0,2,0,1,1,1,0,1,0,0,1,0
1603043944133096671,630,Entire home/apt,12,4,6,3,0,4.446147726699756,78703,House,0,0.3333333333333333,1,2,0,1,0,0,1,1,0,1,0,1,1,0
52445744,360,Entire home/apt,6,3,3,2,0,3.5679110210030824,78741,House,0,14.25,3,3,0,3,0,0,1,1,0,1,0,1,1,1
32891450,183,Entire home/apt,2,1,1,1,0,4.556846113984175,78702,Unique/other,1,6.666666666666667,1,16,0,2,0,1,1,1,0,0,0,1,0,1
1562610492524319348,199.70999999999998,Entire home/apt,6,4,4,1,0,10.776765847513557,78753,House,1,1.6666666666666665,1,8,0,2,0,0,1,1,0,1,0,1,0,1
755127136247127258,221,Private room,2,1,1,1,0,1.1316646940003843,78705,Hotel-like,0,6.333333333333333,11,0,1,1,1,0,1,0,0,0,0,0,1,0
1596829692343579470,541.5,Entire home/apt,10,4,7,2,0,11.973960929765152,78758,House,0,0.25,1,12,0,2,1,0,1,1,0,1,0,0,0,1
629447119230352322,1041,Entire home/apt,9,5,6,4,0,6.563915201746319,Other,House,0,4,1,0,0,6,1,0,1,1,1,1,1,1,1,1
53742391,102.71000000000001,Entire home/apt,2,1,1,1,0,9.485940813645302,78745,Guesthouse/Guest suite,1,3.6666666666666665,1,16,0,2,0,0,1,1,0,0,0,0,0,1
873745857241010524,266,Entire home/apt,4,1,2,1,0,2.118106016949074,78701,Apartment/Condo,0,12.333333333333334,20,17,0,1,1,0,1,0,0,1,1,0,0,0
10859293,122,Entire home/apt,3,1,2,1,0,3.1536535459409647,78702,Unique/other,1,10.333333333333334,1,10,0,2,0,0,1,1,0,0,0,0,0,0
1343443677141425999,218.63,Entire home/apt,7,3,4,2,0,15.147026751504699,Other,House,1,1.25,1,51,0,1,1,0,1,1,1,1,0,1,0,1
1339857451547752875,223,Entire home/apt,6,1,1,1,0,18.239636419027587,Other,Apartment/Condo,0,1.3333333333333333,1,0,0,1,1,1,1,1,0,0,0,1,0,0
1633521708675689592,1963,Entire home/apt,12,6,7,4,0,24.0301714270092,78734,House,0,0.25,1,7,0,2,0,1,1,1,1,1,1,0,0,0
31175588,245.5,Entire home/apt,4,2,2,1,0,3.639712025034285,78702,House,0,8.333333333333334,1,0,0,2,0,0,1,1,0,1,0,1,0,1
1474885128302823422,425.5,Entire home/apt,8,4,3,2.5,0,3.4437381226562294,78702,House,1,2,8,11,0,2,0,0,1,1,0,1,0,1,0,1
670897801691003107,748.2,Entire home/apt,6,3,3,3.5,0,4.066828283331362,78704,Apartment/Condo,0,7,1,0,1,5,1,0,1,1,0,1,0,1,0,0
45533428,226.33,Entire home/apt,4,1,2,1,0,2.68661649305402,78704,Guesthouse/Guest suite,1,5.666666666666667,1,29,0,3,0,0,1,1,0,0,0,0,0,1
45218453,232,Entire home/apt,2,1,1,1.5,0,8.940177746708784,78724,House,1,5.666666666666667,1,11,0,6,0,0,1,1,0,1,0,1,1,1
16379302,799,Entire home/apt,14,5,9,4,0,2.2873336054534263,78702,House,1,9.416666666666666,1,10,0,1,0,0,1,1,0,1,0,1,0,1
363944,855.5,Entire home/apt,12,5,6,4,0,3.5623967740399416,78704,House,0,14.25,9,0,0,4,0,0,1,1,0,1,1,1,1,1
53933533,600.99,Entire home/apt,16,8,22,5.5,0,25.682554772087027,78737,House,1,11.666666666666666,6,39,0,2,1,1,1,1,0,1,0,1,1,1
1457308230171048439,259.33,Entire home/apt,5,2,3,1,0,2.1925972725187,78704,Apartment/Condo,0,5.583333333333333,10,12,0,1,1,0,1,1,1,1,0,1,1,0
2516299,209.98000000000002,Entire home/apt,2,1,1,1,0,1.897501020056594,78705,Apartment/Condo,1,12.916666666666666,3,17,0,2,1,0,1,1,0,1,0,1,0,1
1304455692201675238,322.5,Entire home/apt,6,2,2,2,0,4.031285074747266,78704,House,0,10.666666666666666,1,2,0,4,0,1,1,1,1,1,0,1,0,1
579641379819657196,518,Entire home/apt,10,4,5,3.5,0,2.2643522807143697,78702,House,1,7.25,31,13,0,1,1,0,1,1,0,1,0,0,0,1
1452307325395203328,150.25,Entire home/apt,2,1,1,1,0,3.545955214771986,78704,Apartment/Condo,1,12.75,1,2,0,2,1,0,1,1,0,0,0,1,0,1
7811193,388,Entire home/apt,10,3,5,2,0,18.405020094169952,Other,House,1,10.916666666666666,3,30,0,2,0,0,0,1,0,0,0,1,0,0
1504010839399218765,165.47,Entire home/apt,6,2,3,1,0,7.475205594782485,78752,House,1,0.75,1,63,0,1,0,0,1,1,0,1,0,0,1,1
44319776,131,Entire home/apt,2,1,1,1,0,14.513107424745884,Other,Guesthouse/Guest suite,1,5.833333333333333,1,13,0,2,0,0,1,1,0,0,0,1,0,1
1436189210435702514,577.5,Entire home/apt,13,4,9,3.5,0,2.365161310756122,78702,House,0,9.25,47,6,0,2,1,0,1,1,0,1,0,1,1,1
6854195,187.5,Entire home/apt,4,2,4,1,0,1.1760039545593641,78702,Guesthouse/Guest suite,1,11,2,15,0,2,0,0,1,1,0,0,0,1,0,1
1220903546379405100,186.67,Entire home/apt,6,2,2,2,0,4.379462487692203,78704,Apartment/Condo,0,3.9166666666666665,26,20,0,1,0,0,1,1,1,0,0,1,0,1
975992,873,Entire home/apt,9,5,5,2,0,5.308192910635297,78721,House,0,13.25,1,0,1,5,0,0,1,1,0,1,0,0,0,0
943410339390077830,568.5,Entire home/apt,6,3,4,3,0,26.142056916151873,Other,House,1,5.666666666666667,7,11,0,2,0,0,1,1,0,1,0,1,0,1
607789673878508156,155,Entire home/apt,2,1,1,1,0,2.9418680222442277,78751,Guesthouse/Guest suite,1,4.333333333333333,2,75,0,1,0,0,1,1,1,0,1,1,0,1
1129803045416939429,101,Entire home/apt,3,1,2,1,0,4.517415783879212,78741,Apartment/Condo,0,6.833333333333333,43,7,0,1,0,0,1,1,0,1,0,1,0,1
1568498991563452283,212.5,Entire home/apt,8,3,4,2,0,11.064593684995158,78758,House,1,3.4166666666666665,1,23,0,1,0,0,1,1,0,1,0,1,0,1
1107180787536819137,687,Entire home/apt,8,5,5,4,0,16.36249044575068,78737,House,0,13.916666666666666,1,0,0,5,0,1,1,1,0,1,0,1,0,1
1073377811934184638,172,Entire home/apt,2,2,2,2,0,2.4255495506336846,78705,Apartment/Condo,0,2.3333333333333335,1,0,0,1,0,0,1,1,0,1,0,1,1,0
1692044037880414697,411,Entire home/apt,10,3,5,2.5,0,4.368928267390747,78721,House,1,10.333333333333334,41,0,1,1,0,0,1,1,0,1,0,1,1,1
30313956,385,Private room,2,1,1,1,0,13.903150482476622,Other,Hotel-like,0,7.583333333333333,8,0,1,1,1,0,1,1,0,0,0,1,0,0
49277714,150.33,Entire home/apt,2,1,2,1,0,16.451202058240565,78737,Guesthouse/Guest suite,1,4.333333333333333,1,15,0,3,1,0,1,1,0,0,0,1,1,1
5391565,311.33,Entire home/apt,8,3,3,2.5,0,21.42426903616158,Other,House,1,11.333333333333334,1,10,0,3,0,1,1,1,0,1,0,1,1,1
1404399055215513030,416.33,Private room,6,2,3,2,0,0.7690127445634286,78701,Hotel-like,0,3,60,0,1,3,1,0,1,1,1,1,0,0,0,0
1380020403097836187,315,Entire home/apt,8,3,3,2,0,21.662162640718112,78734,House,1,2.5833333333333335,1,33,0,1,0,0,1,1,0,1,0,1,1,1
654361785885405639,217,Entire home/apt,2,1,1,1,0,5.140460377617513,78704,Apartment/Condo,0,4,1,0,1,1,1,0,1,0,0,1,0,1,0,0
1510455368334231823,234,Entire home/apt,6,1,3,1,0,2.165017824568122,78703,Apartment/Condo,1,7.75,7,34,0,1,1,0,1,1,0,1,0,1,1,1
1517614209224692581,128,Private room,2,1,1,1,0,5.322389736036955,78751,House,0,11.333333333333334,1,2,0,1,0,0,1,0,0,1,0,1,0,1
1574095480560507754,131,Entire home/apt,2,1,1,1,0,13.812225302110795,78753,House,1,9.166666666666666,6,19,0,1,1,1,1,1,0,0,0,1,1,1
1503811946429397270,246,Entire home/apt,4,1,2,1,0,4.5377151522432,78704,Apartment/Condo,1,0.75,3,13,0,1,0,0,1,1,1,1,0,1,0,1
747846127668119852,195,Entire home/apt,4,1,2,1,0,19.327473774575346,Other,Apartment/Condo,0,3.5833333333333335,2,14,0,1,1,0,1,1,1,1,0,0,0,1
1574228733597000385,179,Entire home/apt,4,1,2,1,0,4.220996472246894,78751,Apartment/Condo,1,0.8333333333333334,2,15,0,2,1,0,1,1,0,1,1,1,1,1
1521869937587597751,288.5,Private room,4,1,2,1,0,0.8019661732503977,78701,Hotel-like,0,4.333333333333333,4,0,1,2,1,1,1,1,0,0,0,0,0,1
866633214269957020,499.2,Private room,16,4,8,4,0,7.928942318938001,78752,Hotel-like,0,3.25,92,0,1,1,1,0,1,1,1,0,0,1,1,1
1645715050067179497,298,Entire home/apt,9,4,5,3,0,10.659063673715357,Other,House,0,0.16666666666666666,1,8,0,2,0,0,1,1,0,1,0,1,0,1
1668236655325793621,537.5,Entire home/apt,12,4,5,2.5,0,19.25391728949641,Other,House,1,1.5833333333333335,6,5,0,2,1,1,1,1,0,1,0,1,1,0
1243436818532901248,431,Entire home/apt,4,1,2,1,0,0.6355322789503304,78701,Apartment/Condo,0,1.75,5,1,0,1,1,0,1,1,0,0,0,1,0,0
1441670055893696973,155,Entire home/apt,3,1,2,1,0,2.036112170983658,78705,Apartment/Condo,0,6.916666666666667,25,13,0,1,0,0,1,1,0,1,0,1,0,1
1611791290281798435,228.23999999999998,Private room,2,1,1,2.5,0,4.471948504211961,78721,House,0,2.25,1,0,1,1,0,0,1,1,0,1,0,0,0,0
571042321928357805,560,Entire home/apt,7,5,5,4,0,10.135874961672501,78753,House,1,2.3333333333333335,1,12,0,1,0,0,1,1,0,1,0,1,0,1
1579079675447811690,230,Entire home/apt,4,2,2,2,0,2.271628145348711,78702,House,1,0.4166666666666667,1,38,0,1,0,0,1,1,0,1,0,1,0,1
27134726,604,Private room,4,1,1,1,0,0.713305709617245,78701,Hotel-like,0,8.833333333333334,2,0,0,2,1,0,1,0,1,1,0,0,0,1
1550889823662360534,350,Entire home/apt,4,2,2,2.5,0,4.202843255052684,78704,House,0,0.5833333333333334,1,3,0,1,0,0,1,1,0,1,0,1,0,1
1612680551495724064,456.5,Entire home/apt,4,3,3,2,0,9.093006784526615,78745,House,0,13.25,1,1,0,4,1,1,1,1,0,1,0,0,1,0
1336263922212057282,161.5,Entire home/apt,4,1,2,1,0,10.224391998430779,78724,Unique/other,1,14.166666666666666,9,17,0,2,1,1,1,1,0,1,0,0,0,1
1700263615713384657,232.5,Entire home/apt,4,1,2,1,0,0.7895320081906801,78701,Apartment/Condo,1,8.666666666666666,9,0,1,2,1,1,1,0,1,1,0,0,0,1
1426064315662693514,441.33,Entire home/apt,6,3,3,3,0,5.593817893197925,78704,House,1,1.4166666666666667,2,4,0,3,0,0,1,1,0,1,0,0,0,1
1661533789921233350,97,Private room,1,1,1,0.5,1,5.739655644245104,78741,Apartment/Condo,0,0.16666666666666666,1,0,1,1,0,0,1,1,0,1,0,0,0,0
853133255217880886,189.81,Entire home/apt,4,1,2,1,0,2.0337686689317334,78701,Apartment/Condo,1,4.5,178,9,0,2,1,0,1,1,1,1,0,0,1,1
1927188,476.75,Entire home/apt,5,2,2,1,0,5.219414273803453,78721,House,0,12.166666666666666,2,0,0,4,0,0,1,1,0,1,0,0,1,1
5085831,554.1700000000001,Entire home/apt,8,4,4,3.5,0,10.553892460570934,Other,House,0,11.416666666666666,1,0,0,3,1,0,1,1,0,1,1,1,0,1
1481223437676070719,165.47,Entire home/apt,5,2,3,1,0,0.9298587688496185,78705,Apartment/Condo,1,7.75,2,32,0,1,0,0,1,1,0,1,0,1,1,1
1351791938143211197,163,Entire home/apt,4,1,2,1,0,2.0401906084430896,78704,Apartment/Condo,0,2.1666666666666665,19,8,0,1,1,0,0,1,0,1,0,1,1,1
1628388187463671262,308.5,Entire home/apt,5,2,2,2,0,4.969649573232951,78723,Apartment/Condo,0,0.25,1,2,0,2,1,0,1,1,0,1,0,1,0,1
575555562354583304,386,Entire home/apt,5,2,3,1.5,0,0.9474881414730052,78701,Apartment/Condo,1,4.5,14,26,0,1,0,0,1,1,0,1,0,0,0,1
1581416104849377866,209.98000000000002,Entire home/apt,4,1,2,1,0,2.2756916139826076,78702,Guesthouse/Guest suite,1,9.75,1,21,0,1,0,0,1,1,0,1,0,1,0,1
687015681760444792,106,Private room,2,1,1,1,0,17.10873316166643,78753,House,1,2.8333333333333335,1,8,0,2,0,0,1,1,0,0,0,0,0,1
922540031379464565,432,Entire home/apt,8,3,4,2,0,2.8522574697193344,78722,House,1,9.75,33,6,0,1,0,0,1,1,0,1,0,1,0,1
1370452801973022672,964.5,Entire home/apt,8,4,4,4,0,2.8205056803621624,78722,House,1,1.25,4,2,0,2,0,0,1,1,0,1,0,1,1,1
5396676,262,Entire home/apt,6,2,3,2.5,0,1.0043673112674665,78702,House,1,13.25,4,43,0,1,1,0,1,1,0,1,0,1,1,1
1214041922509272247,629.5,Entire home/apt,8,4,6,3.5,0,2.1875914545887687,78702,House,1,8.25,13,21,0,2,0,0,1,1,0,1,0,1,0,1
706618025734854269,316,Entire home/apt,4,1,2,1,0,2.1601061340788115,78701,Apartment/Condo,1,8.833333333333334,38,9,0,1,1,0,1,0,1,1,1,1,0,1
582678080873363663,310,Entire home/apt,6,2,3,1.5,0,2.029573029055548,78701,Apartment/Condo,0,10.5,9,24,0,1,1,0,1,0,1,1,1,1,1,1
1453051800937544680,393,Entire home/apt,6,3,3,2,0,15.930694258053386,78758,House,1,3,1,19,0,1,0,0,1,1,0,1,0,1,0,0
1655119241934860306,568,Entire home/apt,8,3,4,2.5,0,1.923208531909252,78702,House,1,5.166666666666667,11,5,0,2,1,0,1,1,0,1,0,0,1,1
1720604,514,Entire home/apt,8,4,4,2.5,0,5.96459896130116,78746,House,0,12.666666666666666,1,0,0,2,1,0,1,1,0,1,0,1,0,1
1644450288613435446,233,Private room,5,2,3,1,0,13.302149497495805,Other,Hotel-like,0,3.1666666666666665,3,1,0,1,1,0,1,0,0,1,0,1,1,0
1459419592880704151,78.5,Entire home/apt,4,1,2,1,0,4.219711685459199,78704,Apartment/Condo,0,3,1,27,0,2,1,0,1,1,0,1,0,1,1,1
1531390757110283177,351.63,Entire home/apt,12,3,8,2.5,0,3.3273729884577596,78702,House,1,4.5,178,12,0,2,1,0,1,1,0,1,0,0,1,1
11694690,388,Private room,2,1,1,1,0,19.744950464947582,Other,House,0,10.25,1,0,0,3,1,0,1,1,0,0,0,0,0,0
1436744137624246784,100.42,Entire home/apt,2,1,1,1,0,2.251503951353746,78703,Apartment/Condo,0,1,1,0,1,1,1,0,1,1,0,1,0,1,0,0
1481569615029994269,190.8,Entire home/apt,2,1,1,1,0,11.101459706435874,78757,Apartment/Condo,0,2.6666666666666665,2,12,0,1,1,0,1,1,1,1,1,0,0,1
902731812547727131,236.83,Entire home/apt,8,4,4,2.5,0,13.175385832064022,Other,House,0,5.083333333333333,1,2,0,6,0,1,1,1,0,1,0,1,1,1
1203544495220332054,108,Entire home/apt,2,1,1,1,0,10.073631524117848,78724,Apartment/Condo,0,3.5,35,1,0,5,0,0,1,1,1,1,1,1,1,1
1077651108061775177,254.48000000000002,Entire home/apt,4,2,2,2,0,14.396980927530093,78758,Apartment/Condo,1,4.5,178,1,0,2,0,0,1,1,0,1,0,1,1,1
2532215,1445.6699999999998,Entire home/apt,6,3,3,3,0,5.175146275143493,78704,House,0,11.333333333333334,1,1,0,2,1,1,1,1,0,1,0,1,1,1
1248195928147960796,627,Entire home/apt,10,3,5,2,0,6.527939536569718,78723,House,1,1.6666666666666665,1,17,0,2,1,0,1,1,0,1,0,1,1,1
1120847434855109938,221,Entire home/apt,4,2,2,1,0,26.216103724047237,Other,House,1,2.1666666666666665,3,63,0,1,0,0,1,1,0,1,0,1,1,1
1615333100903741995,491,Entire home/apt,10,4,10,2,0,8.054328676798802,78745,House,1,14.416666666666666,7,0,1,3,0,0,1,1,0,1,0,0,1,0
39410317,204,Private room,2,1,1,1,0,1.1913986704429782,78705,Hotel-like,0,6.333333333333333,11,0,1,1,1,0,1,0,0,0,0,0,1,0
12964897,1124.06,Entire home/apt,16,5,13,3.5,0,23.748496664443106,78734,House,1,10.083333333333334,5,4,0,2,0,0,1,1,0,1,0,0,1,0
1627763867331356710,1290,Entire home/apt,16,10,10,10,0,2.1939077739541974,78702,Apartment/Condo,0,9.833333333333334,28,0,1,1,0,0,1,0,1,1,0,1,1,1
1184933389879291021,456.46999999999997,Entire home/apt,8,3,5,2,0,2.352078951294644,78702,House,1,1.8333333333333335,1,20,0,1,0,0,1,1,0,1,0,1,0,0
1387655583459235095,351,Entire home/apt,11,5,5,3,0,20.326588970015706,Other,House,0,4.5,3,6,0,1,1,0,1,1,0,1,0,0,0,1
53586478,722.5,Entire home/apt,11,6,7,2,0,1.4479149872580765,78702,House,0,4.5,1,11,0,2,0,0,1,1,0,1,0,0,1,1
1609098204543141939,222,Entire home/apt,6,3,3,3,0,23.521466663396755,Other,House,0,0,1,1,0,1,0,1,1,1,0,1,0,1,1,1
839054124040353444,1722.5,Entire home/apt,10,3,6,2,0,2.620641938877242,78704,House,1,12.25,5,0,0,2,1,1,1,1,0,1,0,1,0,1
1369031004106068720,336.5,Entire home/apt,4,2,2,2,0,2.9944554380551107,78722,House,1,1.25,4,23,0,2,0,0,1,1,0,1,0,1,1,1
1616215597980914339,131.85000000000002,Entire home/apt,3,1,2,1,0,17.801980553521005,Other,Apartment/Condo,1,1.0833333333333333,2,8,0,2,1,0,1,1,1,1,0,1,0,1
1506432562469274221,152,Entire home/apt,4,1,2,1,0,3.5595846193107974,78751,Apartment/Condo,1,2.3333333333333335,1,20,0,1,1,0,1,1,0,1,0,1,1,1
840486327946394769,126,Entire home/apt,2,1,1,1,0,5.899571305975335,78723,Unique/other,1,3.25,1,28,0,2,0,0,1,1,0,0,0,0,0,1
956421573166823765,166,Entire home/apt,4,1,2,1,0,1.4050083397475417,78705,Apartment/Condo,0,4,19,12,0,1,0,0,1,1,0,0,0,1,0,1
31270775,405.5,Entire home/apt,10,5,5,3,0,16.26455912687719,Other,House,1,7.5,1,3,0,2,0,0,1,0,0,1,0,1,0,1
1237226936507255149,156.55,Entire home/apt,4,3,4,2,0,12.921943520879443,Other,House,1,5.583333333333333,2,0,1,7,0,0,1,1,0,1,0,1,1,1
1684986865528128246,155,Entire home/apt,4,1,1,1,0,5.877575231980623,78704,Apartment/Condo,0,9.333333333333334,47,0,1,1,0,0,1,1,0,0,0,0,0,0
1288732326041439534,400.67,Entire home/apt,12,5,7,3.5,0,24.523943797928133,Other,House,1,2.1666666666666665,1,2,0,3,0,0,1,1,0,1,0,1,1,0
1648906718494005146,188,Entire home/apt,5,2,3,2,0,7.880813744750636,78752,House,0,0.08333333333333333,1,3,0,1,0,0,1,1,0,1,0,1,0,1
1071033728756776692,171.5,Entire home/apt,3,1,1,1,0,2.9397956694122476,78704,Guesthouse/Guest suite,1,11.333333333333334,1,19,0,2,0,0,1,1,0,0,0,0,0,1
1248659936608118910,942.3299999999999,Entire home/apt,8,4,4,3,0,3.807332194282398,78704,House,1,8.833333333333334,10,22,0,2,1,1,1,1,0,1,0,1,1,1
15131298,344,Entire home/apt,6,3,4,2,0,13.357976520191848,78758,House,0,12.583333333333334,1,5,0,1,0,0,1,1,0,0,0,0,1,1
556423488737948891,569.4499999999999,Entire home/apt,16,5,12,3.5,0,2.92060976476568,78704,House,1,9.75,2,17,0,1,1,1,1,1,0,1,0,1,1,0
1527700474100063681,191,Entire home/apt,2,1,1,1,0,15.486449701859959,78753,Apartment/Condo,1,1.3333333333333333,25,4,0,1,1,0,1,1,1,1,0,1,0,1
749972825676952141,203.5,Entire home/apt,4,1,2,1,0,1.6130436936182249,78703,Apartment/Condo,1,5.25,23,0,1,2,1,0,1,0,1,1,0,1,0,1
1537926731574608499,375,Entire home/apt,14,4,6,2.5,0,15.019813707543296,Other,House,1,3.1666666666666665,3,20,0,2,1,0,1,1,0,1,0,0,1,1
50245387,294.5,Entire home/apt,10,4,4,3,0,7.336783934534957,78741,House,0,5.333333333333333,1,36,0,1,0,1,1,1,0,1,1,1,1,1
18255361,170,Entire home/apt,4,2,3,1,0,2.840908072557846,78702,Guesthouse/Guest suite,1,11.833333333333334,5,74,0,1,0,0,1,1,0,1,0,0,0,1
844957049763974854,193,Entire home/apt,4,1,2,1,0,1.6130436936182249,78703,Hotel-like,1,3.6666666666666665,30,0,1,2,1,0,1,0,1,1,0,1,0,1
21004527,149.17,Entire home/apt,2,1,1,1,0,5.194687134290136,78741,Apartment/Condo,0,10.916666666666666,1,0,0,6,0,0,1,1,0,1,0,1,0,1
1618838201486742082,499.27,Entire home/apt,8,3,4,2.5,0,1.992854101268725,78702,House,0,0.3333333333333333,1,8,0,2,0,0,1,1,0,1,0,1,0,0
736258287650808627,672.9,Entire home/apt,16,7,13,4,0,6.470980296423544,78741,House,1,6.833333333333333,10,43,0,2,1,1,1,1,0,1,0,1,0,1
23683402,277,Entire home/apt,2,1,1,1,0,3.245072050712309,78704,Guesthouse/Guest suite,1,8.166666666666666,1,16,0,1,0,0,1,0,0,1,0,1,0,1
38517571,308.33,Private room,3,2,2,1,1,11.177057074718979,Other,House,0,6.75,1,0,1,3,0,0,1,1,1,1,0,1,1,0
1395030844947256938,1598,Entire home/apt,4,2,1,1,0,4.282817557761794,78704,Apartment/Condo,0,6.666666666666667,1,0,0,2,0,0,1,1,0,0,0,1,1,0
1531936472121918208,281,Entire home/apt,6,2,4,1,0,3.2655500764321204,78702,House,1,10.333333333333334,41,5,0,1,0,0,1,1,0,1,0,1,0,1
1239047485496847352,237,Entire home/apt,2,1,1,1,0,14.106653670157758,78758,Apartment/Condo,0,3.1666666666666665,1,1,0,1,1,0,1,1,1,1,1,0,0,0
844958371331632852,461.5,Entire home/apt,8,3,4,3,0,1.6130436936182249,78703,Hotel-like,1,3.6666666666666665,30,0,1,2,1,0,1,0,1,1,0,1,0,1
631282171079910619,302,Entire home/apt,6,2,3,1,0,12.841551599196729,78753,House,1,3.75,1,7,0,1,0,0,1,1,0,1,0,0,0,1
1532025709682848338,220,Entire home/apt,4,2,2,2,0,5.814131142402317,78704,Apartment/Condo,1,4.5,178,1,0,1,1,0,1,0,0,1,0,0,1,1
35798331,592.3299999999999,Entire home/apt,4,2,2,1,0,2.573651303318585,78702,Guesthouse/Guest suite,1,12,1,13,0,2,0,0,1,1,0,1,0,1,0,1
28163068,476.2,Entire home/apt,10,4,6,3,0,2.2529374322000515,78702,House,1,8.916666666666666,4,37,0,1,0,0,1,1,1,1,1,1,1,1
1642502108012099322,143.75,Entire home/apt,8,3,4,2.5,0,8.691608350838731,78744,House,1,6.833333333333333,14,3,0,2,0,0,1,1,0,1,0,1,1,1
37711261,1345.5,Entire home/apt,16,9,11,6,0,24.116377832395504,78737,House,1,4.25,5,3,0,2,0,0,1,1,0,0,0,0,1,1
1090550170965735458,399.5,Entire home/apt,12,4,9,2,0,15.879071170757348,Other,House,0,2.3333333333333335,1,26,0,2,1,1,1,1,0,1,0,0,1,1
17446923,160,Entire home/apt,6,2,4,1,0,7.286434068216305,78723,House,0,9.25,1,2,0,2,0,0,1,1,0,0,0,0,1,1
1173988536973478356,161.62,Entire home/apt,3,1,2,1,0,14.203050150015786,78758,Apartment/Condo,1,2,1,29,0,1,1,0,1,1,1,1,1,1,0,1
38776369,600,Entire home/apt,4,2,2,2,0,3.56849024995431,78704,House,0,9,15,22,0,2,1,1,1,1,0,1,0,1,0,1
21066752,222,Entire home/apt,4,1,3,1,0,25.192897301921878,78734,Apartment/Condo,1,8.666666666666666,1,11,0,2,0,1,1,1,0,0,0,1,1,1
1435164489836335585,157.39000000000001,Entire home/apt,8,2,3,1.5,0,5.7570471718270335,78704,Apartment/Condo,1,3,24,4,0,2,0,0,1,1,0,1,0,1,0,0
1709636155917811346,322,Entire home/apt,8,3,6,2,0,4.116358014374614,78704,House,0,5.166666666666667,23,0,1,1,1,0,1,1,0,1,0,1,0,0
746639263359993443,906,Entire home/apt,13,7,7,4,0,9.548794703813424,78745,House,1,4.666666666666667,13,8,0,2,0,0,1,1,0,1,0,1,1,1
1401550617520821845,181.59,Entire home/apt,7,1,4,1,0,4.375467237843081,78751,Apartment/Condo,1,1.5,9,24,0,3,1,0,1,1,0,1,1,1,1,1
975608623790321789,161,Entire home/apt,2,1,1,1,0,1.4744890149087342,78703,Apartment/Condo,1,2.6666666666666665,1,15,0,2,0,0,1,1,0,1,0,1,0,1
1601602256943928986,483.1,Entire home/apt,12,5,6,3,0,4.209209628391918,78704,House,1,6.583333333333333,2,8,0,2,1,0,1,1,0,1,0,0,0,1
42271787,770.5,Entire home/apt,8,3,3,2.5,0,2.2331101058035134,78702,House,0,12.833333333333334,1,0,0,2,1,1,1,1,0,1,0,1,0,0
18427534,207.69,Entire home/apt,5,1,2,1,0,3.1106715165797323,78702,Apartment/Condo,0,2,1,0,1,1,1,1,1,1,0,1,0,1,1,0
1649458960731620547,119.03,Entire home/apt,4,2,2,2.5,0,5.562106339430067,78741,Apartment/Condo,0,1.4166666666666667,38,0,1,2,0,0,1,0,0,1,0,0,1,1
1680015687518985670,194,Entire home/apt,4,2,2,2.5,0,7.181961999186728,78723,House,0,0.08333333333333333,1,0,1,1,0,0,1,1,0,1,0,0,1,0
575337086081365497,661,Entire home/apt,8,3,5,3,0,14.204134688250143,78753,House,1,12.666666666666666,2,21,0,2,1,1,1,1,0,1,0,1,1,1
1425554688195682209,187,Entire home/apt,10,2,5,2,0,19.543192021547114,78729,House,0,3.75,31,25,0,1,0,0,1,1,0,1,0,1,0,1
1221841130184158156,258,Entire home/apt,5,2,3,2.5,0,3.9782287314809874,78722,House,1,1.8333333333333335,1,55,0,1,1,0,1,1,0,1,1,1,0,1
35717558,457,Entire home/apt,4,2,2,2,0,2.687095428456401,78702,House,1,9.25,2,22,0,3,0,0,1,1,0,1,0,1,0,1
510168,358,Entire home/apt,6,3,3,2,0,14.082739079870834,Other,House,1,12.083333333333334,1,10,0,2,0,1,1,1,0,1,0,0,1,0
1539227698927561562,515.9399999999999,Entire home/apt,16,5,8,4,0,3.089802548544233,78702,House,1,4.916666666666667,6,27,0,1,1,0,1,1,0,1,0,1,0,0
1465939000093226052,148,Private room,2,1,1,1,0,5.127469247577471,78721,Apartment/Condo,1,7.25,31,34,0,1,0,0,1,1,0,0,0,1,0,1
45564394,102.94000000000001,Entire home/apt,2,1,1,1,0,3.394382162091949,78704,Apartment/Condo,1,10.833333333333334,1,2,0,7,1,0,1,1,1,1,0,1,1,1
979698145262468534,160,Private room,2,1,1,1,0,1.4183671642113185,78703,Hotel-like,1,9.666666666666666,5,8,0,1,0,0,1,1,0,0,0,0,1,1
914773207916816087,271,Entire home/apt,6,3,3,2,0,7.47955199202917,78752,House,0,6.833333333333333,16,51,0,1,0,0,1,1,1,1,0,1,0,1
711110195014767460,202,Entire home/apt,7,4,4,2,0,9.359696881601504,78745,House,1,4.666666666666667,13,29,0,2,0,0,1,1,0,1,0,1,1,1
550825415826120113,238.5,Entire home/apt,7,3,4,2,0,12.700112152147772,78745,House,1,4.25,1,26,0,2,0,0,1,1,0,1,0,1,1,1
1332702066370043630,1491,Entire home/apt,16,10,30,10,0,2.4926174891131954,78702,House,1,7.833333333333333,27,13,0,1,0,1,1,1,0,1,1,1,1,1
1052126180597285054,136,Entire home/apt,2,1,1,1,0,8.300574429831755,78757,Apartment/Condo,0,8.666666666666666,53,19,0,1,0,0,1,1,0,1,0,1,1,1
53754713,378,Entire home/apt,6,2,3,2,0,2.0344506760781464,78701,Apartment/Condo,0,5.166666666666667,23,14,0,1,1,0,1,1,1,1,1,1,0,0
54123605,245.5,Entire home/apt,3,1,3,1,0,1.5308915028795098,78702,House,1,4.25,1,19,0,2,0,0,1,1,0,0,0,1,0,1
19840017,862,Entire home/apt,16,6,8,5,0,2.9392678368965095,78703,House,1,8.916666666666666,16,6,0,1,1,0,1,1,0,1,0,1,0,1
1087245094989757323,400,Entire home/apt,10,4,5,3,0,2.185056492785215,78702,House,1,3.0833333333333335,2,17,0,2,0,0,1,1,0,1,0,1,0,0
1373885162069466422,1179.33,Entire home/apt,10,5,5,5,0,22.384489899787223,78734,House,0,1.25,1,3,0,3,1,1,1,1,0,1,0,0,0,0
1517453751825142646,366.5,Entire home/apt,8,4,4,3.5,0,4.267716248043172,78704,Apartment/Condo,1,3,24,9,0,2,1,1,1,1,0,1,0,1,0,0
988978009659981845,535,Entire home/apt,4,1,2,1,0,0.5396127419681158,78701,Apartment/Condo,1,2.75,26,0,0,1,1,0,1,0,1,1,0,0,0,1
12941286,320,Entire home/apt,6,2,2,1.5,0,4.292782372992406,78721,House,0,6.333333333333333,1,0,1,2,0,0,1,1,0,1,0,0,0,0
21128602,236,Entire home/apt,6,3,3,1,0,7.210312954993054,78745,House,1,14.916666666666666,2,52,0,1,0,0,1,1,1,1,0,1,1,1
922366991903421305,502.4,Private room,12,4,4,4,0,12.652508568276351,Other,Hotel-like,0,3.25,92,0,1,1,0,0,1,0,1,0,0,1,1,1
1237760079994322625,99,Entire home/apt,2,1,1,1,0,12.534835785582466,Other,Unique/other,1,1.8333333333333335,2,46,0,1,0,0,1,1,0,0,0,1,1,1
1689945866853738853,369,Entire home/apt,6,2,3,2,0,2.031239973204237,78701,Apartment/Condo,1,8.833333333333334,38,0,1,1,1,0,1,0,1,1,1,1,1,1
3386939,450,Entire home/apt,4,1,2,1,0,3.1673213908755424,78702,Guesthouse/Guest suite,1,10.333333333333334,4,57,0,1,0,0,1,1,0,1,0,1,0,1
7839215,314,Entire home/apt,3,1,1,1,0,5.297441593258714,78746,House,1,10.833333333333334,1,4,0,3,0,0,1,1,0,0,0,1,1,0
1396482045660351670,187.15,Entire home/apt,2,1,1,1,0,15.398040634471576,78753,Apartment/Condo,1,1.3333333333333333,25,10,0,1,1,0,1,1,1,1,0,1,0,1
1371247424401224854,252.5,Entire home/apt,4,2,3,2.5,0,1.9198362167698495,78702,House,1,2.3333333333333335,1,23,0,2,0,0,1,1,0,1,0,1,1,1
5401641,895.91,Entire home/apt,6,4,5,4,0,3.7363661767042857,78703,House,0,11.333333333333334,1,0,0,5,1,0,1,1,0,1,0,1,0,1
1709701412516526327,390,Entire home/apt,8,4,4,2,0,3.005865585825481,78722,House,0,0.5833333333333334,2,0,1,1,0,1,1,1,0,1,0,1,1,0
1560904341392598826,1712,Entire home/apt,6,3,4,3,0,2.6843607345863902,78704,House,0,8.083333333333334,1,0,1,1,1,0,1,1,0,1,0,1,0,0
1217409774904624618,314,Entire home/apt,5,2,2,2,0,2.694518831129091,78702,House,0,1.75,1,1,0,2,0,0,1,1,0,1,0,0,0,1
43603249,160,Entire home/apt,3,1,1,1,0,3.759500999121549,78751,Guesthouse/Guest suite,0,4,1,7,0,2,0,0,1,1,0,0,0,1,0,1
822654708835929790,488,Entire home/apt,10,3,6,2,0,6.739463832648771,78704,House,0,3.25,4,20,0,1,1,0,1,1,0,1,0,1,1,1
49249637,261.25,Entire home/apt,6,3,4,2.5,0,4.88374742335318,78703,Apartment/Condo,0,11.583333333333334,6,24,0,3,0,0,1,1,0,1,1,1,0,1
844957823295281417,236,Entire home/apt,6,2,3,2,0,1.6130436936182249,78703,Hotel-like,1,3.6666666666666665,30,0,0,2,1,0,1,0,1,1,0,1,0,1
50805111,302.5,Entire home/apt,12,3,5,2.5,0,3.1174141719398927,78702,House,0,4.916666666666667,1,3,0,2,0,0,1,1,1,1,0,1,1,1
16222316,246,Entire home/apt,6,3,3,3,0,3.2864889530925763,78704,House,1,9.75,7,37,0,2,0,0,1,1,0,1,0,1,0,1
48343709,130,Entire home/apt,3,1,1,1,0,5.685623238377206,78721,Unique/other,1,10.333333333333334,41,9,0,1,0,0,1,1,0,0,0,0,1,1
5418428,1142,Entire home/apt,2,1,1,1,0,10.133877103635212,Other,Guesthouse/Guest suite,0,11.25,1,0,1,1,0,0,1,1,0,1,0,1,0,0
4050950,155,Entire home/apt,4,2,2,1,0,3.363565395733523,78702,House,1,14.333333333333334,9,49,0,1,0,0,1,1,0,1,0,1,1,1
1707604016138471950,377,Entire home/apt,9,4,6,3,0,10.447683679495904,Other,House,0,0,1,1,0,1,1,1,1,1,0,1,0,1,1,1
45864799,285.5,Entire home/apt,12,4,8,4,0,11.741730729024454,78753,House,0,4.833333333333333,2,20,0,2,0,0,1,1,0,1,0,0,0,1
1679140197484622580,191,Entire home/apt,5,1,2,1,0,4.292245548944132,78751,Apartment/Condo,1,1.25,5,4,0,1,0,0,1,1,0,1,1,1,1,1
23468465,220,Entire home/apt,4,2,2,1,0,2.212134874201336,78702,House,1,11.666666666666666,1,103,0,1,0,0,1,1,0,1,1,1,0,1
1693091601161805067,1503,Entire home/apt,16,10,18,6,0,4.054959360388111,78702,House,1,4.083333333333333,12,0,1,1,1,1,1,1,0,1,1,1,0,1
42335575,40.24,Entire home/apt,1,1,1,1,0,13.097816586124864,78758,Guesthouse/Guest suite,1,13,2,0,0,1,0,0,1,1,0,0,0,0,0,0
1518097391349096018,178.25,Entire home/apt,4,1,2,1,0,2.0505179687787196,78705,Apartment/Condo,1,0.6666666666666666,3,24,0,1,1,0,1,1,0,0,0,1,1,1
958651068436909067,901,Entire home/apt,8,4,4,4.5,0,2.3980331158694503,78705,House,1,11.083333333333334,9,16,0,2,1,0,1,1,0,1,0,1,0,1
1418845993515695144,2435.67,Entire home/apt,7,2,4,1,0,3.0293176016670316,78702,House,1,6.5,7,4,0,2,1,0,1,1,0,1,0,1,1,1
918978409468156188,120,Entire home/apt,2,1,1,1,0,6.50390930641943,78741,Apartment/Condo,0,3,1,3,0,2,1,0,1,1,0,1,0,1,0,1
4931574,396,Entire home/apt,16,4,15,3,0,7.163892524390521,78741,House,1,11.416666666666666,5,29,0,1,1,0,1,1,0,1,0,1,1,1
1394269598581407063,225.38000000000002,Entire home/apt,5,2,3,1,0,3.3789075939540285,78704,House,1,1.1666666666666667,1,13,0,2,0,0,1,1,0,1,0,0,1,1
52507823,155,Entire home/apt,4,1,2,1,0,24.41521907120305,78737,Guesthouse/Guest suite,1,7.083333333333333,6,23,0,2,0,0,1,1,0,1,0,1,1,1
565860587974125858,97,Private room,2,2,2,1,1,13.099669548193361,78744,House,0,3,1,1,0,1,0,0,1,1,0,1,0,1,0,0
1663838577808286218,584.22,Entire home/apt,8,3,3,2.5,0,21.148762931678053,78734,House,1,4.5,178,4,0,2,1,1,1,1,0,1,0,1,1,1
648654328647539089,533,Entire home/apt,16,5,9,4,0,2.0168739994659255,78701,Apartment/Condo,1,4.166666666666667,20,23,0,1,1,0,1,0,1,1,1,1,0,1
1481816680394072742,288,Entire home/apt,9,4,5,2,0,9.554496924382752,78745,House,0,4.25,37,9,0,2,0,0,1,1,0,1,0,1,1,1
866865441055202201,467,Private room,16,4,8,4,0,7.928942318938001,78752,Hotel-like,0,3.25,92,0,1,1,1,0,1,1,1,0,0,1,1,1
1642738237446521604,916,Entire home/apt,16,4,14,3.5,0,6.7897493028958404,78745,House,1,10.333333333333334,41,3,0,1,1,1,1,1,1,1,0,1,0,1
576854465284085740,113,Entire home/apt,4,1,1,1,0,17.707198265699606,Other,Guesthouse/Guest suite,1,4.25,2,77,0,1,0,0,1,1,0,0,0,1,1,1
1605346509959648627,267.04,Entire home/apt,10,2,4,2,0,5.070170308088907,78741,Apartment/Condo,1,1.0833333333333333,3,20,0,1,1,0,1,1,1,1,1,0,1,1
699112228861014890,79.39,Private room,2,4,1,3.5,1,4.817155369400162,78723,House,0,3.4166666666666665,3,1,0,7,0,0,1,1,0,1,0,1,0,1
1644402085322738503,1190,Entire home/apt,14,5,7,4.5,0,19.166953384152272,Other,House,0,6.5,5,2,0,1,0,0,1,1,0,1,0,1,0,0
10609096,730,Entire home/apt,7,3,3,0,0,8.142505647741947,78723,House,0,10.416666666666666,1,2,0,1,0,0,1,1,0,1,0,1,1,1
736359053592247696,226,Entire home/apt,6,2,3,2,0,11.590874721998008,Other,House,1,4,1,23,0,2,0,0,1,1,1,1,0,1,0,1
636971600472005039,156,Entire home/apt,2,1,1,1,0,2.9466279739213097,78704,Guesthouse/Guest suite,1,12.25,2,70,0,1,0,0,1,1,0,1,0,1,1,1
1545915686131810459,236,Entire home/apt,3,1,1,1,0,3.770969756879197,78704,Apartment/Condo,1,1,3,5,0,2,1,0,1,0,1,1,0,1,0,1
1243485364288148409,950.22,Entire home/apt,10,4,8,2,0,16.642219739702227,Other,House,0,2.5,3,22,0,1,1,1,1,1,0,1,1,1,1,1
1147210214799704905,444,Hotel/shared room,3,1,1,1,0,26.113937906418407,78734,Hotel-like,0,3.1666666666666665,48,0,1,1,1,0,1,0,1,0,0,1,1,1
1604557514897082339,204.75,Entire home/apt,5,2,2,1.5,0,2.5343041480240878,78704,House,1,1.5833333333333335,1,32,0,1,0,0,1,1,0,1,0,0,0,0
1267512863119631457,424.5,Entire home/apt,12,3,9,2,0,3.7068941753393228,78702,House,1,4.5,2,11,0,2,1,1,1,1,0,1,0,0,0,1
1527637364353057416,135.12,Private room,2,1,1,1,1,14.757684057583946,Other,House,0,1.3333333333333333,8,0,1,1,0,0,1,1,0,0,0,1,0,1
1435170330571951478,151.81,Entire home/apt,8,2,3,1.5,0,5.7570471718270335,78704,Apartment/Condo,1,3,24,4,0,2,0,0,1,1,0,1,0,1,0,0
1474089961511390190,443,Private room,6,2,3,2,0,0.7559629420661363,78701,Hotel-like,0,2.25,7,3,0,2,1,0,1,0,0,1,0,0,0,1
714176891290488547,361.5,Private room,6,2,3,2,0,0.7704450056369456,78701,Hotel-like,0,3.6666666666666665,25,0,1,2,1,1,1,0,1,1,0,1,0,1
4848222,286,Entire home/apt,10,3,6,1,0,1.9304452578322904,78702,House,0,13.916666666666666,2,7,0,1,0,0,1,1,0,1,0,0,1,1
53280392,414,Entire home/apt,8,4,4,2,0,20.285304186963028,78729,House,1,10.333333333333334,12,13,0,1,0,0,1,1,0,1,0,1,1,1
866864980919738331,454.4,Private room,16,4,8,4,0,7.912159579234698,78752,Hotel-like,0,3.25,92,0,1,1,1,0,1,1,1,0,0,1,1,1
1654416706226827579,226.41,Private room,2,1,1,2,0,10.60528950807913,78744,Apartment/Condo,1,0.5833333333333334,2,0,1,1,1,0,1,1,1,1,1,1,1,0
1191535313858421610,434.5,Entire home/apt,13,5,8,4,0,23.94064778561753,78734,Unique/other,1,4.666666666666667,47,14,0,2,0,0,1,1,0,1,0,1,0,1
23088541,135,Entire home/apt,3,1,1,1,0,5.566131971915508,78721,Apartment/Condo,0,1.0833333333333333,23,9,0,1,0,0,1,1,0,1,0,1,0,1
49836965,564,Entire home/apt,8,4,5,3,0,1.7282179765265806,78702,House,1,10.333333333333334,1,10,0,2,0,0,1,1,0,1,0,1,1,1
8253891,141,Entire home/apt,2,1,1,1,0,1.8638356856262124,78703,Guesthouse/Guest suite,1,11.916666666666666,1,44,0,2,0,0,1,1,0,0,0,1,1,1
971659837287184393,288,Entire home/apt,16,5,8,3,0,6.9521057091724545,78723,House,1,2.75,12,88,0,1,1,0,1,1,0,1,0,1,0,1
1336385247882686671,119.67999999999999,Entire home/apt,4,2,2,2,0,3.4838393855222907,78704,Apartment/Condo,0,1.3333333333333333,1,5,0,3,1,0,1,1,0,1,0,0,0,0
1206129059680314643,382,Entire home/apt,6,3,3,2,0,21.806455497399877,78729,House,1,1.9166666666666665,1,5,0,1,0,0,1,1,0,1,0,1,1,1
1436593270970907071,262.46999999999997,Entire home/apt,9,3,5,2,0,19.67161620518257,Other,House,1,1,1,37,0,2,0,0,1,1,0,1,0,1,0,1
1441697832189349460,230,Entire home/apt,3,1,2,1,0,14.269538274152167,78758,Apartment/Condo,1,0.9166666666666666,1,35,0,1,1,0,1,1,1,1,1,1,0,0
41376736,512.6700000000001,Entire home/apt,4,2,3,1,0,4.97054427699732,78723,House,0,8.833333333333334,1,0,0,3,1,0,1,1,0,0,0,0,0,1
528338,159,Entire home/apt,3,1,4,1,0,2.618002153432629,78704,Apartment/Condo,1,14,2,19,0,1,0,0,1,1,0,1,1,1,0,1
735722397196877809,286.33,Entire home/apt,7,3,4,2,0,10.344564454298165,78745,House,1,5.5,2,0,0,2,0,0,1,1,0,0,0,1,1,1
25027246,157,Entire home/apt,2,1,1,1,0,5.802831036772313,78721,Unique/other,0,6.583333333333333,1,2,0,1,0,0,1,1,0,0,0,0,0,1
746291993768554823,146.5,Entire home/apt,4,1,1,1,0,3.4464835081841176,78702,Guesthouse/Guest suite,0,1.0833333333333333,23,41,0,2,0,0,1,1,0,1,0,1,0,1
881292429630085567,56.5,Private room,1,4,3,2.5,0,17.16075489168253,Other,House,0,1.0833333333333333,3,12,0,2,0,0,1,1,0,1,0,1,0,1
41242072,116.5,Entire home/apt,3,1,1,1,0,7.170827198862221,78757,Guesthouse/Guest suite,1,6.416666666666667,1,29,0,2,0,0,1,1,0,0,0,0,0,1
1121089160737012986,156,Entire home/apt,5,2,3,1,0,7.769270489923587,78723,Apartment/Condo,0,6.833333333333333,43,8,0,1,1,0,1,0,1,1,0,1,0,1
1536439049476087331,172,Entire home/apt,4,2,2,1,0,3.166248100418947,78702,Apartment/Condo,1,0.4166666666666667,1,35,0,1,0,0,1,1,0,1,0,0,0,0
51846371,231,Entire home/apt,6,3,4,2,0,12.695230717372839,Other,House,1,7.75,3,24,0,2,0,0,1,1,0,1,1,1,1,1
1206552773007276026,390.28,Entire home/apt,6,3,3,3.5,0,2.1134607306913593,78702,House,1,5.833333333333333,12,43,0,3,1,0,1,1,0,1,0,1,0,1
1459711727604617024,186.5,Entire home/apt,4,1,2,1,0,17.93217886961716,Other,Apartment/Condo,1,0.9166666666666666,2,13,0,2,1,0,1,1,1,1,1,1,0,1
752441225497214182,485,Entire home/apt,6,2,2,3,0,2.316851653296835,78703,House,0,3.5833333333333335,1,0,0,2,0,0,1,1,0,0,0,1,1,1
1642796796098772183,1923.6,Entire home/apt,16,9,24,7.5,0,24.203274099777133,78737,House,1,4.416666666666667,6,3,0,1,1,1,1,1,0,1,0,1,0,0
959106398057967977,285.6,Private room,9,3,3,3,0,7.0580975699302675,78745,Hotel-like,0,3.25,92,0,1,1,0,0,1,0,1,1,0,1,1,1
927517999452917466,313.83,Entire home/apt,8,3,4,2,0,16.242365669146874,Other,House,0,3.9166666666666665,1,1,0,6,0,0,1,1,1,1,0,1,0,1
1633087874285951287,81.69,Private room,2,1,1,1,1,8.892385922778214,78745,House,1,7,6,1,0,2,0,0,1,1,0,1,0,0,1,1
1341243515337956639,443.5,Entire home/apt,8,3,5,3,0,9.594396201285091,78724,House,0,1.3333333333333333,1,6,0,2,0,0,1,1,0,1,0,1,0,0
1115490905324173265,130.33,Entire home/apt,3,1,2,1,0,2.3893014244268143,78705,Apartment/Condo,0,2.25,1,32,0,2,0,0,1,1,0,1,0,1,1,1
42142951,325,Entire home/apt,3,1,1,1,0,7.316461662893406,78745,Guesthouse/Guest suite,1,14.25,1,10,0,1,0,0,1,1,0,1,0,0,1,1
1182640638844956401,212.91,Hotel/shared room,2,1,1,1,0,1.0901504103393052,78705,Hotel-like,0,3.1666666666666665,48,0,0,1,1,0,1,0,1,0,0,1,1,1
48621066,507.5,Entire home/apt,6,3,4,2,0,5.028980769016318,78704,House,0,7.333333333333333,2,11,0,2,1,1,1,1,0,1,0,1,0,1
333442,445.5,Entire home/apt,10,5,5,3,0,4.905321050655123,78703,House,1,14.333333333333334,1,9,0,1,1,0,1,1,0,1,0,1,1,0
762968697018752184,946.25,Entire home/apt,14,5,4,3.5,0,4.401942231952446,Other,House,1,5.583333333333333,1,17,0,1,1,1,1,1,0,1,1,1,1,1
741158298794872147,361.33,Entire home/apt,6,2,3,2.5,0,3.402703474082049,78704,Guesthouse/Guest suite,0,9.25,47,13,0,2,0,0,1,1,0,1,0,1,0,1
1667443989518593463,163,Entire home/apt,3,1,2,1,0,8.671650113978405,78745,House,1,1.25,19,2,0,1,0,0,1,1,0,1,1,1,1,1
1625405792723159243,508,Entire home/apt,8,4,4,3,0,1.6709468702042523,78702,House,1,7.25,31,17,0,1,1,0,1,1,0,1,1,1,0,1
1606052005271653031,124.5,Entire home/apt,4,1,2,1,0,4.259818102753376,78751,Apartment/Condo,0,0.3333333333333333,1,13,0,1,1,0,1,1,0,0,0,1,1,1
1080468382899410272,262.5,Entire home/apt,6,2,4,2,0,14.873394792625014,Other,House,0,3.9166666666666665,48,3,0,2,0,0,1,1,0,1,0,1,0,1
14069917,264,Entire home/apt,6,2,2,2,0,26.075927934682237,78734,House,0,10.25,17,1,0,2,1,0,1,1,0,1,0,0,0,0
26914567,908,Entire home/apt,12,6,8,2.5,0,0.4244165477550928,78701,Apartment/Condo,0,7.833333333333333,1,1,0,1,0,0,1,0,1,1,0,1,0,1
1585935081520633173,785.5,Private room,6,2,3,2,0,0.6988047059357079,78701,Hotel-like,0,0.6666666666666666,6,0,1,2,1,0,1,0,1,1,0,0,0,1
1418251730513307715,160.25,Entire home/apt,7,3,5,2,0,13.474058401101853,Other,House,1,0.8333333333333334,1,12,0,2,1,0,1,1,0,1,0,1,1,1
912299184800149774,321.6,Private room,6,3,3,3,0,7.982164423610465,78752,Hotel-like,0,3.25,92,0,1,1,1,0,1,1,1,0,0,1,1,1
1555523491208888492,219,Entire home/apt,6,2,3,2.5,0,2.983058937339831,78702,House,0,0.5,1,44,0,1,0,0,1,0,0,1,1,0,0,1
38818528,134.5,Entire home/apt,3,1,1,1,0,8.362465839329372,78745,Guesthouse/Guest suite,1,6.75,1,7,0,2,0,0,1,1,0,0,0,0,0,1
1434427702625562560,179.5,Entire home/apt,2,1,1,1,0,26.75161498595834,Other,Apartment/Condo,0,7,67,5,0,2,0,0,1,0,0,1,0,1,1,0
20641339,337,Entire home/apt,4,2,2,1.5,0,1.379704420919502,78703,Apartment/Condo,0,8.75,1,16,0,1,0,0,1,1,0,1,0,1,0,1
1215273200778077728,531,Entire home/apt,14,3,7,2,0,2.8148381721601927,78705,House,1,7.833333333333333,27,94,0,1,1,0,1,1,0,1,1,1,1,1
1453130860248579467,112.98,Entire home/apt,5,1,1,1,0,1.6634639855788846,78705,Apartment/Condo,1,0.9166666666666666,9,46,0,1,0,1,1,1,0,1,0,0,0,1
1648875138739886936,167.28,Entire home/apt,2,1,1,1,0,3.0830368581728322,78704,Apartment/Condo,0,7,67,0,1,2,0,0,1,0,0,1,0,1,1,0
1117076062473183592,333.88,Entire home/apt,4,1,2,1,0,2.121768321002482,78701,Apartment/Condo,1,8.833333333333334,38,40,0,1,1,0,1,0,1,1,1,1,1,1
1161629115689383350,156,Entire home/apt,4,1,2,1,0,3.8724740418983905,78741,Apartment/Condo,0,8.666666666666666,53,23,0,1,1,0,1,1,0,1,1,1,1,1
1696463672215439200,382,Entire home/apt,8,3,3,2,0,5.118605915824683,78741,House,0,0,1,0,1,1,0,0,1,1,0,1,0,1,1,0
1269217829481171470,305.84000000000003,Entire home/apt,6,3,3,2,0,16.00556345704966,78758,House,1,1.6666666666666665,5,13,0,1,0,0,1,1,0,1,0,0,1,1
1707015664746629995,147,Entire home/apt,5,3,2,1,0,8.093941780006464,78745,House,0,0,1,0,1,1,0,0,1,1,0,1,0,1,0,0
922780233270245870,475,Entire home/apt,6,3,3,2,0,12.474021760099868,78744,House,1,2.9166666666666665,1,15,0,1,1,0,1,1,1,1,0,1,0,1
1196501583982042465,311.5,Entire home/apt,6,2,3,1,0,24.766718940602473,78737,Guesthouse/Guest suite,0,1.9166666666666665,1,0,0,2,0,1,1,1,0,1,0,1,0,1
1160828660197922555,107,Entire home/apt,2,1,4,1,0,10.152187271754086,78758,Guesthouse/Guest suite,1,2.0833333333333335,1,9,0,3,0,0,1,1,0,0,0,1,1,1
1447961762258894061,452.6,Entire home/apt,9,3,6,2.5,0,2.5169902490192335,78702,House,0,9.25,47,0,1,2,1,0,1,1,0,1,0,1,1,1
39155115,733,Entire home/apt,16,5,15,3,0,2.525703643812047,78705,House,1,6.666666666666667,3,23,0,2,1,0,1,1,0,1,1,0,0,1
1263796019698666939,723,Entire home/apt,12,5,7,3.5,0,1.4571470099393475,78702,House,1,1.6666666666666665,6,5,0,1,0,1,1,1,0,1,0,1,0,0
1655915586388494084,182.4,Entire home/apt,4,2,2,2,0,4.66455907225875,78704,Apartment/Condo,1,4.5,178,0,1,1,1,0,1,0,0,1,0,0,1,0
1187731812835614611,297.5,Entire home/apt,8,4,4,3,0,3.0492819006982295,78702,House,1,7.25,31,43,0,1,0,1,1,1,0,1,0,1,1,1
1210930219900368269,114,Entire home/apt,6,2,2,1,0,4.062054007728026,78741,Apartment/Condo,0,8.666666666666666,53,11,0,1,1,0,1,1,0,1,1,1,1,1
4184049,192.03,Entire home/apt,16,6,9,4,0,6.8249834828530025,78745,House,1,13.75,1,36,0,1,0,1,1,1,0,1,0,1,1,1
589849560944438855,328,Entire home/apt,7,4,4,2.5,0,10.696029774823653,78758,House,1,1.8333333333333335,36,21,0,1,0,0,1,1,0,1,0,1,1,1
926123903119304723,257.5,Entire home/apt,4,2,2,2.5,0,2.2056959178852575,78722,House,0,13.333333333333334,1,0,0,4,0,0,1,1,0,1,0,1,1,0
1668086742628017876,82,Hotel/shared room,4,1,2,1,0,7.817970403685817,78741,Hotel-like,0,0.8333333333333334,6,0,1,1,0,0,1,0,0,1,0,1,1,0
997054758518821023,235,Entire home/apt,2,1,1,1,0,2.9908371341274145,78702,Guesthouse/Guest suite,1,5.833333333333333,3,29,0,2,0,0,1,1,0,0,0,0,0,1
1172491496357025803,389,Entire home/apt,4,2,2,2.5,0,3.4743546960613236,78704,House,0,9.25,47,7,0,2,1,0,1,1,0,1,0,1,0,1
32106405,413,Entire home/apt,5,3,3,3,0,5.834601643154507,78721,House,0,10.833333333333334,1,4,0,2,0,0,1,1,0,1,1,1,0,1
1497299179631764855,834,Entire home/apt,15,4,7,4.5,0,1.8511597031172589,78702,House,1,3.75,2,20,0,1,0,0,1,1,1,1,0,1,0,0
947917333022430377,223.67,Entire home/apt,6,1,3,1,0,8.270763662395263,78745,Guesthouse/Guest suite,1,2.8333333333333335,1,27,0,1,0,1,1,1,0,1,0,1,0,1
1658811357139234289,1207.33,Hotel/shared room,2,1,1,1,0,1.9756706334360723,78704,Hotel-like,0,0.16666666666666666,47,0,1,1,1,0,1,0,1,0,1,1,1,1
47156486,137,Entire home/apt,3,1,2,1,0,5.311812808900024,78721,Unique/other,1,10.666666666666666,9,31,0,2,0,1,1,1,0,0,0,1,0,1
38359813,272,Entire home/apt,4,2,2,1,0,4.048550832238476,78702,House,1,9,2,6,0,2,0,0,1,1,0,1,0,1,1,1
1254468352675570456,131,Entire home/apt,3,1,2,1,0,7.83953625850886,78723,Apartment/Condo,0,6.833333333333333,43,25,0,1,1,0,1,1,1,1,0,0,0,1
1444906869467571263,180,Entire home/apt,6,2,2,2,0,5.547719566089661,78704,Apartment/Condo,0,8.666666666666666,53,10,0,1,1,0,1,1,0,1,0,1,1,1
584843068772659469,435,Entire home/apt,8,3,4,2,0,4.010850658567336,78704,House,1,6.166666666666667,16,25,0,2,0,0,1,1,0,1,0,1,0,1
1058138381046168182,250,Entire home/apt,8,4,4,3,0,5.4621514706136,78723,House,1,6.916666666666667,3,28,0,2,0,0,1,1,0,1,0,1,1,1
330301,154.5,Private room,8,2,2,1.5,0,19.550152982492552,78729,House,0,14.333333333333334,1,1,0,2,0,1,1,1,1,1,0,1,0,0
48101628,258.5,Entire home/apt,6,3,3,2,0,6.553049606582587,78723,House,1,8.666666666666666,8,5,0,2,0,0,1,1,0,1,0,1,1,1
1513436394384015173,228,Entire home/apt,10,2,4,2,0,5.17797063060292,78741,Apartment/Condo,1,1.0833333333333333,3,43,0,1,1,1,1,1,1,1,1,1,1,1
963725862626373596,450.77,Entire home/apt,9,5,5,2,0,3.5452500666437294,78704,House,1,2.75,1,13,0,2,0,0,1,1,0,1,0,1,0,1
50398611,211.12,Entire home/apt,4,2,2,1,0,3.0682019095409476,78704,House,1,6.75,10,25,0,1,0,0,1,1,0,0,0,1,1,1
873717678418395431,266,Entire home/apt,4,1,2,1,0,1.9961556488916743,78701,Apartment/Condo,0,12.333333333333334,20,16,0,1,1,0,1,0,1,1,1,1,0,0
805804750165070338,388,Entire home/apt,10,4,4,3,0,3.2724148595840767,78704,House,0,12.5,3,13,0,2,0,0,1,1,0,1,0,1,1,1
36205206,234.5,Entire home/apt,5,2,3,1,0,3.744916767398702,78751,House,1,6.916666666666667,2,28,0,2,0,0,1,1,0,1,0,0,1,1
8866139,377.5,Entire home/apt,4,2,2,2.5,0,21.24305996828008,Other,House,1,4.5,1,66,0,2,1,0,1,1,0,1,0,1,1,1
635652177342182239,372,Entire home/apt,6,2,3,2,0,2.0344506760781464,78701,Apartment/Condo,0,5.166666666666667,23,15,0,1,1,0,1,1,1,1,1,1,0,0
920910010921944265,387,Entire home/apt,8,3,4,2,0,8.571756370794983,Other,House,1,2.9166666666666665,3,1,0,3,0,0,1,1,0,1,0,1,1,1
1587341737715695717,286,Entire home/apt,7,3,5,2,0,5.9193168398897775,78721,House,1,11.75,1,24,0,1,0,0,1,1,0,1,0,1,0,1
1027499946009306471,1115,Entire home/apt,14,5,7,4,0,26.944975269581114,78734,House,1,2.5833333333333335,1,8,0,1,0,0,1,1,0,1,0,1,1,1
1659112764351388413,389.5,Entire home/apt,6,3,3,2,0,12.280366032572706,Other,House,0,0.16666666666666666,1,0,1,1,0,0,1,1,0,1,0,1,1,1
781708725659928366,213,Entire home/apt,8,3,5,2.5,0,1.6824228205460687,78705,Apartment/Condo,1,11.25,6,16,0,2,0,0,1,1,0,1,0,1,0,0
26169515,151,Entire home/apt,3,1,1,1,0,0.6470943585796941,78701,Apartment/Condo,0,8.916666666666666,5,31,0,1,0,0,1,1,0,1,0,0,1,1
1285063006425769999,445,Entire home/apt,12,4,6,2,0,11.679075750568511,78758,House,1,1.5833333333333335,1,28,0,2,1,0,1,1,0,1,0,1,0,1
1468590004974538107,125.53,Entire home/apt,3,1,1,1,0,3.880848465395933,78741,Apartment/Condo,1,1,8,45,0,1,1,0,1,1,1,0,0,0,0,1
1468079997367660804,108,Private room,3,1,1,1,1,15.519902293137227,Other,House,0,13.25,5,0,1,1,0,0,1,1,0,1,0,1,0,1
35844996,394.62,Entire home/apt,10,3,6,2,0,7.834671203605094,78752,House,1,7,1,61,0,2,0,0,1,1,0,1,0,1,1,1
1658927270774065938,138.4,Entire home/apt,4,1,2,1,0,5.814131142402317,78704,Apartment/Condo,1,4.5,178,0,1,1,1,0,1,0,0,1,0,0,1,1
1542108411024554182,157.5,Entire home/apt,8,3,4,1,0,2.8545672710261796,78702,House,1,0.6666666666666666,2,65,0,2,0,0,1,1,0,1,0,1,1,1
31467534,200,Entire home/apt,2,1,1,1,0,3.6365141869504796,Other,Guesthouse/Guest suite,0,13.333333333333334,1,5,0,2,0,0,1,1,0,1,0,0,0,1
1568218006505944740,412,Entire home/apt,10,3,6,2,0,8.324343114768295,78723,House,1,10.333333333333334,41,21,0,1,0,0,1,1,0,1,0,1,0,1
1574847239760360038,1916.6699999999998,Entire home/apt,16,9,11,5.5,0,3.131031536604923,78704,House,1,4.5,178,3,0,2,1,1,1,1,0,1,0,1,1,1
1706156067675303371,413,Entire home/apt,6,2,3,2,0,6.55179752424536,78741,Apartment/Condo,1,1.1666666666666667,9,1,0,2,1,0,1,1,1,1,1,1,0,1
49737284,1238.5,Entire home/apt,6,3,3,3,0,2.9001146243210276,78702,House,0,5.083333333333333,1,0,0,2,0,0,1,1,0,1,0,1,0,0
52427652,106.5,Entire home/apt,2,1,1,1,0,3.23352963087676,78702,Guesthouse/Guest suite,1,4.666666666666667,5,49,0,1,0,0,1,1,0,0,0,1,1,1
1127507207351593419,140,Entire home/apt,3,1,2,1,0,4.125044097433637,78702,Guesthouse/Guest suite,1,1.9166666666666665,1,30,0,2,0,0,1,1,0,0,0,1,0,1
1393861250572802322,172,Entire home/apt,6,1,4,1,0,5.662065907417048,78704,House,1,1.1666666666666667,4,55,0,1,0,0,1,1,0,1,0,0,0,1
1205073065902879256,528,Entire home/apt,2,1,1,1,0,1.9954079700307181,78702,House,0,13,1,1,0,2,0,0,1,1,0,1,0,0,0,0
1238620816999513686,308.5,Entire home/apt,6,3,3,2,0,21.40782830577593,Other,House,0,1.6666666666666665,1,8,0,2,0,0,1,1,0,1,0,1,0,1
1454675610504561500,135.12,Entire home/apt,4,2,2,1.5,0,6.385685323210431,78741,Apartment/Condo,0,0.9166666666666666,1,14,0,2,0,0,1,1,0,1,0,1,1,1
1017361979840206395,171.5,Entire home/apt,5,2,2,2,0,4.7554835390435155,78741,Apartment/Condo,0,3.9166666666666665,16,4,0,2,1,0,1,1,1,1,1,1,1,1
1263262506203297533,286.33,Private room,4,1,2,1,0,0.7895781375877242,78701,Hotel-like,0,1.8333333333333335,2,0,1,3,1,1,1,1,1,1,0,1,0,1
1000029644496615673,176.35000000000002,Entire home/apt,4,2,3,1,0,8.820569718255534,78745,House,0,4.083333333333333,2,4,0,1,0,0,1,1,0,1,1,1,0,1
1448642673703944778,148.81,Entire home/apt,5,2,2,2.5,0,2.300216507333103,78702,House,0,10.166666666666666,1,0,1,2,0,0,1,1,0,1,0,1,0,1
1629804240846769850,213.57,Entire home/apt,6,2,3,1.5,0,2.034456987676643,78701,Apartment/Condo,1,4.5,178,1,0,2,1,0,1,1,1,1,0,1,1,1
1439081559232111788,79.52,Entire home/apt,3,1,2,1,0,4.07739698253127,78751,Apartment/Condo,1,5.833333333333333,5,43,0,1,0,0,1,1,0,1,0,1,1,1
573331663356430216,354.5,Entire home/apt,4,2,3,1.5,0,11.898456243294765,Other,House,0,4.25,1,1,0,2,0,0,1,1,0,1,0,0,0,0
991573792511414993,246,Entire home/apt,6,3,3,2,0,8.913885839943157,78744,House,1,11.083333333333334,23,33,0,1,0,0,1,1,0,1,0,1,1,1
560094,427,Entire home/apt,8,4,5,3,0,5.189248291142345,78704,House,1,13.416666666666666,1,4,0,2,0,1,1,1,0,1,0,1,1,1
45987280,456,Entire home/apt,8,3,5,3,0,2.7280495431327556,78702,House,0,8.333333333333334,1,0,0,2,0,0,1,1,0,1,0,1,0,1
1238673634784034182,399.67,Entire home/apt,4,1,2,1,0,18.41987623133218,78729,Apartment/Condo,0,1.75,1,0,1,3,1,0,1,1,0,1,0,1,0,0
1423355675225830071,285,Entire home/apt,4,2,2,1,0,13.17121915025548,78758,House,1,2.8333333333333335,3,19,0,1,0,0,1,1,0,1,0,1,1,1
14671731,211.5,Entire home/apt,4,2,1,1,0,2.4984343900873727,78722,House,1,9.833333333333334,2,29,0,2,0,0,1,1,0,1,1,0,0,1
47528462,249,Entire home/apt,6,2,3,2,0,0.7679483395818422,78701,Apartment/Condo,1,5.583333333333333,5,0,0,2,1,0,1,0,1,1,0,1,0,1
1568332191522850683,320,Entire home/apt,8,3,4,2,0,11.962020640793718,Other,House,1,5.083333333333333,2,12,0,2,0,0,1,1,0,1,0,1,1,1
42685929,237,Entire home/apt,16,5,10,3,0,5.21576462449744,78721,House,1,6.25,6,76,0,1,1,0,1,1,0,1,0,1,0,1
10644981,433,Entire home/apt,4,1,1,1,0,3.1673213908755424,78702,Apartment/Condo,1,10.333333333333334,4,38,0,1,0,0,1,1,0,1,0,1,0,1
1245540564366818267,204.49,Entire home/apt,8,3,3,1,0,11.987401941053308,78758,House,0,3.5833333333333335,2,27,0,1,0,0,1,1,0,1,0,0,1,1
1557277372181085063,82,Hotel/shared room,2,1,1,1,0,7.075821270527795,78744,Hotel-like,0,1,4,1,0,1,1,0,1,1,1,0,0,1,0,1
1635940822742925963,143.44,Entire home/apt,3,1,1,1,0,14.260340748083856,78758,Apartment/Condo,0,0.25,1,15,0,2,0,1,1,1,1,1,1,1,0,1
42825784,1445.6699999999998,Entire home/apt,16,8,11,4.5,0,24.839303264043064,78734,House,1,5.916666666666667,1,5,0,3,0,0,1,1,0,1,0,0,1,1
31145312,160.5,Entire home/apt,2,1,1,1,0,2.9988411719752954,78704,Guesthouse/Guest suite,1,11.333333333333334,2,76,0,2,0,0,1,1,0,1,0,1,0,1
1654391278318552046,54.74,Entire home/apt,2,1,1,1,0,6.9773158913752,78752,Apartment/Condo,0,3.5,35,0,1,5,0,0,1,1,1,0,0,1,1,0
1183312692778769138,189,Entire home/apt,4,2,2,1,0,6.501284545150569,78741,House,1,11.083333333333334,23,38,0,1,0,0,1,1,0,1,0,1,1,1
1433401124225911743,240,Entire home/apt,4,2,3,1,0,0.7588377630502784,78701,Apartment/Condo,1,5.333333333333333,2,26,0,1,0,0,1,1,0,1,0,1,1,1
1569646838086185788,139.5,Entire home/apt,5,1,3,1,0,2.6126573861850013,78705,Apartment/Condo,0,1.75,3,24,0,1,0,0,1,1,0,1,0,1,1,1
1061152404560594633,245,Entire home/apt,4,1,1,1,0,14.868128740189935,78758,Apartment/Condo,0,2.4166666666666665,7,0,1,1,1,0,1,1,0,1,0,1,1,1
725383495804501189,349,Entire home/apt,6,2,3,2,0,2.034456987676643,78701,Apartment/Condo,1,8.833333333333334,38,41,0,1,1,0,1,0,1,1,1,1,0,1
1291296664921974255,208.33,Entire home/apt,4,2,3,2.5,0,7.887325755988883,78752,House,1,1.25,2,32,0,3,0,0,1,1,0,1,1,0,0,1
1021258376028631595,356.5,Entire home/apt,8,4,4,2,0,12.302459436282364,Other,House,0,3.9166666666666665,48,10,0,2,1,0,1,0,0,1,0,1,0,1
1486792418423560279,430,Entire home/apt,16,5,9,4,0,4.6594528020767765,78721,House,0,3.75,31,14,0,1,0,0,1,1,0,1,0,1,0,1
51323258,143,Entire home/apt,2,1,1,1,0,14.106544676838508,Other,Guesthouse/Guest suite,1,4.25,1,14,0,2,0,0,1,1,0,0,0,1,0,1
1574403691744810555,321,Entire home/apt,10,4,7,3,0,1.797855797299157,78702,House,1,1.25,19,31,0,1,1,0,1,1,0,1,1,1,1,1
31928824,111.5,Entire home/apt,2,1,1,1,0,3.2357970146302497,78702,Unique/other,1,14.25,1,13,0,2,0,0,1,1,0,0,0,0,0,0
720137893315955848,286,Entire home/apt,6,2,3,1,0,2.7342930336190348,78702,House,0,0.75,1,25,0,1,0,0,1,1,0,1,0,1,1,1
688943139938134008,242,Entire home/apt,5,2,3,1,0,3.0839469911223354,78704,House,1,9.916666666666666,5,41,0,1,0,0,1,1,0,1,0,1,1,1
958215803194503543,175,Entire home/apt,2,1,1,1,0,2.194654953176127,78705,Apartment/Condo,0,4.25,20,4,0,1,0,0,1,1,0,1,0,0,0,1
707883735608282838,141,Entire home/apt,4,1,2,1,0,3.0041656766086624,78703,Apartment/Condo,1,10.416666666666666,23,23,0,1,0,0,1,1,0,1,0,1,0,1
1469723237054487781,540,Private room,6,2,3,2,0,0.6549967234899982,78701,Hotel-like,1,1.1666666666666667,8,0,1,2,1,1,1,0,0,0,0,1,0,1
568339977606993639,327.52,Entire home/apt,10,4,6,2.5,0,15.723553615030198,78724,House,1,4.25,1,4,0,2,0,0,1,1,0,0,0,1,0,1
33996993,384.5,Entire home/apt,6,2,2,2,0,8.37332453495349,78745,House,0,9.75,2,0,0,2,1,1,1,1,0,1,0,1,1,1
1510543330054750084,132,Entire home/apt,3,1,3,1,0,7.624281117751784,78752,Apartment/Condo,1,2.25,4,7,0,2,0,0,1,1,0,1,0,0,0,1
1360299925560671495,620,Entire home/apt,9,4,6,3,0,7.300832214498433,78757,House,1,10.333333333333334,41,30,0,1,1,0,1,1,0,1,0,1,1,1
1640841287278335767,528.39,Entire home/apt,8,3,4,3.5,0,2.7545592565902397,78705,House,1,4.5,178,0,1,2,0,0,1,1,0,1,0,0,1,1
670269626970273520,457,Entire home/apt,6,2,3,2,0,2.0295460552953655,78701,Apartment/Condo,0,10.5,9,30,0,1,1,0,1,0,1,1,1,1,1,1
1469894602483801913,418.5,Private room,4,1,2,1,0,0.876560165396984,78701,Hotel-like,1,1.1666666666666667,8,0,1,2,1,1,1,0,0,0,0,1,0,1
1462557,155.5,Entire home/apt,3,1,2,1,0,7.329646677240179,78757,Apartment/Condo,0,4.166666666666667,1,8,0,2,0,0,1,1,0,0,0,0,0,0
1683574,279.67,Entire home/apt,5,3,3,1,0,3.10593572044256,78751,House,1,15.083333333333334,10,9,0,3,0,0,1,1,0,1,0,1,0,1
52861827,548,Entire home/apt,5,3,2,2,0,13.021231278212712,Other,House,0,4.416666666666667,1,6,0,1,0,0,1,1,0,1,0,1,1,1
28408030,279.59,Entire home/apt,4,2,2,2,0,2.287112725169249,78702,Apartment/Condo,1,4.916666666666667,1,58,0,1,1,0,1,1,0,1,1,0,0,1
817437430436898695,371,Entire home/apt,6,2,2,2,0,2.0884658597326937,78702,House,0,2.6666666666666665,1,4,0,1,0,0,1,1,0,0,0,1,0,1
834073202989741112,180.5,Entire home/apt,2,1,1,1,0,3.5940377711193854,78704,House,1,3.0833333333333335,1,4,0,4,0,0,1,1,0,1,0,0,1,1
1373888051668790171,279,Entire home/apt,8,3,3,2,0,17.92800919886416,Other,House,1,1.0833333333333333,1,23,0,2,0,0,1,1,0,1,0,1,1,1
692658578062368728,162,Entire home/apt,4,1,1,1,0,6.499622905629011,78741,Apartment/Condo,0,8.666666666666666,53,28,0,1,0,0,1,1,1,1,1,1,0,1
11439003,172,Entire home/apt,4,1,2,1,0,5.33705626213017,78751,Guesthouse/Guest suite,1,10.25,2,4,0,1,0,0,1,1,0,1,0,0,0,0
1531924438449596059,873,Entire home/apt,14,6,9,3.5,0,3.2655500764321204,78702,House,1,10.333333333333334,41,7,0,1,1,0,1,1,0,1,1,1,0,1
1613996806855924920,265,Entire home/apt,2,1,1,0,0,1.191738322291572,78701,Apartment/Condo,0,2.0833333333333335,42,0,1,1,1,0,1,0,1,1,0,0,1,1
6935869,271.91999999999996,Entire home/apt,6,3,4,1.5,0,1.4967885113016568,78702,House,1,9.333333333333334,1,33,0,1,0,0,1,1,0,1,0,0,1,1
610043348597501238,175,Entire home/apt,2,1,1,1,0,2.2216547979418726,78705,Apartment/Condo,0,4.25,20,5,0,1,0,0,1,1,0,1,0,0,0,1
1105942867634181341,186.5,Entire home/apt,4,1,2,1,0,2.760067583094069,78702,Apartment/Condo,1,2.25,1,11,0,2,0,0,1,1,0,1,0,1,0,1
41434469,708.3299999999999,Entire home/apt,13,4,11,3.5,0,1.192198651367954,78702,House,1,6.416666666666667,2,27,0,2,0,0,1,1,0,1,0,1,0,1
550952572228773571,444,Entire home/apt,6,3,6,2,0,2.53741050059024,78722,House,0,6.833333333333333,2,21,0,1,0,0,1,1,0,1,1,1,0,1
1380420847402791931,412.5,Entire home/apt,12,5,9,2,0,9.786965026907572,78757,House,1,5.25,1,17,0,2,0,1,1,1,0,1,0,1,1,1
35572042,515.81,Entire home/apt,4,1,3,2.5,0,4.945250947013284,78751,House,0,8.916666666666666,1,8,0,1,0,0,1,1,0,1,1,1,1,1
1096647614565718375,280.5,Entire home/apt,7,3,3,2,0,16.303113780354348,78737,House,1,11.666666666666666,4,39,0,2,0,0,1,1,0,1,0,0,1,1
48870534,264,Entire home/apt,2,1,1,1,0,3.8493931099522127,78702,Guesthouse/Guest suite,0,12.333333333333334,1,21,0,1,0,0,1,1,0,1,0,0,0,1
32901053,277,Entire home/apt,6,2,2,2,0,1.5599781132068895,78702,House,1,9.416666666666666,1,31,0,2,1,1,1,1,0,1,0,0,0,1
8370503,1097.5,Entire home/apt,8,3,5,4,0,3.5736590848737038,78704,House,1,13.75,1,3,0,4,1,0,1,1,1,1,1,1,1,1
1585965225204120175,778.5,Private room,6,2,3,2,0,0.6606105749974576,78701,Hotel-like,1,0.5,3,0,1,2,1,0,1,0,1,1,0,0,0,1
52350119,1598,Entire home/apt,10,4,4,3.5,0,16.771203792220103,Other,House,0,4.75,1,0,0,2,1,0,1,1,0,1,0,0,0,1
1501088295036716095,292.5,Entire home/apt,6,3,4,2,0,10.91353372393889,78744,House,0,0.5,1,3,0,2,0,0,1,1,0,0,0,1,0,1
51964254,111.5,Entire home/apt,4,1,2,1,0,5.439789545082414,78704,House,0,6.333333333333333,2,28,0,2,0,0,1,1,0,1,0,0,0,1
571095466538442184,205.5,Entire home/apt,5,2,2,1.5,0,10.975231938818181,78757,House,0,4.25,3,4,0,2,0,0,1,1,0,1,0,1,1,1
1192230818526436653,173,Entire home/apt,4,1,1,1,0,13.358793171355016,Other,Apartment/Condo,0,4,38,13,0,1,1,0,1,1,1,1,0,0,1,1
842851543741179815,240,Entire home/apt,4,1,2,1,0,2.048024727179255,78703,House,0,9.25,47,2,0,2,0,0,1,1,0,1,0,1,1,1
1126044925833693475,119,Entire home/apt,6,2,2,1,0,5.6940436611718726,78704,House,1,7.5,3,31,0,1,0,0,1,1,1,1,0,1,1,1
1308768283068496000,81.2,Entire home/apt,2,1,1,1,0,16.382352356409697,78724,Guesthouse/Guest suite,0,3,5,5,0,5,0,0,1,1,0,1,0,1,0,1
1516020074585297434,296.71,Entire home/apt,8,4,5,2,0,11.757660707724378,78758,House,1,13.25,1,20,0,2,1,0,1,1,0,1,0,1,1,1
15552468,153,Entire home/apt,2,1,1,1,0,3.245819577834566,78704,Unique/other,1,11.916666666666666,2,22,0,2,0,0,1,1,0,0,0,1,0,0
1219558524003202334,257.01,Entire home/apt,4,1,2,1,0,2.0295460552953655,78701,Apartment/Condo,0,2.6666666666666665,1,15,0,1,1,0,1,0,1,1,1,1,1,1
1043837969117554884,227.5,Entire home/apt,4,1,2,1.5,0,4.223038859066403,78704,Apartment/Condo,0,14.25,1,0,0,2,0,0,1,1,0,0,0,1,1,1
649407635039675699,214.5,Entire home/apt,6,3,3,2,0,8.134266379317106,78745,House,1,4,1,37,0,2,1,0,1,1,0,1,0,1,0,1
1102481414786273679,300.5,Entire home/apt,4,2,2,1,0,4.736355029979868,78746,House,1,1.8333333333333335,1,17,0,2,0,0,1,1,0,1,0,1,1,1
1699744109127404932,52,Private room,2,1,1,1,0,5.070170308088907,78741,Apartment/Condo,0,3.6666666666666665,2,2,0,1,1,0,1,0,1,1,0,0,0,1
971193939990716376,193,Entire home/apt,5,2,2,2,0,19.525633630664807,Other,House,0,8.583333333333334,1,1,0,2,0,0,1,1,0,1,0,1,0,1
1166896427341629184,222,Entire home/apt,5,2,3,1,0,1.4892985805434573,78705,House,1,5.833333333333333,18,38,0,1,0,0,1,1,0,1,1,1,1,1
1635011791052784123,263,Entire home/apt,8,3,3,2.5,0,9.13180586057321,78724,House,0,0.16666666666666666,2,2,0,1,0,0,1,1,0,1,0,1,0,1
52672562,113.55,Entire home/apt,2,1,1,1,0,11.356519817498437,Other,Apartment/Condo,1,2.9166666666666665,1,5,0,2,1,0,1,0,0,1,0,0,1,1
1157514305718027056,104.99000000000001,Entire home/apt,2,1,1,1,0,5.897388617716365,78704,Apartment/Condo,0,3.9166666666666665,16,3,0,1,1,0,1,1,0,0,0,1,1,1
26007796,769,Entire home/apt,8,3,6,2,0,14.968321911025262,Other,House,1,12,17,2,0,1,0,0,1,1,0,1,0,0,0,1
1522866113715303856,716.3299999999999,Entire home/apt,10,5,5,4,0,10.049422413309678,78746,House,1,2.25,8,9,0,3,1,0,1,1,0,1,0,1,0,0
1576887710413995970,274,Entire home/apt,6,2,3,2,0,20.810517183754904,78729,House,0,1.6666666666666665,17,3,0,2,0,0,1,1,0,1,0,1,1,1
24078800,179.20999999999998,Entire home/apt,8,4,4,3.5,0,13.420775082585552,78758,House,1,8.583333333333334,2,4,0,3,0,0,1,1,0,1,0,1,1,1
18504283,696,Entire home/apt,14,5,7,4,0,1.7497161067751457,78702,House,0,9.25,47,6,0,2,1,0,1,1,0,1,0,1,0,1
776168168448796348,377.5,Entire home/apt,6,2,3,2,0,0.7233287857277828,78701,Apartment/Condo,0,5.666666666666667,4,0,0,2,1,0,1,0,0,1,0,0,0,0
1000016109686428185,1210.25,Entire home/apt,12,5,11,4.5,0,26.703705818646014,78734,House,0,6.583333333333333,3,14,0,2,1,1,1,1,0,1,0,0,0,1
1661074615082602552,197.6,Entire home/apt,4,1,2,1,0,5.814131142402317,78704,Apartment/Condo,1,4.5,178,0,1,1,1,0,1,0,0,1,0,0,1,1
944801662585694217,156.99,Entire home/apt,6,3,3,2,0,20.80717004706877,78729,House,1,2.8333333333333335,2,7,0,2,0,0,1,1,0,1,0,1,1,1
1208589616764149822,166,Entire home/apt,6,2,2,1.5,0,10.254296561094113,78757,Apartment/Condo,0,4.666666666666667,1,8,0,2,0,0,1,1,0,1,0,0,1,0
1597375957611394556,142,Entire home/apt,2,1,1,1,0,5.813581637426155,78704,Apartment/Condo,1,4.5,178,2,0,1,1,0,1,0,0,1,0,0,1,1
1542981335348480370,441,Entire home/apt,8,3,3,2.5,0,3.3439283289443495,78704,House,1,9.75,33,11,0,1,0,0,1,1,0,1,0,1,1,1
1217586531550580286,155,Entire home/apt,6,2,3,1,0,10.057015910843882,78744,House,1,8.25,35,52,0,1,0,0,1,1,0,1,0,1,0,0
856428098347590510,864.5,Entire home/apt,6,3,3,2,0,1.3070499505802344,78703,House,1,3.1666666666666665,1,7,0,2,0,0,1,1,0,1,1,1,0,1
905879107026581507,542.5,Entire home/apt,3,1,1,2.5,0,1.032969081602704,78701,Apartment/Condo,0,3,1,0,0,2,0,0,1,1,0,1,0,1,0,1
868962361818412044,163,Entire home/apt,4,2,2,2,0,4.8215061417964895,78741,Apartment/Condo,0,3.9166666666666665,16,8,0,2,1,0,1,1,1,1,0,1,1,1
1220544582798198208,237,Entire home/apt,8,3,4,2,0,7.965912853527292,78752,House,0,15.25,1,12,0,2,0,0,1,1,0,1,0,1,1,1
1566797730913466830,354,Entire home/apt,4,3,4,2,0,14.951049740297325,Other,House,0,0.5,1,8,0,2,0,0,1,1,0,1,0,1,0,1
1433263013959517080,232,Entire home/apt,4,2,2,2,0,7.16166674207237,78741,House,0,1,1,7,0,2,0,0,1,1,0,1,0,1,1,1
19086489,172,Entire home/apt,2,1,1,1,0,5.427707054943551,78723,Guesthouse/Guest suite,1,8.333333333333334,1,24,0,1,0,0,1,1,0,0,0,1,0,1
959270,141.51,Entire home/apt,2,1,1,1,0,3.3614228643856414,78704,House,1,13.25,1,73,0,1,0,0,1,1,0,0,0,0,0,0
8389915,165.5,Entire home/apt,2,1,1,1,0,3.7001808239385667,78704,Apartment/Condo,1,10.75,1,10,0,1,0,0,1,1,0,0,0,1,0,0
26336484,250,Entire home/apt,7,3,4,2,0,9.958934935078513,78745,House,1,7.666666666666667,1,11,0,2,1,0,1,1,0,1,0,0,0,1
1621396351691088357,294,Entire home/apt,4,2,2,1,0,7.438450460565837,78752,Apartment/Condo,0,0.3333333333333333,1,4,0,1,0,0,1,1,0,1,0,1,1,0
1518998369942923928,149,Entire home/apt,3,1,1,1,0,2.7648701608810686,78703,Guesthouse/Guest suite,1,0.6666666666666666,1,14,0,1,0,0,1,1,0,0,0,1,0,1
1502211165337238489,509,Entire home/apt,16,4,7,3,0,3.4242341455057654,78741,House,0,5.166666666666667,23,10,0,1,0,0,1,1,0,1,0,1,0,0
1699415,171.5,Entire home/apt,2,1,1,1,0,3.6138652566175,78704,Apartment/Condo,0,12.75,1,3,0,2,0,0,1,1,0,1,0,1,0,0
872448567785960734,330,Entire home/apt,8,3,3,3,0,20.77798702696138,78729,House,0,2.8333333333333335,2,0,0,1,1,0,1,1,1,1,0,1,1,0
34969093,190.33,Entire home/apt,2,1,1,1,0,2.111795838878495,78704,Apartment/Condo,1,7.083333333333333,1,7,0,1,1,0,1,0,0,1,0,1,0,1
1672468120527466480,43.7,Private room,1,1,1,1,0,15.232214229139363,Other,House,0,5.916666666666667,23,0,1,7,0,0,1,1,0,1,0,1,0,1
1188487730480766626,476,Entire home/apt,11,4,5,3,0,1.2261240537055231,78702,House,1,2.3333333333333335,1,44,0,1,0,1,1,1,0,1,0,1,0,1
1307516217828324930,462.33,Entire home/apt,6,2,3,2,0,4.69535873162247,78721,House,0,1.5,1,0,1,3,0,0,1,1,0,1,0,1,1,1
922419141539122125,271.5,Entire home/apt,6,2,3,2,0,7.2103414766731575,78745,House,1,2.9166666666666665,2,11,0,2,0,0,1,1,1,1,0,1,1,1
53089793,300.5,Entire home/apt,2,1,1,1,0,13.61338481741219,Other,Guesthouse/Guest suite,0,4.833333333333333,2,0,0,2,1,0,1,1,0,0,0,1,0,1
32715639,167.03,Entire home/apt,4,2,2,1,0,2.5570850858278353,78722,House,0,7.25,1,0,0,7,0,0,1,1,0,1,0,1,0,1
1733137,176.5,Entire home/apt,2,1,2,1,0,2.9410782131468864,78704,Guesthouse/Guest suite,1,12.666666666666666,1,15,0,2,0,0,1,1,0,0,0,1,0,0
4441722,172.5,Entire home/apt,4,1,2,1,0,4.317760165619849,78704,Guesthouse/Guest suite,1,14.333333333333334,2,12,0,1,0,0,1,1,0,1,0,1,0,1
20801999,194,Entire home/apt,4,1,2,1,0,0.8420870825755241,78701,Guesthouse/Guest suite,1,8.583333333333334,1,59,0,2,0,0,1,1,0,1,0,0,0,1
1708969672067430530,187.18,Entire home/apt,8,4,4,2,0,5.849748419162897,78721,House,0,3.0833333333333335,1,0,1,7,0,0,1,1,0,1,0,1,0,0
1606162702650109419,165,Entire home/apt,4,1,1,1,0,11.218771770409754,78758,Apartment/Condo,0,1.75,8,9,0,1,1,0,1,1,1,1,1,1,0,1
667937517810892974,476.5,Entire home/apt,10,5,5,2,0,15.811071153914478,Other,House,1,3.9166666666666665,1,5,0,2,0,0,1,1,0,1,0,1,0,1
1321387945300981661,220,Entire home/apt,6,2,2,2,0,1.9974501206948319,78705,Apartment/Condo,1,1.4166666666666667,2,46,0,1,1,0,1,1,0,1,0,1,1,1
1192233859176697622,138,Entire home/apt,6,2,4,2,0,13.178611807764524,Other,Apartment/Condo,0,4,38,22,0,1,1,0,1,1,1,1,0,1,1,1
1638730536525946026,513,Entire home/apt,6,3,3,2.5,0,4.758250937660386,78746,House,0,0.5833333333333334,3,6,0,2,0,0,1,1,0,1,0,1,0,1
1586702857746253997,283.46999999999997,Entire home/apt,4,1,2,1,0,1.9552077765936995,78702,Apartment/Condo,0,9.416666666666666,1,1,0,1,1,0,1,0,0,1,0,0,0,0
1349780,661,Entire home/apt,10,4,7,3.5,0,8.992501634819275,Other,House,1,12.833333333333334,1,0,0,2,0,0,1,1,0,1,0,0,0,0
597042114182497068,970,Entire home/apt,2,1,1,1,0,0.24780020666465255,78701,Apartment/Condo,0,12.25,23,0,1,1,1,0,1,0,0,0,0,1,1,1
1517795285270403310,331,Entire home/apt,6,3,3,2,0,11.066971164486946,78745,House,1,1.6666666666666665,5,23,0,1,0,0,1,1,0,1,0,0,1,1
1660875687883041402,217,Entire home/apt,2,1,1,1,0,13.333021577378101,Other,Apartment/Condo,0,0.16666666666666666,1,5,0,1,1,0,1,1,1,1,1,0,1,1
27894886,166.67,Entire home/apt,4,2,2,1.5,0,2.2393398270780818,78722,Guesthouse/Guest suite,1,7.75,1,12,0,3,0,0,1,1,0,1,0,0,0,1
632120226251655360,160,Entire home/apt,4,1,2,1,0,3.8732198037375802,78751,Apartment/Condo,1,8.416666666666666,1,22,0,2,0,0,1,1,0,1,0,1,1,1
52363862,402.34000000000003,Entire home/apt,8,3,5,3,0,5.107337984788102,78704,House,1,8.333333333333334,18,23,0,1,0,0,1,1,0,1,0,1,0,1
1367762589254035636,999.6700000000001,Entire home/apt,7,4,4,3,0,4.776663812591185,78704,House,1,1.25,1,7,0,2,1,1,1,1,0,1,0,1,1,1
195674,785,Entire home/apt,10,4,5,2.5,0,3.1769636171037825,78704,House,0,14.833333333333334,1,4,0,2,0,0,1,1,0,1,0,0,0,0
23257468,399.67,Entire home/apt,6,3,3,2.5,0,16.093987399209944,Other,House,0,8.333333333333334,2,1,0,3,0,0,1,1,0,1,0,1,1,1
18584106,112.98,Entire home/apt,7,2,3,1,0,4.171318415048282,78751,Apartment/Condo,1,8.666666666666666,2,55,0,2,0,0,1,1,0,1,0,0,1,1
1057051912635896170,195.67,Entire home/apt,2,1,1,1,0,14.259377867479227,78758,Apartment/Condo,0,2.8333333333333335,1,18,0,3,1,0,1,1,1,1,1,1,0,1
1450287666856348404,221,Entire home/apt,7,3,3,2,0,20.971731416256016,78729,House,0,0.9166666666666666,2,36,0,1,0,0,1,1,0,1,0,0,1,1
1523348241711567929,366,Entire home/apt,4,2,2,1,0,2.434556588702484,78705,Apartment/Condo,0,0.6666666666666666,1,8,0,1,0,0,1,1,0,0,0,1,0,1
1588547193861667111,723,Entire home/apt,13,6,7,5,0,2.1836203527329623,78702,House,1,1.6666666666666665,6,18,0,1,1,1,1,1,0,1,0,0,0,0
1514750757651745775,1128,Entire home/apt,2,1,1,1,0,0.8326339615613579,78701,Apartment/Condo,0,0.6666666666666666,1,0,1,1,0,0,1,1,0,0,0,1,0,0
1308737991593278409,593,Entire home/apt,14,4,7,2,0,6.748300873695952,78704,House,0,3.25,4,26,0,1,1,1,1,1,0,1,0,1,1,1
51509201,314,Entire home/apt,5,2,1,1,0,2.2127997855216264,78702,House,1,4.333333333333333,1,5,0,2,0,0,1,1,0,1,0,0,0,1
1361944056276497738,171,Entire home/apt,3,1,2,1,0,4.2810076210336465,78721,House,1,4.333333333333333,3,32,0,1,0,0,1,1,0,1,0,1,0,1
977557701622110945,240,Entire home/apt,4,2,3,1,0,24.386774725029124,78737,House,1,4.666666666666667,1,13,0,2,0,0,1,1,0,1,0,0,0,1
2380947,1555,Entire home/apt,6,4,5,2.5,0,2.1857746366390978,78703,House,0,12.333333333333334,1,0,1,4,0,0,1,1,0,0,0,0,0,0
829615082989398649,659.5,Entire home/apt,10,4,4,3.5,0,8.054015852133542,78746,House,1,3.3333333333333335,1,16,0,2,0,0,1,1,0,1,1,1,1,1
1569827675053043275,133,Entire home/apt,4,1,2,1,0,17.801980553521005,Other,Apartment/Condo,1,0.75,2,14,0,2,1,0,1,1,0,1,1,1,1,1
765917969686917423,203.5,Entire home/apt,4,1,2,1,0,1.6130436936182249,78703,Apartment/Condo,1,4.916666666666667,27,0,0,2,1,0,1,0,1,1,0,1,0,1
1441379754452847486,416.33,Private room,6,2,3,2,0,0.8041029596025148,78701,Hotel-like,0,3,60,0,1,3,1,0,1,0,1,1,0,0,0,0
1431665005851491001,172.5,Entire home/apt,4,1,2,1,0,11.363195672903228,78758,Apartment/Condo,1,1.0833333333333333,2,28,0,1,1,0,1,1,1,1,1,1,1,1
1465462237342483945,956,Entire home/apt,8,4,4,3.5,0,5.141547094219413,78704,House,1,3.8333333333333335,2,9,0,2,1,0,1,1,0,1,0,0,0,1
21053193,248.5,Entire home/apt,8,3,3,3,0,4.147824353582785,78702,House,1,12.416666666666666,1,32,0,2,0,0,1,1,1,1,0,1,0,1
1064799945213069105,245,Entire home/apt,4,1,1,1,0,14.863881750494324,78758,Apartment/Condo,0,2.4166666666666665,7,0,1,1,1,0,1,1,0,1,0,0,1,0
1614571228475014937,349,Entire home/apt,4,2,2,0,0,1.211934094422614,78701,Apartment/Condo,0,2.0833333333333335,42,1,0,1,1,0,1,0,1,1,0,0,1,1
1428282629417272275,280,Entire home/apt,6,2,3,1,0,12.555825974841946,Other,House,1,5.5,2,10,0,1,0,0,1,1,0,1,0,1,1,0
888322130123945208,349.5,Entire home/apt,6,3,3,3,0,2.2692017282171606,78702,House,1,7.083333333333333,1,19,0,1,0,0,1,1,0,1,0,1,0,0
878009455420959707,548,Entire home/apt,8,2,4,2,0,2.125836637611692,78701,Apartment/Condo,0,12.333333333333334,20,0,1,1,1,0,1,0,0,1,1,0,0,0
1542217385092419086,153,Entire home/apt,4,1,2,1,0,17.801980553521005,Other,Apartment/Condo,0,0.6666666666666666,1,7,0,1,1,0,1,1,1,1,1,1,1,1
867993466326359873,294,Entire home/apt,8,4,4,2,0,5.165900200394187,Other,Apartment/Condo,0,6.833333333333333,16,21,0,1,0,0,1,1,0,1,0,1,0,1
1034341602511964000,366,Entire home/apt,7,3,4,2,0,2.4285020581673393,78722,House,0,2.75,2,31,0,1,0,1,1,1,0,1,0,0,1,1
42541133,400.34000000000003,Entire home/apt,12,4,4,3,0,9.430383114533097,78744,House,1,6.25,1,8,0,1,0,0,1,1,0,1,0,0,0,1
52224295,202,Entire home/apt,5,2,2,1,0,14.887205360341769,Other,Guesthouse/Guest suite,1,5.333333333333333,2,24,0,2,0,0,1,1,0,1,0,1,1,1
631729635563219418,1402.6699999999998,Entire home/apt,10,4,5,2.5,0,3.329104854114617,78741,House,0,3.5,1,0,0,3,1,0,1,1,0,1,0,1,0,1
1441405766534844730,678,Entire home/apt,16,5,8,3.5,0,5.7438646089634,78741,House,1,1,1,19,0,2,1,0,1,1,0,0,1,1,0,0
1068957799961646944,168,Entire home/apt,4,1,2,1,0,3.1183893217976695,78705,Apartment/Condo,1,2.25,1,33,0,2,0,0,1,1,0,1,0,1,1,1
1548768145099987772,114,Hotel/shared room,2,1,1,1,0,8.087194482033105,78744,Hotel-like,1,0.5833333333333334,6,0,1,1,1,0,1,1,1,0,0,1,0,1
1335883983364992052,179,Entire home/apt,2,1,1,1,0,4.3548780267375085,78721,Guesthouse/Guest suite,0,1.4166666666666667,1,18,0,1,0,0,1,1,0,0,0,0,1,1
1421923442368357691,142.67,Entire home/apt,13,6,7,3,0,1.4860962488135472,78705,Apartment/Condo,0,6.916666666666667,25,12,0,3,0,0,1,0,0,1,0,0,0,1
42488104,419.5,Entire home/apt,6,3,3,2.5,0,4.169987562706301,78721,House,0,6.333333333333333,1,7,0,2,0,0,1,1,0,1,0,1,0,1
1121045731845789843,1131.5,Entire home/apt,16,5,14,4.5,0,3.3812406835410185,78704,House,1,3,1,35,0,2,1,1,1,1,0,1,0,1,0,1
3032156,214,Entire home/apt,4,1,3,1.5,0,2.5178475291748907,78704,House,1,12.083333333333334,1,3,0,2,0,0,1,1,0,1,0,1,0,1
1285611705885773292,362.74,Private room,6,2,3,2,0,0.6699799651076945,78701,Hotel-like,0,6.75,30,0,1,2,1,0,1,0,1,1,0,1,0,1
1659544943926401702,108,Entire home/apt,2,1,1,1,0,19.429168368478223,Other,Apartment/Condo,0,0.08333333333333333,1,1,0,1,1,1,1,1,0,0,0,1,0,1
1620711341910266070,392,Entire home/apt,16,7,13,4,0,4.1267346621983805,78702,House,1,4.083333333333333,12,25,0,1,1,1,1,1,0,1,1,1,0,1
1557277375886771070,82,Hotel/shared room,4,1,2,1,0,7.075412316498963,78744,Hotel-like,0,1,4,0,1,1,1,0,1,1,1,0,0,1,0,1
1443532967517812280,771,Entire home/apt,14,4,7,3,0,4.267081783014253,78721,House,1,9.583333333333334,1,21,0,1,0,1,1,1,1,1,0,1,0,1
11505260,146.2,Entire home/apt,4,1,2,1,0,21.20280867152594,78734,Guesthouse/Guest suite,1,10.25,2,8,0,5,0,0,1,1,0,1,0,1,1,1
712922548944794438,302,Entire home/apt,6,3,3,1,0,3.777646200243149,78722,House,1,3.75,3,24,0,1,0,0,1,1,0,1,0,0,1,1
1177232510483072476,403,Entire home/apt,12,4,6,3,0,14.299118067523564,78744,House,0,3.9166666666666665,26,36,0,1,0,0,1,1,0,1,0,1,1,1
1654391963246406421,55.07,Entire home/apt,2,1,1,1,0,7.109316036750824,78752,Apartment/Condo,0,3.5,35,0,1,5,0,0,1,1,1,0,0,1,1,0
821165685570743915,291.11,Entire home/apt,5,2,3,2,0,4.108549143070582,78702,House,1,3.25,4,11,0,2,0,0,1,1,0,1,0,1,0,1
1694532846266424367,396,Entire home/apt,6,4,4,2,0,5.546798520234306,78704,House,1,0.9166666666666666,1,0,1,1,0,0,1,1,0,1,0,0,1,1
1026936895805764907,290,Entire home/apt,4,1,2,1,0,2.1417758499948367,78701,Apartment/Condo,1,8.833333333333334,38,3,0,1,1,0,1,0,1,1,1,1,0,1
1245025095142100617,180,Entire home/apt,6,2,2,2,0,4.078891805248443,78704,Apartment/Condo,0,8.666666666666666,53,30,0,1,0,0,1,1,1,1,0,1,0,1
698427646147468466,191,Entire home/apt,2,1,1,1,0,3.7528549032788003,78704,Guesthouse/Guest suite,1,3.8333333333333335,1,5,0,2,0,0,1,1,0,0,0,1,0,1
46949473,258.33,Entire home/apt,7,3,4,2,0,5.882203443381829,78721,House,1,4.666666666666667,47,9,0,2,0,0,1,1,0,1,0,1,1,1
1455386365566732138,245.35000000000002,Entire home/apt,4,2,2,2,0,14.381938674348785,78758,House,0,3.75,18,59,0,1,0,0,1,1,0,1,0,1,0,1
555690161884178783,143,Entire home/apt,2,1,1,1,0,10.772330765067188,78745,Guesthouse/Guest suite,1,4.333333333333333,1,10,0,1,0,0,1,1,0,0,0,0,0,1
1013097698647925702,188.5,Entire home/apt,2,1,1,1,0,16.478631632326984,78737,Guesthouse/Guest suite,1,2.5833333333333335,1,29,0,2,0,0,1,1,0,1,1,1,0,1
1687921644174638802,125.47,Entire home/apt,6,2,3,1.5,0,6.024372740577608,78704,House,1,2.9166666666666665,6,1,0,3,0,0,1,1,0,1,0,1,1,1
26293461,144,Entire home/apt,4,1,1,1,0,3.216615035064836,78702,Guesthouse/Guest suite,1,9.75,3,76,0,1,0,0,1,1,0,0,0,1,0,1
1371436175635920588,1089.45,Entire home/apt,10,4,6,3,0,6.663299968397803,78746,House,1,4.5,14,44,0,1,0,0,1,1,0,1,0,1,1,1
18459192,116,Entire home/apt,3,1,2,1,0,26.86409544933235,78737,Unique/other,1,9.583333333333334,2,14,0,2,0,0,1,1,0,0,0,1,0,1
1586943811445239605,798,Entire home/apt,10,4,5,2,0,19.31373712956653,78729,House,0,0.4166666666666667,1,6,0,1,1,0,1,1,1,1,1,1,1,1
28909212,185.5,Entire home/apt,4,2,2,1,0,1.1126341459921323,78702,House,1,7.666666666666667,2,44,0,1,0,0,1,1,0,0,0,1,0,1
1627952321339812960,110.5,Entire home/apt,3,1,1,1,0,8.442158151976857,78757,Apartment/Condo,1,2.75,7,5,0,1,0,0,1,1,0,1,0,0,1,1
1506146035247396125,103,Private room,2,1,1,1,0,20.890909284424147,78729,House,0,1.6666666666666665,17,1,0,2,0,0,1,1,0,0,0,1,1,1
18270230,656.5,Entire home/apt,16,8,16,4.5,0,2.1351732363066787,78722,House,1,14.166666666666666,3,18,0,2,1,0,1,1,0,1,0,1,0,1
1335623197119599417,151.32000000000002,Entire home/apt,4,1,1,1,0,5.73108514913464,Other,Apartment/Condo,1,1.3333333333333333,2,49,0,1,1,0,1,1,0,1,0,1,1,1
11069420,262.5,Entire home/apt,2,1,1,1,0,2.3082322849405807,78703,Guesthouse/Guest suite,1,10.333333333333334,1,19,0,2,0,0,1,1,0,1,0,1,0,0
1404347807107230385,370.67,Private room,4,1,2,1,0,0.8435326644947155,78701,Hotel-like,0,3,60,0,1,3,1,0,1,1,1,1,0,0,0,0
54160014,1749,Entire home/apt,16,6,9,7,0,1.59948858182576,78703,House,0,9.25,47,5,0,2,1,0,1,1,0,1,0,1,0,1
39410683,228,Private room,2,1,1,1,0,1.214549372214875,78705,Hotel-like,0,6.333333333333333,11,0,1,1,1,0,1,0,0,0,0,0,1,0
1642665731919586442,1337.52,Private room,8,4,4,4,0,1.637172725632714,78701,Hotel-like,0,1.8333333333333335,8,0,1,1,1,0,1,0,0,1,0,1,1,0
40227059,74.25,Private room,1,1,1,1,1,5.824719723241276,78741,House,0,6.333333333333333,3,1,0,4,0,0,1,1,0,0,0,1,0,1
8986977,108.5,Private room,4,2,3,1,0,14.36341586877855,Other,House,1,10.666666666666666,1,14,0,2,0,0,1,1,0,1,0,1,0,1
1668853102068405749,259.5,Entire home/apt,8,3,4,2,0,9.97680888431806,Other,House,0,3.1666666666666665,2,3,0,2,0,0,1,1,0,1,0,1,0,1
1261010195707199368,399,Entire home/apt,6,3,3,2,0,4.140877687459832,78704,House,1,2.4166666666666665,1,19,0,2,0,0,1,1,0,1,0,1,1,1
995795884978025524,540.16,Entire home/apt,14,4,10,2,0,4.939562977305297,78704,House,1,7.75,2,32,0,2,1,1,1,1,1,1,0,0,0,1
1625373982853173391,162,Entire home/apt,4,2,2,2,0,4.665017190827793,78704,Apartment/Condo,1,4.5,178,6,0,1,1,0,1,0,0,1,0,0,1,1
13698295,921.5,Entire home/apt,8,3,4,2.5,0,3.1064310452661235,78702,House,0,9.833333333333334,1,2,0,1,0,0,1,1,0,1,0,1,0,1
51505858,211,Entire home/apt,10,3,4,2,0,16.650921275097254,78753,House,1,4.833333333333333,1,87,0,1,1,0,1,1,0,1,0,1,1,1
34459248,368.5,Entire home/apt,4,2,2,1,0,2.351155181805346,78722,House,0,9.916666666666666,1,2,0,2,0,0,1,1,0,0,0,0,0,1
49286739,118.21000000000001,Entire home/apt,6,2,4,1,0,6.811727307993931,78744,Apartment/Condo,1,12.75,6,26,0,2,0,0,1,1,0,1,0,1,1,1
1404341339679866673,292.33,Private room,4,1,2,1,0,0.8438592823741697,78701,Hotel-like,0,3,60,0,1,3,1,0,1,1,1,1,0,0,0,0
918801381955878849,855.4,Private room,16,4,8,4,0,19.12343240822804,Other,Hotel-like,0,3.25,92,0,1,1,1,0,1,1,1,0,0,1,1,1
40093183,221,Entire home/apt,2,1,1,1,0,3.923228441992277,78704,Guesthouse/Guest suite,1,6.416666666666667,3,46,0,1,0,0,1,1,0,1,0,1,0,1
1142745907781960649,166,Entire home/apt,2,1,1,1,0,3.4382513663982635,78704,Guesthouse/Guest suite,1,1.9166666666666665,1,51,0,1,0,0,1,1,0,1,0,1,0,1
1542038992612964597,126.42,Entire home/apt,2,1,2,1,0,5.929920464120101,78741,Guesthouse/Guest suite,0,0.5833333333333334,2,1,0,3,0,0,1,1,0,1,0,0,1,1
1165923744717146523,390,Entire home/apt,15,5,9,3,0,8.215081004103268,78746,House,0,2,1,3,0,2,0,0,1,1,0,1,0,0,1,1
1497111354295802859,181,Entire home/apt,2,1,1,1,0,15.39773056317656,78753,Apartment/Condo,1,1.3333333333333333,25,9,0,1,1,0,1,1,1,1,0,1,0,1
1699119263638156786,235,Entire home/apt,8,2,5,2,0,3.7277405762309668,78704,House,1,5.833333333333333,18,2,0,1,1,0,1,1,1,1,1,1,1,0
19205496,128,Entire home/apt,2,1,1,1,0,4.028602716066374,78751,Apartment/Condo,1,10.416666666666666,23,18,0,1,0,0,1,1,0,0,0,1,0,1
1484518671672419894,153.8,Entire home/apt,6,2,3,2,0,9.84508553936033,78745,Apartment/Condo,0,7.916666666666667,6,19,0,1,0,0,1,1,0,0,0,1,1,1
1525571949838818243,150,Entire home/apt,4,2,2,1,0,5.579607321957191,78721,House,1,4.333333333333333,3,14,0,1,0,0,1,1,0,1,0,1,0,1
1237624212567128658,361,Entire home/apt,6,2,3,2,0,2.159849953854621,78701,Apartment/Condo,1,8.25,19,43,0,2,1,1,1,1,1,1,1,1,0,1
1167584230661855868,316,Entire home/apt,2,1,1,1,0,1.535511230710241,78703,Apartment/Condo,1,2.4166666666666665,7,21,0,3,0,0,1,1,0,0,0,0,1,1
668254564787431016,2282.5,Entire home/apt,4,2,2,2,0,2.7399773521402837,78704,House,0,13.25,1,0,1,2,0,0,1,1,0,1,0,1,0,0
23860926,209,Entire home/apt,8,3,5,2,0,4.381231001667668,78702,House,1,9.75,18,84,0,1,0,0,1,1,0,1,1,1,0,1
776172305068025495,736.5,Entire home/apt,12,6,7,4,0,24.0710006074305,78737,House,1,4.25,5,4,0,2,0,1,1,1,0,1,0,0,1,0
28254684,896,Entire home/apt,4,1,2,1,0,7.601228881023065,78746,House,1,12.083333333333334,23,37,0,1,0,0,1,1,0,1,0,1,0,1
1177756585389777222,229,Entire home/apt,4,2,2,1.5,0,7.561827237606845,78752,House,0,3.75,31,46,0,1,0,0,1,1,0,1,0,1,0,1
5524588,569.4499999999999,Entire home/apt,10,3,6,2.5,0,7.739022118396805,Other,House,1,11.166666666666666,1,12,0,2,0,1,1,1,0,1,0,1,1,1
1701005043414491387,132.8,Entire home/apt,4,1,2,1,0,5.814131142402317,78704,Apartment/Condo,1,4.5,178,0,1,1,1,0,1,0,0,1,0,0,1,1
1210099691055560005,268,Entire home/apt,4,2,2,1,0,2.2860221403869785,78702,House,1,13.416666666666666,4,18,0,1,1,1,1,1,0,1,0,1,0,1
798712999815143920,1113.6699999999998,Entire home/apt,16,6,8,5.5,0,3.109519291281883,78704,House,1,4.5,178,16,0,2,1,0,1,1,0,1,0,1,1,1
4351493,266,Entire home/apt,6,3,3,1,0,2.066546980544835,78702,House,1,12.333333333333334,2,26,0,1,0,0,1,1,0,1,0,1,0,1
47861753,316.7,Entire home/apt,4,2,2,1,0,4.900533243474097,78704,Apartment/Condo,1,11.25,1,23,0,1,0,0,1,1,0,1,0,1,1,1
709657567510317624,867.5,Entire home/apt,14,6,6,6,0,3.725286026952976,78741,House,1,8.916666666666666,16,7,0,1,1,1,1,1,0,1,0,1,0,1
1177767623205722537,192,Entire home/apt,6,2,3,1.5,0,7.663736778049988,78752,House,0,3.75,31,37,0,1,0,0,1,1,0,1,0,1,0,1
1100147033468464015,141.96,Private room,2,1,1,0.5,0,21.585762719438666,78734,House,0,3.75,2,0,1,1,1,0,0,0,0,0,0,0,1,0
878924750403373870,861.5,Entire home/apt,16,7,8,6.5,0,4.7005843439536985,78704,House,1,4.666666666666667,47,25,0,2,0,1,1,1,0,1,0,1,1,1
1237777498181195912,254,Entire home/apt,4,2,2,1,0,6.053818664047759,78721,House,0,10.916666666666666,40,18,0,1,0,0,1,1,0,1,0,1,0,0
628965783867033680,299.5,Entire home/apt,10,4,7,2.5,0,14.465772068823519,78758,House,1,8.916666666666666,3,34,0,2,1,0,1,1,0,1,0,0,1,1
1456111729669529106,441.5,Entire home/apt,10,4,7,3,0,5.1100028976183225,78704,House,0,0.9166666666666666,1,11,0,2,0,0,1,1,0,1,0,1,0,1
1453751620162372081,342.5,Entire home/apt,6,3,3,2,0,12.991317357054804,78753,House,0,0.8333333333333334,1,3,0,2,0,0,1,1,0,1,0,0,0,0
1595171516150593687,158.4,Entire home/apt,2,1,1,1,0,5.814131142402317,78704,Apartment/Condo,1,4.5,178,0,1,1,1,0,1,0,0,1,0,0,1,1
1103570058000753689,568.5,Entire home/apt,16,5,11,3.5,0,17.359657104727265,78737,House,1,2.5,1,40,0,2,1,1,1,1,0,1,0,1,0,1
1607235326585771645,201,Entire home/apt,4,2,2,1,0,8.106309310014872,78744,Apartment/Condo,1,11.25,6,4,0,1,0,0,1,1,0,1,0,0,1,1
839825958820293878,70,Private room,2,1,1,1,1,4.404096750084906,78741,Guesthouse/Guest suite,0,3.6666666666666665,4,32,0,1,0,0,1,1,0,0,0,0,1,1
1544114988453077761,224.5,Entire home/apt,10,4,5,3,0,5.933316440456759,78721,House,0,0.8333333333333334,7,18,0,2,0,0,1,1,0,1,0,1,1,1
1095809869553979940,512.8,Entire home/apt,6,3,3,2.5,0,21.801090463672594,78734,House,1,2.3333333333333335,1,40,0,1,0,0,1,1,0,1,0,1,1,1
1625362438729567660,152,Entire home/apt,2,1,1,1,0,5.814131142402317,78704,Apartment/Condo,1,4.5,178,2,0,1,1,0,1,0,0,1,0,0,1,1
1322665173128033329,129,Entire home/apt,2,1,1,1,0,3.203587856392908,78703,Guesthouse/Guest suite,0,1.4166666666666667,1,15,0,1,0,0,1,1,0,0,0,1,0,1
1556173232192810817,942,Entire home/apt,4,2,3,1,0,25.892578403349994,78734,Unique/other,0,2.75,2,1,0,1,0,0,1,0,0,0,0,0,0,0
1105809015186878073,357.5,Entire home/apt,6,3,3,2,0,8.190273276800879,78744,House,1,5.416666666666667,2,8,0,2,0,0,1,1,0,1,0,1,1,1
1506489813613284520,242,Hotel/shared room,4,1,2,1,0,4.3336571931994365,78723,Hotel-like,0,1,20,0,1,1,0,0,1,0,1,0,0,1,1,0
760931159719626494,296,Entire home/apt,6,3,4,2,0,5.433893059098756,78721,House,1,1.4166666666666667,1,16,0,1,0,0,1,1,0,1,0,0,1,1
1406728854587031783,179.15,Entire home/apt,12,3,6,3,0,4.861761024827389,78741,Apartment/Condo,0,1.0833333333333333,1,42,0,1,1,1,1,1,1,1,0,1,1,1
1406600722306475783,83.2,Private room,4,1,2,1,0,20.446261544558634,Other,Hotel-like,0,1.0833333333333333,4,58,0,1,1,0,1,1,0,1,0,1,1,0
48694052,521.6,Entire home/apt,5,3,3,2.5,0,20.768503919220233,78729,House,0,14.083333333333334,1,0,1,5,0,1,1,1,0,1,0,1,0,1
1484197171954642501,273.88,Entire home/apt,5,2,2,1,0,21.56350176978454,78734,House,0,0.8333333333333334,1,8,0,1,0,0,1,1,0,1,0,1,1,1
1374753754808557229,92.82,Entire home/apt,3,2,2,1,0,16.257847023027193,78724,Apartment/Condo,0,3,5,8,0,5,0,0,1,1,0,1,0,1,0,1
43613250,341,Entire home/apt,4,1,2,1,0,1.911191897796563,78705,Apartment/Condo,1,6.666666666666667,11,27,0,1,0,0,1,1,0,1,0,1,1,1
1456571649738416201,183.91,Entire home/apt,3,1,2,1,0,20.85848610198599,Other,Apartment/Condo,0,1.3333333333333333,10,6,0,1,1,0,1,1,1,0,0,1,1,1
1597376153113916336,162.72,Entire home/apt,4,1,2,1,0,5.814131142402317,78704,Apartment/Condo,1,4.5,178,0,1,1,1,0,1,0,0,1,0,0,1,1
1697411855930286966,459.5,Entire home/apt,14,4,5,3,0,5.704612650870922,78704,House,1,1.75,3,1,0,2,1,0,1,1,0,1,1,0,0,1
74318,134.09,Entire home/apt,2,1,1,1,0,5.001415318464559,78704,Guesthouse/Guest suite,0,15.333333333333334,2,2,0,2,0,0,1,1,0,0,0,0,1,1
1049522104002295314,101,Entire home/apt,3,1,2,1,0,4.4125647670761445,78741,Apartment/Condo,0,6.833333333333333,43,20,0,1,0,0,1,1,0,1,0,1,0,1
1593707088173638369,71,Private room,1,1,1,1,0,11.5807446358565,78758,Apartment/Condo,0,0.5,1,0,1,1,1,0,1,1,0,1,0,0,1,0
931889485284517841,562.5,Entire home/apt,14,6,7,3,0,3.812304746735165,78722,House,1,3.75,3,3,0,2,0,0,1,1,0,1,0,1,1,1
1512680495401585448,381,Entire home/apt,16,5,8,3,0,3.3777469572517522,78702,House,1,7.833333333333333,27,65,0,1,1,1,1,1,0,1,1,1,1,1
640481102795921391,77,Private room,2,1,1,1,1,3.3312634134188728,78704,House,0,8.583333333333334,9,1,0,2,0,0,1,0,0,1,0,1,0,1
760164711888006151,304.31,Entire home/apt,4,2,3,2,0,2.9916114943962606,78704,House,1,15.416666666666666,1,35,0,1,0,0,1,1,0,1,0,0,0,1
1660959249797556985,343,Entire home/apt,16,4,8,3,0,6.84036813887741,78745,House,1,1.75,1,6,0,2,1,0,1,1,0,1,0,1,1,0
1025403482312954434,257,Entire home/apt,4,2,2,1.5,0,2.1229958579748436,78702,House,1,12,1,9,0,2,0,0,1,1,0,1,0,0,0,0
1105963759195634119,159.76,Entire home/apt,6,2,3,1,0,6.33656890929491,78757,Apartment/Condo,1,2.25,1,76,0,1,0,0,1,1,0,1,0,1,0,1
1404354256247300924,370.67,Private room,4,1,2,1,0,0.6676635850468711,78701,Hotel-like,0,3,60,0,1,3,1,0,1,1,1,1,0,0,0,0
54051914,1025,Entire home/apt,12,5,6,5,0,25.275718695365622,78734,House,1,4.416666666666667,1,10,0,2,1,1,1,1,0,1,0,1,0,1
658044039163152452,773.5,Entire home/apt,8,4,4,2.5,0,7.864977804018117,78746,House,0,3.9166666666666665,1,2,0,1,1,0,1,1,0,1,0,0,1,1
1654833140013962533,368,Entire home/apt,16,5,8,3,0,7.642641959053168,Other,House,1,10,3,5,0,1,0,0,1,1,1,1,0,1,1,1
1417394449534626793,174.6,Entire home/apt,2,1,1,1,0,15.292785176122363,78753,Apartment/Condo,1,1.3333333333333333,25,5,0,1,1,0,1,1,1,1,0,1,0,1
51984722,196.51,Entire home/apt,4,2,2,2,0,5.39129607436946,78721,House,1,13,1,24,0,2,0,0,1,1,0,1,0,1,0,1
721645424871757859,180,Entire home/apt,4,1,2,1,0,3.706014745750127,78751,Apartment/Condo,1,10.416666666666666,23,23,0,1,0,0,1,1,0,1,0,1,1,1
1699577587315507461,205.41,Entire home/apt,10,3,6,2,0,2.611522816017107,78722,House,0,0,3,0,1,2,0,0,1,1,0,1,0,0,1,0
5530513,861.6700000000001,Entire home/apt,14,4,14,2,0,18.360483195551378,Other,House,1,11.25,1,5,0,2,0,0,1,1,0,1,0,0,1,1
1604779065929288596,759,Entire home/apt,16,5,10,3.5,0,25.06198694342902,78734,House,0,0.4166666666666667,1,6,0,2,0,0,1,1,0,1,0,1,1,0
929056006339989028,501,Entire home/apt,10,4,6,3.5,0,2.9530424112291813,78702,House,1,10,8,44,0,1,1,1,1,1,0,1,1,1,0,1
866871431286827183,350,Private room,12,3,6,3,0,7.97119734111113,78752,Hotel-like,0,3.25,92,4,0,1,1,0,1,1,1,0,0,1,1,1
18005480,742,Entire home/apt,9,5,10,4.5,0,3.1964566391637055,78703,House,0,9.166666666666666,2,0,0,2,0,0,1,1,0,1,0,0,1,0
1239405019862457643,238,Entire home/apt,4,2,2,1,0,9.885411036141406,78745,House,1,3,2,33,0,1,0,0,1,1,0,1,0,1,0,0
1634925890403515786,192.9,Entire home/apt,3,2,1,1.5,0,2.5675548432391526,78702,House,0,0.25,1,4,0,2,0,0,1,1,0,1,0,0,0,0
852163990505629235,174.5,Entire home/apt,5,2,3,1,0,3.6791382967784743,78704,Apartment/Condo,1,3.1666666666666665,1,37,0,2,0,0,1,1,0,0,0,1,0,1
1693434264095021721,127,Hotel/shared room,2,1,1,1,0,7.972259002205327,78744,Hotel-like,0,1,22,0,1,1,1,0,1,1,1,0,0,1,1,1
1638822753129784181,223,Entire home/apt,5,3,3,1,0,4.019451390621736,78704,House,0,0.75,1,6,0,1,0,0,1,1,0,1,0,1,0,1
4795682,142.67,Entire home/apt,3,1,3,1,0,2.339369886967627,78722,Guesthouse/Guest suite,1,11.416666666666666,1,10,0,3,0,0,1,1,0,1,0,1,0,1
21360822,167.75,Entire home/apt,2,1,1,1,0,4.920548036993458,78704,Apartment/Condo,1,11.583333333333334,1,28,0,1,0,0,1,1,0,1,0,0,0,1
1267452203129712392,172,Entire home/apt,2,1,1,1,0,8.829295746488398,78744,Apartment/Condo,0,1.5833333333333335,1,0,0,1,0,0,1,1,0,0,0,1,0,0
1527632745378276026,400,Entire home/apt,6,2,4,1,0,24.209448115184827,78734,House,0,1.4166666666666667,2,5,0,1,0,0,1,1,0,0,0,0,0,1
1706209591152860469,304,Entire home/apt,4,1,2,1,0,4.655426502394563,78704,Apartment/Condo,1,3.5833333333333335,9,0,1,2,0,0,1,1,1,1,0,0,1,1
1513290292831155584,959.3199999999999,Entire home/apt,14,6,8,3.5,0,4.808001170078179,78704,House,1,10,8,18,0,1,1,1,1,1,0,1,0,1,0,0
1701691839794767015,154,Entire home/apt,4,1,2,1,0,3.2087838849152366,78722,Apartment/Condo,0,3.9166666666666665,26,0,1,1,1,0,1,1,0,1,0,1,1,1
1432066524714589318,676.9,Entire home/apt,13,4,7,4,0,3.6343672118063157,78702,House,1,7.583333333333333,2,17,0,2,1,0,1,1,0,1,0,1,0,1
41877876,753,Entire home/apt,15,4,9,3.5,0,2.3640007382746173,78702,House,1,8.916666666666666,16,7,0,1,0,0,1,1,0,1,0,0,0,1
743955389019274898,304.33,Entire home/apt,6,3,3,2,0,13.03395926186517,Other,House,0,3.5833333333333335,1,1,0,3,0,0,1,1,0,1,0,1,1,1
1671311734336363130,431,Entire home/apt,8,3,7,2,0,19.194072933795116,Other,House,1,11.083333333333334,23,9,0,1,1,0,1,1,0,1,0,1,1,1
1527645057535578351,147.5,Private room,2,1,1,1,0,21.733381157376762,78734,House,1,6.583333333333333,2,14,0,2,1,1,1,1,0,0,0,1,0,0
899423553149566617,628,Entire home/apt,4,2,3,2,0,19.449092445524915,Other,House,1,3.9166666666666665,1,27,0,2,0,0,1,1,0,1,1,1,1,1
914667450966638398,380,Entire home/apt,14,4,7,2,0,13.431179662556067,78753,House,0,4.666666666666667,2,34,0,1,0,0,1,1,0,1,0,1,1,1
997017739397283262,206,Entire home/apt,4,2,1,1,0,11.92873628389745,Other,Guesthouse/Guest suite,1,2.6666666666666665,1,10,0,1,0,0,1,1,0,0,0,1,0,1
51071630,274,Entire home/apt,6,3,3,2,0,3.639326979698273,78703,House,0,4.666666666666667,1,10,0,2,0,0,1,1,0,1,0,1,1,1
907173758958000820,188.5,Entire home/apt,3,1,2,1,0,24.38609197510645,78737,Guesthouse/Guest suite,1,3,1,24,0,2,0,0,1,1,0,1,1,0,0,1
908174309739205819,265.5,Entire home/apt,4,1,2,1.5,0,5.924727619474145,78704,Apartment/Condo,0,3,1,0,0,2,0,0,1,1,0,1,0,1,1,1
41460276,77,Private room,2,1,1,1,0,9.399209655595337,78744,Unique/other,1,8.25,35,29,0,1,0,0,1,1,0,0,0,1,0,1
32593239,490,Entire home/apt,8,3,4,2,0,3.8231384930941203,78751,House,0,7.25,1,7,0,2,0,0,1,1,0,1,0,1,1,0
848741161494843559,148,Entire home/apt,3,1,1,1,0,13.93731387653797,78744,Guesthouse/Guest suite,1,4.75,2,27,0,1,0,0,1,1,0,1,0,1,0,1
1558722681574915116,212,Entire home/apt,6,2,3,1,0,4.428071343182194,78751,Apartment/Condo,0,9.333333333333334,47,10,0,1,0,0,1,1,0,1,0,0,0,0
24240282,1845.5,Entire home/apt,8,4,6,4.5,0,5.410634055976203,78746,House,0,8.166666666666666,1,4,0,2,1,1,1,1,0,1,0,0,1,0
663702617552310936,320,Entire home/apt,16,7,12,3,0,4.347873916100781,78721,House,1,4.083333333333333,12,62,0,1,1,0,1,1,0,1,0,1,0,1
904506648473336393,359.6,Entire home/apt,4,2,3,1,0,8.633766394616663,78757,House,0,3,1,0,0,5,0,0,1,1,0,0,0,1,1,1
1532025468817761999,321.6,Entire home/apt,4,2,2,2,0,5.814131142402317,78704,Apartment/Condo,1,4.5,178,0,1,1,1,0,1,0,0,1,0,0,1,1
44020810,1018,Entire home/apt,14,5,6,5,0,14.57389730291171,Other,House,1,8.916666666666666,16,12,0,1,1,1,1,1,0,1,0,1,0,1
629601059145373112,556.5,Entire home/apt,6,3,3,2.5,0,6.131890363983451,78721,House,0,3.8333333333333335,1,0,0,2,0,0,1,1,0,1,0,1,1,1
1112444393012998503,208.5,Entire home/apt,3,1,1,1.5,0,5.3435618533514075,78723,Guesthouse/Guest suite,1,2.25,1,34,0,2,0,0,1,1,0,0,0,1,0,1
691444436777419757,335.25,Entire home/apt,4,1,2,1,0,0.7650714361683195,78701,Apartment/Condo,1,3.8333333333333335,1,14,0,4,1,0,1,0,1,1,0,0,0,1
801326178814430371,728.5,Private room,6,2,3,2,1,0.6744754588811267,78701,Hotel-like,1,5.583333333333333,7,0,0,2,1,0,1,0,1,1,0,1,0,1
1285607951814120440,362.74,Private room,6,2,3,2,0,0.8273104196676768,78701,Hotel-like,0,6.75,30,0,1,2,1,0,1,0,1,1,0,1,0,1
1642244253091525639,612,Entire home/apt,12,6,6,6,0,4.531776024141466,78746,House,0,0.5833333333333334,3,0,1,3,0,0,1,1,0,1,0,1,0,0
36807671,194.97,Entire home/apt,5,2,4,2,0,8.118459480218368,78723,House,1,15.416666666666666,1,13,0,2,0,0,1,1,0,1,0,1,1,1
1402329209378009372,158,Entire home/apt,3,1,1,1,0,5.798220929964252,78704,Apartment/Condo,0,3.25,5,14,0,1,0,0,0,0,0,0,0,0,1,0
7937786,656.5,Entire home/apt,8,3,4,2,0,3.323787284046631,78704,House,1,10.833333333333334,1,7,0,2,1,1,1,1,0,1,0,1,1,1
1249964027159950160,179,Entire home/apt,4,1,1,1,0,3.5466846179855054,78704,House,1,4,2,24,0,2,0,0,1,1,0,1,0,1,0,1
1286479516776304289,240,Entire home/apt,6,3,3,2,0,9.626059134015641,78745,House,1,2.5,4,27,0,2,1,0,1,1,0,1,0,1,1,1
1047119873085599788,399,Entire home/apt,7,3,4,2,0,7.827201521699555,Other,House,1,4.916666666666667,1,23,0,2,1,0,1,1,0,1,0,1,0,1
1615438370529404807,173,Entire home/apt,2,1,1,0,0,1.2606663558755429,78701,Apartment/Condo,0,2.0833333333333335,42,0,1,1,1,0,1,0,1,0,0,0,1,1
38724154,145,Entire home/apt,2,1,1,1,0,20.666798630379706,78737,Unique/other,1,7.166666666666667,23,17,0,2,1,1,1,1,0,0,0,0,1,1
1408105644433036637,281,Entire home/apt,16,6,12,3,0,2.3358930632949226,78705,Apartment/Condo,1,3.8333333333333335,3,24,0,1,0,0,1,1,0,1,0,1,1,1
1466781244773602318,366.86,Entire home/apt,10,4,7,3,0,5.264439537994475,Other,House,0,10.916666666666666,1,0,1,7,1,1,1,1,0,1,1,1,1,0
1200204270967409438,228.28,Entire home/apt,5,2,3,1,0,2.206138519608124,78704,Apartment/Condo,0,2.1666666666666665,19,14,0,1,1,0,1,1,0,1,0,1,1,1
1526867729743966725,124,Entire home/apt,3,1,1,1,0,17.314129329413905,Other,Unique/other,0,4.416666666666667,4,2,0,1,0,0,1,1,0,0,0,0,1,0
723323810787320006,228.23999999999998,Entire home/apt,6,2,2,1.5,0,8.994373808575878,78745,Apartment/Condo,0,1.25,1,0,1,2,0,0,1,1,0,1,0,1,1,1
1198454490855496562,173,Entire home/apt,2,1,2,1,0,3.3741427899707293,78704,Guesthouse/Guest suite,1,6.416666666666667,3,52,0,1,0,0,1,1,0,0,0,0,0,1
1568343372060457569,818,Entire home/apt,7,4,4,3.5,0,2.1221431642010553,78703,House,1,14.416666666666666,7,3,0,2,1,0,1,1,0,1,0,1,0,0
46485666,379,Entire home/apt,4,1,2,1,0,1.2018961066237,78701,Apartment/Condo,0,9.833333333333334,28,82,0,1,1,0,1,0,1,1,1,1,1,1
39224270,279.67,Entire home/apt,6,3,3,2,0,14.367242487672318,Other,House,1,6.666666666666667,1,14,0,3,0,1,1,1,0,1,0,1,1,1
1101637437137422814,198.56,Entire home/apt,3,1,1,1,0,8.09411199119351,78745,Apartment/Condo,0,9.5,1,1,0,1,0,0,1,1,0,1,0,0,1,1
37533302,693,Private room,5,3,3,2,0,3.0737971696038047,78702,House,0,7.25,2,0,0,1,0,0,1,1,0,1,0,1,0,1
1386207305864398033,277.5,Entire home/apt,10,4,7,2,0,12.870553608801421,Other,House,0,3.9166666666666665,48,12,0,2,0,0,1,0,0,1,0,0,1,1
45696200,509,Entire home/apt,16,6,16,4,0,3.5130342951001943,78741,House,1,11.333333333333334,5,15,0,2,0,0,1,1,0,1,0,1,0,1
742790652952372205,263,Entire home/apt,8,2,4,2,0,2.0168739994659255,78701,Apartment/Condo,1,4.166666666666667,20,76,0,1,1,0,1,0,1,1,1,1,0,1
724640936600888132,426.5,Entire home/apt,8,3,4,3.5,0,4.2987140018464425,78721,House,0,9.25,47,1,0,2,0,0,1,1,0,1,0,1,0,1
689920458757734943,215,Entire home/apt,4,1,1,1,0,6.564088521153102,78741,Apartment/Condo,0,8.666666666666666,53,25,0,1,0,0,1,1,1,1,1,1,0,1
31949702,468,Entire home/apt,6,3,3,2,0,1.1091112123651643,78702,House,1,7.333333333333333,1,8,0,1,0,0,1,1,0,1,0,0,0,1
27775728,246.5,Entire home/apt,4,2,2,2,0,3.981711890491658,78704,House,1,15.416666666666666,6,33,0,2,0,0,1,1,0,1,0,0,0,1
1044296828356735250,177.98000000000002,Entire home/apt,4,1,2,1,0,2.0569842819655992,78703,Apartment/Condo,1,5.75,1,21,0,1,1,0,1,1,0,1,0,1,1,0
1437511485748169919,166.5,Entire home/apt,2,1,1,1,0,5.966767719332061,78723,Apartment/Condo,0,1,1,13,0,1,1,0,1,0,1,1,0,0,0,1
707378412501643862,471.5,Entire home/apt,16,5,7,3.5,0,16.10643689139944,Other,House,1,3.75,3,1,0,1,1,1,1,1,0,1,0,1,1,1
950698238128190216,231,Entire home/apt,2,1,1,1,0,1.535602388953849,78703,Apartment/Condo,1,5.583333333333333,6,21,0,2,0,0,1,1,0,1,0,0,0,1
1688559855657650882,68.5,Private room,1,1,1,1,1,15.404405031228253,Other,House,0,3.3333333333333335,1,3,0,2,0,0,0,1,0,1,0,1,0,1
1371053319206914762,285.2,Entire home/apt,4,2,3,1,0,4.582584686789871,78704,Apartment/Condo,1,4.916666666666667,1,38,0,1,0,0,1,1,1,1,0,1,1,1
1705860835335041684,181,Entire home/apt,2,1,1,1,0,4.989118346739154,78723,Apartment/Condo,0,12.083333333333334,1,0,1,3,1,0,1,0,0,0,0,1,0,0
23573899,1846,Entire home/apt,9,4,5,3.5,0,3.566680854191188,78703,House,0,8.25,1,0,0,2,0,0,1,1,0,1,0,1,0,0
769637955134380539,292,Entire home/apt,6,2,2,1,0,5.261129990979901,78721,House,1,3.5,1,5,0,3,1,1,1,1,0,1,0,1,1,1
625406280546403016,355,Entire home/apt,4,2,2,1,0,3.7407175003552626,78704,House,1,12.083333333333334,23,22,0,1,0,0,1,1,0,1,0,1,1,1
1247396156408318837,154,Entire home/apt,2,1,1,1,0,3.486284513293073,78722,Unique/other,1,5.333333333333333,11,8,0,2,0,0,1,1,0,0,0,1,1,1
45831324,376,Entire home/apt,6,3,4,2,0,1.9620968695637673,78702,House,1,6.666666666666667,14,13,0,1,0,0,1,1,0,1,0,0,1,0
578554486204139321,131,Entire home/apt,7,3,3,2.5,0,7.295857968072637,78723,House,1,4.25,1,19,0,1,0,0,1,1,0,1,0,1,1,1
701749660959553087,273,Entire home/apt,10,3,5,3,0,19.399772953941877,Other,House,1,4.833333333333333,5,12,0,1,0,0,1,1,1,0,0,1,1,1
54227471,200,Entire home/apt,5,3,3,1.5,0,8.42561669787365,78745,House,1,9.75,1,8,0,1,0,0,1,1,0,1,0,1,0,1
942611597190938705,100,Private room,3,1,1,1,0,7.020831074856711,78745,Hotel-like,0,3.25,92,19,0,1,0,0,1,0,1,1,0,1,1,1
1229941268776019907,243,Entire home/apt,8,3,4,2,0,7.143709164839291,78723,House,0,3.75,31,30,0,1,0,0,1,1,0,1,0,1,0,1
1177765020209191413,192,Entire home/apt,6,2,3,1.5,0,7.656000681536061,78752,House,0,3.75,31,55,0,1,0,0,1,1,0,1,0,1,0,1
32379276,214.10999999999999,Entire home/apt,6,2,3,2,0,1.8032227783204844,78702,Guesthouse/Guest suite,0,11.333333333333334,18,15,0,2,0,0,1,1,0,1,0,1,0,1
841286575531884230,275.45,Entire home/apt,7,3,4,2,0,3.505764474776786,78702,House,1,4.083333333333333,1,31,0,2,0,0,1,1,0,1,0,1,1,1
1634210296671893501,449.5,Entire home/apt,6,2,3,2,0,0.7196818320954406,78701,Apartment/Condo,1,4.25,9,0,1,2,1,0,1,0,1,1,0,0,0,0
1703827308072141610,154.56,Entire home/apt,7,3,4,2,0,19.89346412628102,78729,House,0,11,3,0,1,5,0,0,1,1,0,1,0,1,1,0
1181106130461803492,1903.5,Entire home/apt,12,6,6,6,0,19.961147609230036,78734,House,1,12,17,5,0,1,1,1,1,1,0,1,0,0,0,1
1075576471702187056,189.9,Entire home/apt,4,1,2,1,0,4.685178328306299,78704,Apartment/Condo,0,4,38,19,0,1,0,0,1,1,0,1,0,1,1,1
995911787722057725,482,Entire home/apt,8,4,4,2.5,0,2.9847561530642936,78702,House,1,5.833333333333333,3,33,0,1,1,0,1,1,0,1,0,1,0,1
787652924521214605,382.5,Entire home/apt,8,3,4,2.5,0,8.429351866595056,78757,House,1,3.4166666666666665,1,3,0,2,0,0,1,1,0,1,0,1,1,1
1254389040676764759,240,Entire home/apt,6,2,3,2,0,8.709717149772374,Other,Apartment/Condo,0,6.833333333333333,16,20,0,1,0,0,1,1,0,1,0,1,0,1
958183359204499117,965,Entire home/apt,8,4,7,2.5,0,4.799663246022187,78704,House,1,14.416666666666666,7,10,0,2,1,0,1,1,0,1,0,0,0,0
988982697375523276,845,Entire home/apt,6,2,3,2,0,0.7442943028532236,78701,Apartment/Condo,1,2.75,26,0,1,1,1,0,1,0,1,1,0,0,0,1
727375347026884597,179,Entire home/apt,4,1,2,1,0,2.137187041540366,78701,Apartment/Condo,1,11.25,6,21,0,2,1,0,1,0,0,1,0,0,0,0
1435793082787438351,1213.45,Entire home/apt,6,1,3,1,0,2.2816846118502347,78704,Apartment/Condo,1,3.5,7,55,0,1,1,0,1,0,1,1,0,1,1,1
1490786880071855339,145.5,Entire home/apt,3,1,1,1,0,1.751450883098442,78704,Apartment/Condo,0,0.8333333333333334,1,3,0,2,1,0,1,0,0,1,0,1,0,1
1404657195072073507,126.33,Entire home/apt,2,1,1,1,0,5.3090145688000785,78751,House,1,1.1666666666666667,1,29,0,3,0,0,1,1,0,1,0,0,0,1
1602298206199879123,245,Entire home/apt,4,2,2,2,0,5.814131142402317,78704,Apartment/Condo,1,4.5,178,3,0,1,1,0,1,0,0,1,0,0,1,1
53289823,189.5,Entire home/apt,4,2,2,1,0,2.127143260927304,78703,House,1,4.666666666666667,4,1,0,4,0,0,1,1,0,1,1,1,1,0
47905814,285.28999999999996,Entire home/apt,7,3,4,1.5,0,4.716391053425466,78704,House,1,4.75,1,42,0,1,0,0,1,1,0,1,0,1,0,0
1308172939484953120,199,Entire home/apt,2,1,1,1,0,3.212370104375543,78702,Apartment/Condo,1,3.9166666666666665,2,60,0,1,0,0,1,1,0,1,0,1,0,1
1239119015846130175,158,Entire home/apt,2,1,1,1,0,5.629313830222243,78721,Apartment/Condo,0,1.0833333333333333,23,8,0,1,0,0,1,1,0,1,0,1,0,1
554482481623606376,334.67,Entire home/apt,4,2,2,2,0,3.7858381178563074,78704,House,0,4.333333333333333,1,0,0,3,0,0,1,1,0,1,0,1,1,1
1591451288785337695,216,Entire home/apt,8,3,4,3.5,0,4.182754867842659,78704,House,1,0.4166666666666667,3,19,0,1,0,0,1,1,0,1,0,1,0,1
1526215815057820473,400,Entire home/apt,6,3,4,2,0,15.83733834851849,78724,House,0,0.6666666666666666,1,1,0,1,0,0,1,1,0,1,0,0,0,1
48463212,450,Entire home/apt,10,3,4,2,0,25.653909035504395,78734,House,0,10.25,17,0,0,2,0,0,0,0,0,0,0,0,0,1
716577539833290899,328,Private room,4,1,2,1,0,0.7704450056369456,78701,Hotel-like,0,3.6666666666666665,25,0,1,2,1,1,1,0,1,1,0,1,0,1
1292028185232051377,168,Entire home/apt,4,1,1,1,0,2.2007579895110116,78704,Apartment/Condo,0,8.666666666666666,53,35,0,1,1,0,1,1,0,1,0,1,1,1
932533594015694629,1187,Entire home/apt,10,4,5,3,0,4.35447083418592,78704,House,1,2.9166666666666665,1,8,0,3,1,1,1,1,1,1,0,1,0,1
1263829925364145497,523,Entire home/apt,9,4,5,2.5,0,1.3604205296982166,78702,House,1,1.6666666666666665,6,20,0,1,0,1,1,1,0,1,0,1,0,0
854345287184249350,243.03,Private room,4,1,2,1,0,0.6465404865493488,78701,Hotel-like,0,3.25,92,0,0,1,1,0,1,0,1,0,0,1,1,1
271052,200,Entire home/apt,4,2,2,2,0,3.871724245407359,78704,Apartment/Condo,1,14.583333333333334,1,5,0,3,0,0,1,1,0,1,0,1,1,1
784925289040561481,206,Entire home/apt,4,2,2,1,0,9.644637419022565,78724,House,0,3.1666666666666665,1,53,0,1,0,1,1,1,0,1,0,0,1,1
1598599517252387632,281,Entire home/apt,6,2,4,2.5,0,2.01002922171008,78702,House,0,0.4166666666666667,1,9,0,1,1,0,1,1,0,1,0,0,1,1
36700041,146.62,Entire home/apt,4,3,4,2,0,16.26381774401124,Other,House,0,6.916666666666667,1,3,0,1,0,0,1,1,0,1,0,1,0,1
1044953125489069370,155.9,Entire home/apt,4,1,1,1,0,5.5046389258525865,78704,Apartment/Condo,1,3.6666666666666665,2,9,0,2,1,0,1,1,0,1,0,1,1,1
46601193,161,Entire home/apt,5,2,2,2,0,9.241511473008819,78744,House,1,3.8333333333333335,2,4,0,1,0,0,1,1,0,1,0,1,1,1
52069836,319.53,Entire home/apt,16,3,6,2,0,5.152530742585337,78721,House,1,4.75,2,66,0,1,0,0,1,1,0,1,0,1,1,1
1510969409353481429,199.5,Entire home/apt,10,3,5,2,0,5.113009256280283,78721,House,1,0.75,1,19,0,2,0,0,1,1,0,1,0,1,1,1
1351704352652837659,220.5,Entire home/apt,5,2,3,1,0,19.08692127226495,Other,Apartment/Condo,0,3.9166666666666665,48,4,0,2,0,0,1,1,0,1,0,1,1,1
823531185959706882,175,Entire home/apt,4,1,2,1,0,5.636188102737556,78704,House,0,3.0833333333333335,1,16,0,2,0,0,1,1,1,0,0,1,1,1
1391527201443898210,237,Entire home/apt,6,2,3,1,0,6.62681370979741,78745,Apartment/Condo,0,1.5,3,4,0,1,0,0,1,1,0,1,0,1,1,1
31016886,345,Private room,2,1,1,1,0,13.832398944583518,Other,Hotel-like,0,7.583333333333333,8,0,0,1,1,0,1,1,0,0,0,0,0,0
1402206070194382460,156.67,Entire home/apt,4,1,1,1,0,17.81878982048267,Other,Apartment/Condo,1,4.666666666666667,2,9,0,2,1,0,1,1,1,1,0,1,1,0
640484708419023379,543.6700000000001,Entire home/apt,8,3,4,3,0,26.13276693668259,78734,Apartment/Condo,0,9,15,8,0,3,1,1,1,0,0,1,0,0,0,1
711100790609865421,1230.6699999999998,Entire home/apt,6,2,2,2,0,5.777731001839098,78704,House,0,3.75,1,0,0,3,0,0,1,1,1,1,0,1,0,0
1538559035963705296,194,Private room,2,1,1,1,0,21.398870339744487,Other,House,0,1.75,2,1,0,2,0,0,1,1,0,0,0,1,0,1
1028172093843341499,575,Entire home/apt,16,10,16,6,0,6.105989135834115,78723,House,1,2.75,12,37,0,1,1,0,1,1,0,1,0,1,0,1
51409467,249,Entire home/apt,6,2,3,2,0,0.7679483395818422,78701,Apartment/Condo,1,4.916666666666667,27,0,0,2,1,0,1,0,1,1,0,1,0,1
564506946397998444,605,Entire home/apt,6,3,3,3.5,0,5.372632092714345,78704,House,0,10.833333333333334,2,0,0,4,0,0,1,1,0,1,1,1,1,1
899242050573007932,159,Entire home/apt,2,1,2,1.5,0,3.755359428000626,78702,Guesthouse/Guest suite,1,3,1,21,0,2,0,0,1,1,0,0,0,0,0,1
42625339,219,Entire home/apt,4,2,2,2,0,16.347419934005217,Other,House,1,3.4166666666666665,1,17,0,2,0,0,1,1,0,1,0,1,0,1
1365207224786526703,127,Entire home/apt,2,1,1,1,0,14.160643579838077,Other,Guesthouse/Guest suite,1,1.0833333333333333,1,25,0,2,0,0,1,1,0,1,0,1,0,1
1002845018120279086,265,Entire home/apt,12,5,6,2,0,3.3788931298561447,78741,House,1,4.916666666666667,11,47,0,1,1,0,1,1,0,1,0,1,0,1
758652125201283201,69.03,Entire home/apt,4,2,2,2,0,15.378992123646553,78758,Apartment/Condo,0,10.583333333333334,1,3,0,7,1,0,1,1,0,0,0,1,0,1
1264824203606444782,281,Entire home/apt,7,3,4,2,0,21.298808964514283,78729,House,1,1.6666666666666665,1,7,0,2,0,0,1,1,0,1,1,1,1,1
19038266,131,Entire home/apt,2,1,1,1,0,5.736142114754422,78752,Apartment/Condo,1,11,2,49,0,1,0,0,1,1,0,0,0,1,0,1
52864229,324,Entire home/apt,6,3,3,2.5,0,8.053253643437309,78745,House,0,4.75,1,0,0,2,0,0,1,1,0,0,0,1,0,1
1590323559395997947,605,Entire home/apt,15,5,8,3,0,14.598436095291886,78724,House,0,0.5,1,9,0,1,0,0,1,1,0,1,0,1,0,0
681609377249273970,461.5,Entire home/apt,8,3,4,3,0,1.6130436936182249,78703,Apartment/Condo,1,4.333333333333333,28,0,1,2,1,0,1,0,1,1,0,1,0,1
8783699,58.5,Entire home/apt,4,1,2,1,0,5.676098091338348,78704,Apartment/Condo,1,11.416666666666666,4,30,0,2,0,0,1,1,0,0,0,0,1,1
1584309356132047994,126,Private room,2,1,1,1,0,20.71525211308087,78729,House,0,1.6666666666666665,17,2,0,2,0,0,1,1,1,1,0,0,0,1
972659930381772029,274,Entire home/apt,4,2,2,2.5,0,13.57367095986269,78744,House,0,2.75,1,6,0,2,0,0,1,1,0,1,0,1,0,1
1577469225223282598,451.5,Entire home/apt,4,3,3,3,0,4.23751751753723,Other,House,0,0.4166666666666667,1,1,0,2,1,0,1,1,0,1,0,1,1,0
1708748451436218519,263.5,Entire home/apt,6,3,3,3,0,3.892194859525404,78702,House,1,7.25,31,0,1,2,0,0,1,1,0,1,1,1,1,1
852214232838637938,138.37,Entire home/apt,4,2,3,1,0,0.8164798734193068,78701,Apartment/Condo,1,3.5,3,36,0,2,0,0,1,1,0,1,0,1,0,1
1210353565553497225,554,Entire home/apt,7,3,4,3,0,3.942950353799268,78704,House,1,6.416666666666667,3,49,0,1,0,0,1,1,0,1,1,1,0,1
830695233106768907,194,Entire home/apt,6,2,3,1,0,3.586895198794462,78741,Apartment/Condo,1,3.25,1,32,0,1,1,0,1,1,0,1,0,1,0,1
1327020857758364962,870.5,Entire home/apt,10,5,5,4,0,3.694640336427302,78704,House,1,8.916666666666666,1,8,0,2,1,0,1,1,0,1,0,1,0,1
1614615985565325581,354,Entire home/apt,4,2,2,0,0,1.233487159567088,78701,Apartment/Condo,0,2.0833333333333335,42,2,0,1,1,0,1,0,1,1,0,0,1,1
762338148234960103,165.47,Entire home/apt,2,1,1,1,0,5.9532566376962865,78723,House,1,3.5833333333333335,1,43,0,1,0,0,1,1,0,0,0,1,0,1
44519908,175.67,Entire home/apt,5,2,2,2.5,0,3.421381406568513,78702,House,1,5.833333333333333,3,48,0,2,0,0,1,1,0,1,0,1,0,1
950067656786826757,230,Entire home/apt,8,2,5,1,0,6.144578020294521,78741,House,0,3.75,7,66,0,1,0,0,1,1,0,1,0,1,1,1
819110230930114229,283.33,Entire home/apt,6,3,3,2,0,2.921438622036204,78702,House,1,14.333333333333334,1,12,0,3,0,0,1,1,0,1,0,1,1,1
1592209765924200121,321,Entire home/apt,6,2,3,1,0,0.8907964608965642,78701,Apartment/Condo,0,9.333333333333334,47,4,0,1,0,0,1,0,0,0,0,1,0,0
1064770184970781228,290,Entire home/apt,4,1,2,1,0,2.135071771766863,78701,Apartment/Condo,1,8.833333333333334,38,2,0,1,1,0,1,0,1,1,1,1,0,1
1612590005890573638,356.33,Entire home/apt,6,2,3,2,0,0.7196818320954406,78701,Apartment/Condo,0,0.4166666666666667,2,0,1,3,1,0,1,0,1,1,0,0,0,1
1522731573472809379,205.5,Entire home/apt,2,1,1,1,0,1.575971977842658,78701,Apartment/Condo,0,0.16666666666666666,1,2,0,2,1,0,1,1,0,1,0,1,0,0
644051,980.5,Entire home/apt,10,4,6,2,0,2.6566632946342907,78704,House,0,13.75,1,0,0,2,0,0,1,1,0,1,0,0,0,1
518712657525454784,111.27,Entire home/apt,2,1,1,1,0,7.110624844147723,78723,Guesthouse/Guest suite,0,0.3333333333333333,1,3,0,2,0,0,1,1,0,0,0,1,0,1
1363037432991896423,253,Entire home/apt,8,4,4,2,0,11.598514837594132,78744,House,1,9.75,1,0,1,3,1,0,1,1,0,1,0,1,1,0
21216827,368.6,Entire home/apt,5,3,3,2.5,0,3.3135010789255794,78704,House,1,8.666666666666666,1,5,0,3,0,0,1,1,0,1,0,1,1,1
1517570914608712293,165,Entire home/apt,6,2,3,1,0,24.2027973403101,78734,Unique/other,0,1.4166666666666667,3,6,0,2,1,1,1,1,1,0,0,0,1,1
547744787543638025,344.5,Entire home/apt,4,1,2,1,0,0.8592695901299758,78701,Apartment/Condo,1,5.583333333333333,2,2,0,2,1,1,1,0,1,1,0,1,0,1
1699626220048277187,287.5,Entire home/apt,4,1,2,1,0,0.7782488811727047,78701,Apartment/Condo,1,3.75,6,0,1,2,1,1,1,0,1,1,0,0,0,1
1592266023704771956,314,Entire home/apt,6,2,3,1,0,0.8951198378169891,78701,Apartment/Condo,0,9.333333333333334,47,4,0,1,0,0,1,0,0,0,0,1,0,0
1042085713877988864,250,Entire home/apt,6,2,2,1,0,22.013733730502345,Other,Unique/other,1,2.5,1,20,0,2,0,0,1,1,0,1,0,0,0,0
1640190940591866904,444.8,Entire home/apt,10,4,5,4,0,4.665017190827793,78704,House,1,4.5,178,0,1,1,1,0,1,0,0,0,0,0,1,1
812341806053139725,268,Entire home/apt,4,2,2,1,0,20.16496104640448,78737,House,1,6.75,2,19,0,1,0,0,1,1,0,1,0,1,1,0
1349467975994072989,175,Entire home/apt,4,1,2,1,0,1.9974501206948319,78705,Apartment/Condo,1,1.4166666666666667,2,37,0,1,1,0,1,1,0,0,0,0,0,1
603059524317802880,280.5,Entire home/apt,4,2,2,2,0,3.219491288603824,78704,House,1,15.416666666666666,6,24,0,2,0,0,1,1,0,1,0,1,0,1
1471189090215621410,326,Entire home/apt,6,2,3,2,0,4.534425986799752,78704,Apartment/Condo,1,4.666666666666667,47,17,0,1,0,0,1,1,1,1,0,0,0,1
51350104,276,Entire home/apt,4,2,2,1,0,7.048283798069713,78745,House,1,4.833333333333333,1,7,0,2,0,0,1,1,0,0,0,1,1,1
1094954263446077929,420,Entire home/apt,8,4,4,2.5,0,13.91148974533103,Other,House,1,2.5833333333333335,10,2,0,1,0,0,1,1,0,1,0,1,1,1
827679667826358702,150,Entire home/apt,3,1,1,1,0,9.71416234447695,78745,House,0,2.6666666666666665,1,12,0,1,0,0,1,1,0,0,0,0,1,1
1493751510683715254,116,Entire home/apt,4,1,2,1,0,5.1144548640415595,78751,Apartment/Condo,0,0.8333333333333334,1,35,0,2,0,0,1,1,0,1,0,1,1,1
12601763,1423,Entire home/apt,14,7,7,3,0,2.2019707211428066,78704,House,1,12,17,10,0,1,0,0,1,1,0,1,0,0,1,1
1096340415135188683,200,Entire home/apt,6,3,5,1,0,5.590398535002946,78704,House,1,2.25,1,22,0,2,0,0,1,1,0,1,0,0,0,1
38596517,944,Entire home/apt,6,3,3,3.5,0,4.016235629011581,78704,House,1,8.5,2,24,0,2,1,0,1,1,0,1,0,1,0,0
23326212,125,Entire home/apt,5,2,2,1,0,5.514237127227932,78721,Apartment/Condo,0,1.0833333333333333,23,15,0,1,0,0,1,1,0,1,0,1,0,1
1433338223087084089,209,Entire home/apt,3,1,2,1,0,1.9857617302556372,78703,Apartment/Condo,1,5.833333333333333,5,36,0,1,1,0,1,1,0,1,0,1,1,1
1635694320252295679,274.67,Private room,2,1,1,1,0,22.168265177234748,78734,House,0,5.583333333333333,1,0,1,3,0,0,1,1,0,1,0,1,0,0
733327402364384767,255.08,Entire home/apt,6,3,3,2,0,7.44611678924688,78745,House,1,4,1,48,0,1,0,0,1,1,0,1,0,1,1,1
586851040679770994,411,Entire home/apt,10,4,5,3,0,13.832358164239352,78744,House,0,6.583333333333333,2,6,0,2,0,1,1,0,0,1,0,1,0,1
1520036634119044584,116,Entire home/apt,6,2,4,1,0,11.470705894894257,Other,Unique/other,0,3.75,1,1,0,1,0,0,1,0,0,0,0,0,0,0
1522789395132418339,1619.3,Entire home/apt,16,8,9,7,0,3.786790209499942,78704,House,1,8.833333333333334,10,0,1,2,1,1,1,1,0,1,0,1,1,0
28253030,200,Private room,2,1,1,1,0,2.067240516716394,78702,House,1,8.916666666666666,1,5,0,2,0,0,1,1,0,1,0,1,0,1
1453644011003817298,86.66999999999999,Entire home/apt,6,1,1,1,0,1.6057525092571554,78705,Apartment/Condo,1,0.9166666666666666,9,36,0,1,0,0,1,1,0,1,0,1,0,1
27729695,285.33,Entire home/apt,4,2,3,1,0,2.813890691955512,78703,Apartment/Condo,0,9.5,1,2,0,3,0,0,1,1,0,1,0,1,0,1
1678602176445476487,179,Entire home/apt,6,1,1,1,0,4.762036018653362,78741,Apartment/Condo,0,0.16666666666666666,1,12,0,1,1,0,1,1,1,1,0,0,1,1
19297733,168.67,Entire home/apt,4,2,2,1.5,0,1.1882539356244382,78702,Guesthouse/Guest suite,1,12.333333333333334,2,15,0,3,0,0,1,1,0,1,0,0,0,1
698506328992863202,425,Entire home/apt,8,4,4,3,0,3.0695074115804224,78702,House,1,12.333333333333334,10,27,0,2,0,1,1,1,0,1,0,1,0,1
1183330589521091900,863,Entire home/apt,12,5,10,4,0,25.114298747003225,78734,House,1,1.9166666666666665,1,30,0,2,1,1,1,1,0,1,0,1,1,1
1697367316838101586,194,Entire home/apt,4,1,2,1,0,14.069578463901923,78758,Apartment/Condo,1,0.75,1,1,0,1,1,0,1,1,0,1,0,0,0,0
1525351381035983420,221,Entire home/apt,4,2,4,1.5,0,10.889117255643447,78744,Apartment/Condo,0,0.5833333333333334,1,2,0,1,0,0,1,1,0,1,0,0,0,1
1549409337710492937,572.5,Entire home/apt,8,4,4,2,0,2.5466584830886867,78705,House,0,13.333333333333334,3,4,0,2,0,0,1,1,0,1,0,1,0,1
1470926628429648515,274,Entire home/apt,4,2,2,2.5,0,5.053977240767549,78721,House,1,0.5833333333333334,1,14,0,2,0,0,1,1,0,0,1,1,1,1
8124387,457,Entire home/apt,6,3,3,2,0,21.8002278005374,78734,House,1,11.166666666666666,1,26,0,1,0,1,1,1,0,1,0,0,1,1
8985401,962.6700000000001,Entire home/apt,6,3,3,2.5,0,4.592857492370189,78704,House,0,10.666666666666666,1,0,0,3,0,0,1,1,0,1,0,0,0,0
939173118093931690,331,Entire home/apt,4,1,2,1,0,1.964811432188087,78701,Apartment/Condo,0,12.333333333333334,20,14,0,1,1,0,1,0,1,1,0,1,0,0
868128001648432629,357.42999999999995,Private room,3,1,1,1,0,0.6465404865493488,78701,Hotel-like,0,3.25,92,0,1,1,1,0,1,0,1,0,0,1,1,1
1565365635489011717,311,Entire home/apt,10,3,6,2.5,0,5.6215891284336745,78721,House,1,7.75,7,4,0,1,0,0,1,1,0,1,0,1,1,1
1168848772502985841,368.2,Entire home/apt,4,1,2,1,0,2.138998580865724,78701,Apartment/Condo,1,8.833333333333334,38,5,0,1,1,0,1,0,1,1,1,1,1,1
1050845049429103077,113.5,Entire home/apt,3,1,2,1,0,7.8022422619731655,78723,Apartment/Condo,0,6.833333333333333,43,22,0,1,1,0,1,1,1,1,0,1,0,1
18489407,369,Entire home/apt,8,3,4,2,0,3.344241331056781,78704,House,0,9.25,47,10,0,2,0,0,1,1,0,1,0,1,0,1
50508306,110.75,Entire home/apt,3,1,1,1,0,7.50485262408811,Other,Guesthouse/Guest suite,1,1.3333333333333333,1,11,0,1,1,0,1,1,0,1,0,1,0,1
1190867281490948043,177.33,Entire home/apt,4,1,2,1.5,0,6.504210076091088,78741,Apartment/Condo,1,11.833333333333334,3,5,0,3,0,0,1,1,0,1,1,1,1,1
1387082643636609950,138.5,Entire home/apt,7,3,3,2,0,20.26439338462797,Other,House,0,4.5,3,49,0,1,1,0,1,1,0,1,0,0,0,0
1367045774770046980,456.6,Entire home/apt,12,4,6,2,0,2.6697684395940806,78704,House,1,2.8333333333333335,3,30,0,1,0,0,1,1,0,1,0,1,0,0
31906789,159.76,Entire home/apt,3,1,1,1,0,19.098662052884652,78729,Apartment/Condo,0,7.333333333333333,1,0,1,1,1,0,1,1,0,0,0,1,0,0
4645766,205.85000000000002,Entire home/apt,4,1,2,1,0,3.6460414288672904,78704,Apartment/Condo,1,12.083333333333334,9,7,0,2,0,0,1,1,0,1,0,0,1,1
26075986,1019,Entire home/apt,15,7,9,4,0,1.0774542731337893,78702,House,1,11.166666666666666,1,15,0,2,1,1,1,1,0,1,0,1,1,1
1151758539446619581,261.5,Entire home/apt,10,4,4,3,0,8.55619275302536,78744,House,0,6.916666666666667,1,33,0,2,1,0,1,1,0,1,0,0,1,1
952932,336.75,Entire home/apt,3,1,1,1,0,2.420403800001434,78702,House,0,13.333333333333334,1,0,1,4,0,0,1,1,0,1,0,0,1,0
715968371334421883,216.82000000000002,Entire home/apt,6,2,3,1.5,0,4.740645277557321,78741,House,1,5.416666666666667,1,3,0,1,1,0,1,1,0,1,0,1,0,1
843655349786359396,200.5,Entire home/apt,2,1,1,1,0,16.75269819690743,Other,Apartment/Condo,1,8.833333333333334,2,26,0,2,0,0,1,1,0,0,1,1,0,1
1661674335689396367,934,Entire home/apt,12,6,6,7.5,0,1.844517487560862,78702,House,1,10,8,9,0,1,1,0,1,1,0,1,0,1,0,0
248515,178.5,Entire home/apt,4,2,2,1,0,2.389166423044047,78702,House,1,14.666666666666666,2,37,0,2,0,0,1,1,0,1,0,1,1,1
21266938,535,Entire home/apt,4,1,2,1,0,0.7544355295826735,78701,Apartment/Condo,1,12.416666666666666,10,0,0,1,1,0,1,0,1,1,0,0,0,1
17029970,340.5,Entire home/apt,6,3,4,2,0,10.6388266146621,78745,House,0,0.25,1,3,0,2,0,0,1,1,0,1,0,1,1,0
30914095,257,Entire home/apt,4,2,2,1,0,7.357934605080706,78745,House,0,9.5,1,2,0,2,0,0,1,1,0,0,0,1,0,1
1490919751973460343,148,Entire home/apt,4,2,2,1,0,5.629313830222243,78721,Apartment/Condo,0,1.0833333333333333,23,6,0,1,0,0,1,1,0,1,0,1,0,1
633510605487945130,1243.5,Entire home/apt,16,7,15,5.5,0,2.7867898569338547,78702,House,1,7.833333333333333,4,7,0,2,1,0,1,1,0,1,0,1,1,1
1640545178156778179,154.5,Private room,2,1,1,1,0,5.893014508643978,78721,Guesthouse/Guest suite,0,0.8333333333333334,2,0,1,2,0,0,1,1,0,1,0,0,0,1
1312409867441735533,276,Entire home/apt,4,2,2,2,0,19.052923659250705,Other,House,1,11.083333333333334,23,55,0,1,0,0,1,1,0,1,0,0,0,1
1634307266360820140,329.5,Entire home/apt,8,3,3,2.5,0,17.496737010494037,Other,House,0,0.25,2,8,0,2,1,0,1,1,0,1,0,0,1,1
1639401295640009724,175.97,Entire home/apt,3,1,2,1,0,3.582956523207956,78741,Unique/other,1,10.25,1,4,0,1,0,0,1,1,0,0,0,0,0,0
35833887,342,Entire home/apt,4,2,2,2,0,2.781152318768008,78704,House,1,7.75,2,16,0,1,0,0,1,1,0,1,0,1,0,1
51504718,204.26999999999998,Entire home/apt,4,1,2,1,0,1.5698306058966378,78703,Apartment/Condo,1,4.666666666666667,2,16,0,1,0,0,1,1,0,1,0,1,1,1
792736935775840554,436,Entire home/apt,4,2,2,1,0,3.534752778665918,78704,House,0,4.166666666666667,4,37,0,2,0,0,1,0,0,1,0,0,0,1
988980990644717791,392,Entire home/apt,6,2,3,2,0,0.6916655143170157,78701,Apartment/Condo,1,2.75,26,0,1,1,1,0,1,0,1,1,0,0,0,1
42276701,141,Entire home/apt,4,1,2,1,0,2.964186189584596,78703,Apartment/Condo,1,10.416666666666666,23,27,0,1,0,0,1,1,0,1,0,1,0,1
41030817,282,Entire home/apt,13,3,10,2,0,1.2853569693412683,78702,Apartment/Condo,1,9.833333333333334,18,48,0,1,0,0,1,1,0,1,0,1,0,1
952207404339593790,174,Entire home/apt,2,1,1,1,0,2.021512625271367,78722,Guesthouse/Guest suite,1,4.75,5,29,0,1,0,0,1,1,0,0,0,1,0,1
1695307815329120428,272,Entire home/apt,7,3,5,3.5,0,4.793715127780579,78704,House,0,9.416666666666666,1,3,0,1,0,0,1,1,0,1,0,1,1,1
1485661195861614985,284,Entire home/apt,6,2,3,2,0,4.974232608520619,78704,House,1,9.75,33,25,0,1,0,0,1,1,0,1,0,0,0,1
14072370,317.5,Entire home/apt,6,2,2,2,0,26.111444291234346,78734,House,0,10.25,17,0,0,2,1,0,1,1,0,1,0,0,0,0
1607588988925133177,247.58,Entire home/apt,6,2,3,1.5,0,2.41247484449544,78704,House,1,0.9166666666666666,2,16,0,1,0,0,1,1,0,1,0,0,1,1
1668231581765378693,547,Entire home/apt,12,4,4,2,0,2.563516967351111,78704,Apartment/Condo,1,0.3333333333333333,3,0,1,1,0,0,1,1,0,1,0,0,1,1
51244044,233.94,Entire home/apt,3,1,2,1,0,3.2349927946326527,78704,House,0,3.75,18,30,0,1,0,0,1,1,0,1,0,0,1,1
1126141931564350848,217,Entire home/apt,6,2,4,2,0,4.692234341442374,78741,Apartment/Condo,0,2.1666666666666665,1,7,0,2,1,0,1,1,0,1,0,1,1,1
1213690,542.5,Entire home/apt,7,3,3,2,0,2.511821771377642,78702,House,1,13.833333333333334,7,25,0,1,0,0,1,1,0,1,0,1,0,1
1182645589031797799,209.70999999999998,Hotel/shared room,2,1,1,1,0,1.0901504103393052,78705,Hotel-like,0,3.1666666666666665,48,0,1,1,1,0,1,0,1,0,0,1,1,1
12021271,163,Entire home/apt,3,1,2,1,0,1.710921374042068,78702,Guesthouse/Guest suite,1,10.166666666666666,4,26,0,1,0,0,1,1,0,1,0,1,0,1
1625503419645694418,132.65,Private room,4,1,2,1,0,13.281481609054886,Other,Hotel-like,0,3.1666666666666665,3,17,0,1,1,0,1,0,0,1,0,1,1,0
1049520689799001003,210.5,Entire home/apt,5,2,3,1,0,4.474368193356666,78741,Apartment/Condo,0,6.833333333333333,43,6,0,1,0,0,0,1,1,1,0,1,0,1
672235101392422265,152.55,Entire home/apt,4,2,2,1,0,17.78616917087454,Other,House,1,2.5833333333333335,10,3,0,1,0,0,1,1,0,1,0,1,1,1
46748589,176.86,Entire home/apt,6,3,4,2,0,20.273831002055775,78729,House,1,8.75,2,9,0,7,0,0,1,1,0,1,0,1,1,1
1216666616993055293,955.74,Entire home/apt,8,4,4,3,0,4.977787580377584,78704,House,1,11.083333333333334,9,19,0,2,0,0,1,1,0,1,0,0,1,1
51541560,313,Entire home/apt,8,4,5,2.5,0,19.199461148489704,78729,House,1,10.333333333333334,12,10,0,1,0,0,1,1,0,1,0,1,1,1
1314020304431317108,480,Entire home/apt,15,4,7,3,0,14.171066310881741,Other,House,1,2.75,1,28,0,1,0,0,1,1,0,1,0,0,1,1
47800632,27.5,Entire home/apt,16,10,16,1,0,7.774357185520443,78745,Unique/other,1,14.416666666666666,22,1,0,2,0,0,0,1,0,0,0,0,0,0
1418810515352619606,197,Entire home/apt,4,1,1,1,0,3.1803650461782444,78702,House,1,6.5,7,9,0,1,1,0,1,1,0,1,0,1,1,1
992966983003134079,225.16,Entire home/apt,6,2,2,1.5,0,2.6913064146245076,78702,House,1,2.4166666666666665,1,55,0,2,0,0,1,1,1,1,0,0,0,1
1597376452831925157,252.8,Entire home/apt,4,2,2,2,0,5.814131142402317,78704,Apartment/Condo,1,4.5,178,0,1,1,1,0,1,0,0,1,0,0,1,1
1016010994437538853,376,Entire home/apt,4,2,2,2.5,0,5.071119978701415,78721,House,1,5.583333333333333,1,15,0,1,0,0,1,1,0,1,0,0,0,1
1594314091836367993,231.17,Entire home/apt,2,1,1,1,0,7.650996978453828,78752,House,0,9,1,1,0,6,0,0,1,1,0,1,0,1,1,1
50217447,139,Entire home/apt,2,1,1,1,0,2.5470249305838513,78703,Guesthouse/Guest suite,1,4.75,5,49,0,1,0,0,1,1,0,0,0,1,0,1
1449043585105005627,218,Entire home/apt,4,2,2,1,0,24.159820005277947,78734,Unique/other,1,8.916666666666666,3,40,0,2,0,1,1,1,0,1,0,0,1,0
1608406330084587648,125.53,Entire home/apt,7,2,3,2,0,9.989215482813268,78745,Apartment/Condo,1,1.75,3,20,0,2,1,0,1,1,0,0,0,1,1,1
767069358649817721,472.5,Entire home/apt,8,3,5,2.5,0,9.592992550295596,78724,House,0,3.9166666666666665,48,1,0,2,0,0,1,1,0,1,0,1,0,1
1465366469392566469,181,Entire home/apt,2,1,1,1,0,15.367443393835085,78753,Apartment/Condo,1,1.3333333333333333,25,2,0,1,1,0,1,1,1,1,0,1,0,1
667392566657282959,232,Entire home/apt,2,1,1,1,0,2.220584685919355,78702,Guesthouse/Guest suite,1,5.833333333333333,12,35,0,1,0,0,1,1,0,1,0,1,0,1
797381216506597981,202,Entire home/apt,2,1,1,1,0,8.31990289574381,78757,Apartment/Condo,0,8.666666666666666,53,14,0,1,0,0,1,1,0,1,0,1,1,1
1640774217339740708,142,Entire home/apt,5,1,2,1,0,2.4794025864715783,78705,Apartment/Condo,0,0.16666666666666666,1,7,0,1,0,0,1,1,0,1,0,1,1,1
1433022265931810449,411,Entire home/apt,8,3,6,2.5,0,3.536536143731067,78741,House,1,5.333333333333333,11,45,0,1,0,0,1,1,0,1,0,1,1,1
45456265,184.33,Entire home/apt,4,1,2,1,0,22.409972380169126,78734,Unique/other,1,8.25,5,1,0,3,0,0,1,1,0,1,0,1,0,1
1709560643472155870,193.6,Entire home/apt,4,2,2,2,0,5.814131142402317,78704,Apartment/Condo,1,4.5,178,0,1,1,1,0,1,0,0,1,0,0,1,1
25456126,181,Entire home/apt,4,1,1,1,0,2.0504955221669263,78702,House,1,9.916666666666666,2,26,0,1,0,0,1,1,0,1,0,1,1,1
897847033999253671,208.5,Entire home/apt,4,1,2,1,0,3.0012554014659956,78705,Apartment/Condo,1,2.9166666666666665,1,11,0,2,0,0,1,1,0,1,0,1,0,1
1670388500984205884,117,Entire home/apt,3,1,2,1,0,18.594936224963547,78729,House,0,0.25,2,3,0,2,0,0,1,1,0,0,0,1,0,0
1421294157445912641,313.26,Entire home/apt,8,3,5,2,0,21.334001923183887,Other,House,1,1.6666666666666665,2,25,0,2,0,0,1,1,0,1,0,0,0,1
52322399,230,Entire home/apt,4,2,2,2,0,4.86783890882161,78721,House,1,10.75,1,24,0,1,0,0,1,1,0,1,0,1,0,1
1667700593131501281,430.8,Entire home/apt,8,3,4,3,0,3.9997296832518567,78702,House,0,0.08333333333333333,1,6,0,2,1,0,1,1,0,1,1,1,0,1
1701542350814024756,414,Entire home/apt,8,3,4,2.5,0,18.478107710232813,78729,House,1,1.5833333333333335,6,0,1,2,1,1,1,1,0,1,0,1,1,0
1355527994799472408,363.5,Entire home/apt,4,1,2,1,0,2.043479855088043,78704,Apartment/Condo,0,2.1666666666666665,19,11,0,1,1,0,1,1,0,1,0,1,1,1
963309506170273231,200,Entire home/apt,6,2,2,2,0,5.42103440052258,78741,Apartment/Condo,1,2.75,7,25,0,1,0,0,1,1,0,1,0,1,0,1
576095377129517657,211.5,Entire home/apt,6,3,3,2,0,8.004880744981937,78752,House,0,4.25,2,1,0,2,0,0,1,1,0,1,0,1,0,0
37899310,363,Entire home/apt,6,2,3,2,0,0.8215277757696665,78701,Apartment/Condo,0,12.333333333333334,6,0,0,1,1,0,1,0,1,1,0,0,0,1
26816767,156,Entire home/apt,4,1,2,1,0,6.810723453622975,Other,Guesthouse/Guest suite,0,7.583333333333333,1,29,0,1,0,0,1,1,0,0,0,0,0,1
1456033950934265167,965,Entire home/apt,16,6,9,5,0,2.5167403049989,78702,House,1,10.333333333333334,41,26,0,1,1,1,1,1,1,1,1,1,0,1
804416967049653046,231.5,Entire home/apt,2,1,2,1,0,13.238451205637505,Other,Guesthouse/Guest suite,0,9.583333333333334,1,5,0,2,0,0,1,1,0,0,0,0,0,1
1700040818800021532,638,Private room,6,2,3,2,0,0.7076826379155577,78701,Hotel-like,0,0.25,6,0,1,2,1,0,1,0,1,1,0,0,0,1
1240014892607407178,154.5,Entire home/apt,3,1,2,1,0,5.961781522701248,78704,Apartment/Condo,0,1.75,3,24,0,1,1,0,1,1,0,1,1,1,1,1
809359038670980042,500,Private room,4,1,2,1,0,0.9101108500218524,78701,Hotel-like,1,5.583333333333333,7,1,0,2,1,0,1,1,1,1,0,1,0,1
17480569,226,Entire home/apt,4,1,2,1,0,27.559248362761284,Other,Unique/other,1,8.416666666666666,1,27,0,1,0,0,1,1,0,0,0,1,0,1
52815547,861,Entire home/apt,16,6,8,5,0,5.405372587126639,78721,House,1,4.916666666666667,2,13,0,1,1,1,1,1,0,1,0,1,1,1
20406990,219,Entire home/apt,4,2,2,1.5,0,4.611314855816928,78704,House,0,15.083333333333334,1,39,0,1,0,0,1,1,0,1,0,1,1,1
762509665532361607,398,Entire home/apt,3,2,2,2,0,2.6098328186814084,78702,House,1,9.25,2,11,0,3,0,0,1,1,0,1,0,1,0,1
47783369,216,Private room,3,1,1,1,0,21.16956348370612,Other,Hotel-like,0,5.416666666666667,1,0,0,1,1,0,1,1,0,0,0,1,0,0
1669592726562640351,604,Hotel/shared room,2,1,1,1,0,1.9756706334360723,78704,Hotel-like,0,0.16666666666666666,47,0,1,1,1,0,1,0,1,0,1,1,1,1
53610835,142,Entire home/apt,2,1,1,1,0,7.382117493538431,78757,Apartment/Condo,1,3.6666666666666665,1,12,0,1,0,0,1,1,0,0,0,0,0,0
1441469035326844138,402.67,Entire home/apt,6,3,3,2,0,6.952713501357193,78757,House,1,4.666666666666667,1,1,0,3,0,0,1,1,0,1,0,0,0,0
44645345,123,Entire home/apt,2,1,1,1,0,7.784493575030984,78723,Apartment/Condo,1,6,1,33,0,2,0,0,1,1,0,1,0,1,0,1
574877801457049936,298,Entire home/apt,6,2,3,1.5,0,2.0295460552953655,78701,Apartment/Condo,0,10.5,9,22,0,1,1,0,1,0,1,1,1,1,1,1
1245090061157458527,173,Entire home/apt,2,1,1,1,0,1.0270810645170971,78702,Guesthouse/Guest suite,1,1.75,1,63,0,1,0,0,1,1,0,0,0,0,0,1
53949496,300,Entire home/apt,10,4,7,2,0,14.85404469755287,78724,House,1,7.166666666666667,23,12,0,2,0,0,1,1,0,1,0,0,1,1
1669180984472492438,1629,Entire home/apt,16,5,8,5,0,4.053397132365836,78704,House,1,8.25,19,1,0,1,1,1,1,1,0,1,1,0,0,0
41796207,504.33,Entire home/apt,8,3,3,2,0,15.709595088930778,Other,House,1,6.333333333333333,1,12,0,3,1,1,1,1,0,1,0,1,0,1
1601624255266156528,155,Entire home/apt,2,1,2,1,0,6.653990278824877,78723,Apartment/Condo,1,0.4166666666666667,2,10,0,1,0,0,1,1,0,0,0,0,0,1
765919960256493593,209.6,Entire home/apt,6,2,3,2,0,1.6130436936182249,78703,Apartment/Condo,1,4.916666666666667,27,0,1,2,1,0,1,0,1,1,0,1,0,1
1131395862436054889,210,Entire home/apt,3,1,1,1,0,1.7799541123521119,78703,Apartment/Condo,1,2.6666666666666665,2,7,0,1,0,0,1,1,0,1,1,0,0,1
1079270600382638282,395,Entire home/apt,8,3,4,2,0,2.909296968364138,78704,House,1,2.3333333333333335,1,31,0,1,1,0,1,1,0,1,0,1,1,1
1278411475662969558,500.5,Entire home/apt,14,5,7,3,0,14.75537389319884,78744,House,1,1.6666666666666665,6,36,0,2,0,0,1,1,0,1,1,1,1,1
1596499900503943808,201,Entire home/apt,4,2,2,2,0,5.814131142402317,78704,Apartment/Condo,1,4.5,178,4,0,1,1,0,1,0,0,1,0,0,1,1
1049936732998527581,275,Entire home/apt,6,3,3,2,0,10.22298924247811,78745,House,1,3.9166666666666665,7,24,0,2,0,0,1,1,0,1,0,1,0,1
54140645,519,Entire home/apt,12,4,4,2,0,9.293200802545792,78744,House,1,4.75,3,17,0,2,0,1,1,1,0,1,0,1,0,1
48938262,1763.6699999999998,Entire home/apt,16,5,13,4,0,7.028924667309555,78746,House,1,8.666666666666666,12,12,0,3,1,1,1,1,0,1,0,1,1,1
5768833,230.52,Entire home/apt,6,2,3,1,0,4.840353214524945,78703,House,1,11.166666666666666,1,28,0,1,0,0,1,1,0,1,0,0,1,1
1242027055481362639,126.5,Entire home/apt,6,2,2,2,0,4.940549166165464,78741,Apartment/Condo,0,3.9166666666666665,26,5,0,1,0,0,1,1,1,1,1,1,1,1
1632743335685747525,158.5,Entire home/apt,2,1,1,1,0,8.873188474081678,78745,Apartment/Condo,0,0.25,1,8,0,2,1,0,1,1,1,1,0,0,0,1
866874410109347072,234,Private room,8,2,4,2,0,7.97119734111113,78752,Hotel-like,0,3.25,92,0,1,1,1,0,1,1,1,0,0,1,1,1
960864265762672844,385,Entire home/apt,16,4,9,2,0,6.494001195794397,78723,House,1,2.8333333333333335,2,25,0,1,0,1,1,1,0,1,0,1,1,1
1545925120859714112,94.66999999999999,Entire home/apt,2,1,1,1,0,4.94896316222141,78723,House,1,7.5,1,15,0,2,0,0,1,1,0,1,0,0,0,1
1350202757885977978,342.5,Entire home/apt,6,3,2,3,0,6.973233047298523,78752,House,0,12.333333333333334,1,3,0,2,0,0,1,1,0,1,0,1,1,1
1605273577463613668,572.08,Entire home/apt,16,4,9,3,0,4.254084350256283,78702,House,1,3.5833333333333335,5,15,0,1,1,1,1,1,1,1,0,1,0,1
1429988135584382543,148.13,Entire home/apt,5,1,3,1,0,2.35754105860924,78705,Apartment/Condo,1,4.583333333333333,7,11,0,2,0,0,1,1,0,1,0,0,1,1
1653143453137082272,227.5,Entire home/apt,4,1,2,1,0,0.6436664755216364,78701,Apartment/Condo,1,4.166666666666667,1,0,1,4,1,1,1,0,1,1,0,0,0,0
1528353132674774609,355,Entire home/apt,6,2,3,2.5,0,2.1081434151178198,78702,House,0,3.9166666666666665,48,6,0,2,0,0,1,1,0,1,0,1,0,1
1341469639793819354,678.3299999999999,Entire home/apt,10,5,5,5,0,21.07941626515308,78734,House,1,2.1666666666666665,1,6,0,2,0,0,1,1,0,1,0,1,1,1
1247222058853412795,306.5,Entire home/apt,4,2,2,2,0,3.59280660278682,78704,House,1,12.333333333333334,10,45,0,2,0,0,1,1,0,1,0,1,0,0
356837,378.25,Entire home/apt,8,2,5,2.5,0,0.8256424249754017,78701,House,0,14.25,3,6,0,4,0,0,1,1,0,1,0,0,1,1
586742464097210250,304.69,Entire home/apt,4,1,2,1,0,1.9178839500456517,78701,Apartment/Condo,0,4.25,1,34,0,1,1,0,1,0,1,1,0,1,1,0
15418447,468,Entire home/apt,5,2,2,2,0,8.322200722793022,78745,House,0,2.5833333333333335,1,1,0,2,1,0,1,1,0,0,0,1,0,1
43614642,1661.43,Entire home/apt,8,4,4,3.5,0,5.98017035342699,78746,House,1,4.083333333333333,2,2,0,3,1,1,1,1,1,1,0,1,0,1
51353589,380.2,Entire home/apt,8,2,4,2,0,1.7464824268806058,78702,Apartment/Condo,1,4.833333333333333,4,8,0,1,0,0,1,1,0,1,0,1,1,1
21218304,342.5,Entire home/apt,4,2,3,2.5,0,2.104244255227398,78702,House,0,10.25,2,2,0,2,0,0,1,1,0,1,0,0,0,1
1605222401642393853,97.66999999999999,Entire home/apt,5,1,2,1,0,1.8508419425007694,78705,Apartment/Condo,0,1.75,8,10,0,2,0,0,1,1,0,0,0,1,1,1
32744342,167,Entire home/apt,4,2,2,1,0,0.8734587547553171,78702,House,1,7.25,31,49,0,1,1,0,1,1,0,0,0,1,0,1
1285651893430442343,322.39,Private room,4,1,2,1,0,0.9092573127312252,78701,Hotel-like,0,6.75,30,1,0,2,1,0,1,0,1,1,0,1,0,1
1342150189940008197,205.6,Entire home/apt,4,1,2,1,0,5.719509132003388,78751,Apartment/Condo,1,1.5,9,16,0,1,1,0,1,1,0,1,0,1,1,1
576735237364701899,135.8,Entire home/apt,2,1,1,1,0,5.481297434190532,78723,Guesthouse/Guest suite,1,11.583333333333334,1,40,0,1,0,0,1,1,0,0,0,1,0,1
52581856,398,Entire home/apt,2,1,1,1,0,10.321497831535709,78745,Apartment/Condo,1,6.166666666666667,16,14,0,1,0,0,1,1,0,1,0,0,1,1
539950312698711777,223,Entire home/apt,10,4,5,2,0,14.789446259526827,Other,House,0,4.833333333333333,2,8,0,2,0,0,1,1,0,1,0,0,0,1
1238414818538110680,338,Entire home/apt,4,2,3,1,0,26.16441122386143,78737,House,1,7.166666666666667,23,12,0,1,0,0,1,1,0,1,0,1,1,1
1447082318391554505,742,Entire home/apt,4,1,2,1,0,0.8680769689924798,78701,Apartment/Condo,0,0.5,2,10,0,1,1,0,1,0,1,1,0,1,1,0
51527840,260.19,Entire home/apt,5,1,3,1,0,3.0013139540419576,78751,House,1,9.75,2,27,0,1,0,0,1,1,0,1,0,1,1,1
1100184075919166490,662,Entire home/apt,6,3,3,2.5,0,5.8372848011599485,78741,House,1,12.583333333333334,3,1,0,2,1,1,1,1,0,1,0,1,0,0
771264203043121777,754,Entire home/apt,16,6,13,5.5,0,2.0168739994659255,78701,Apartment/Condo,1,4.166666666666667,20,7,0,1,1,0,1,0,1,1,1,1,0,1
896457078841033405,970,Entire home/apt,10,4,10,2.5,0,13.037899809797423,Other,House,1,4.5,14,32,0,1,1,1,1,1,0,1,0,1,0,1
51353363,799.2800000000001,Entire home/apt,11,4,6,2.5,0,3.0790126290132713,78703,House,1,4.833333333333333,4,8,0,1,1,1,1,1,0,1,0,1,1,1
899251432480453028,662,Entire home/apt,6,2,3,1.5,0,6.021683718044901,78704,Apartment/Condo,1,11.333333333333334,1,0,1,2,0,0,1,1,0,1,0,0,0,0
973897159428898174,522.66,Entire home/apt,16,4,10,2.5,0,11.970018015563689,Other,House,0,2.8333333333333335,1,18,0,1,1,1,1,1,0,1,0,1,1,1
27545483,990,Entire home/apt,16,5,13,3.5,0,1.5786013885383268,78702,House,1,14.5,13,3,0,1,1,1,1,1,0,1,0,1,1,1
1345807155385874745,128,Private room,2,1,1,1,0,16.766740383796805,Other,House,0,0.3333333333333333,1,1,0,1,0,0,1,1,0,0,0,1,0,0
1560400438245873131,527,Entire home/apt,16,5,12,3.5,0,5.567441138537122,78721,House,1,7.75,7,1,0,1,0,0,1,1,0,1,0,1,1,1
649977065073864157,144.36,Entire home/apt,5,2,2,1,0,2.637628570168684,78704,House,1,4,1,12,0,7,0,0,1,1,0,1,0,1,1,1
14706958,167.5,Entire home/apt,6,2,3,1,0,7.540143278916228,78723,House,1,11.666666666666666,4,22,0,2,0,0,1,1,0,1,0,1,0,1
1642664806515350926,806,Private room,8,3,4,3,0,1.684311452457425,78701,Hotel-like,0,1.8333333333333335,8,0,1,1,1,0,1,0,0,1,0,1,1,0
1565365642736493576,257,Entire home/apt,8,2,6,1,0,5.605510132108937,78721,House,1,7.75,7,8,0,1,0,0,1,1,0,1,0,1,1,1
1489549645548079070,195.33,Entire home/apt,8,3,4,1,0,13.662757890327716,Other,House,1,1.5833333333333335,1,20,0,2,0,0,1,1,0,1,0,0,1,1
1440171864352597263,171.5,Entire home/apt,6,2,3,1,0,24.021322515655097,78734,Unique/other,1,3.5833333333333335,2,27,0,2,1,1,1,1,1,0,0,1,1,1
1619089323612167513,200,Entire home/apt,6,2,3,1,0,5.8726597409500645,78704,Apartment/Condo,0,9.333333333333334,47,11,0,1,0,0,1,1,0,0,0,0,0,1
37875339,370.67,Entire home/apt,6,3,4,2,0,12.930990707952473,78758,House,1,6.833333333333333,2,9,0,2,0,0,1,1,0,1,0,1,0,1
621125410674430311,1124,Entire home/apt,16,7,10,5,0,17.63831586558663,78737,House,0,6.5,5,2,0,1,1,0,1,1,0,1,0,1,0,1
1402157313005959849,213.85000000000002,Entire home/apt,2,1,1,1,0,19.123293820033325,Other,Apartment/Condo,0,3.25,92,0,1,1,1,0,1,1,1,0,0,1,1,1
24655175,172.5,Entire home/apt,7,3,5,2,0,3.975348665033816,78704,House,1,8.083333333333334,2,25,0,2,0,0,1,1,0,1,0,0,1,1
3478000,217.35000000000002,Entire home/apt,4,2,2,1,0,3.5199572711923075,78704,Apartment/Condo,1,12.083333333333334,9,19,0,1,0,0,1,1,0,1,0,1,1,1
681607631075923519,201,Entire home/apt,4,1,2,1,0,0.7542600020707663,78701,Apartment/Condo,1,4.333333333333333,28,0,1,2,1,0,1,0,1,1,0,1,0,1
1270270417026306935,450,Entire home/apt,6,3,3,2.5,0,4.580102923792239,Other,House,1,1.5833333333333335,2,0,1,5,0,0,1,1,0,1,0,1,1,1
1147204134531497050,326,Hotel/shared room,2,1,1,1,0,26.113937906418407,78734,Hotel-like,0,3.1666666666666665,48,0,1,1,1,0,1,0,1,0,0,1,1,1
1680642460106110724,472.33,Entire home/apt,6,3,3,2,0,16.85056015171091,Other,House,0,10.333333333333334,1,0,1,1,0,0,1,1,0,1,0,1,0,1
38924035,160,Entire home/apt,2,1,1,1,0,8.847233219514973,78745,Guesthouse/Guest suite,1,1.4166666666666667,1,50,0,1,0,0,1,1,0,1,0,1,0,1
15192607,237,Entire home/apt,2,1,1,1,0,1.199670739340382,78702,House,0,10.833333333333334,1,1,0,4,0,0,1,1,0,1,0,1,0,1
254232,485,Entire home/apt,4,2,2,2,0,1.5159909624198322,78703,House,1,14.583333333333334,2,6,0,4,0,0,1,1,0,1,0,1,0,1
17134518,228.5,Entire home/apt,6,2,2,1,0,12.691425749234618,Other,House,0,9.333333333333334,1,8,0,2,0,0,1,1,0,0,0,1,1,1
816013391378010444,388.5,Entire home/apt,11,4,6,4,0,4.22523414366827,78702,House,1,3.25,4,20,0,2,0,0,1,1,0,1,1,1,0,1
869147481912942422,354,Entire home/apt,4,2,3,1,0,2.9164892068192403,78722,House,1,3.1666666666666665,1,37,0,1,0,0,1,1,0,1,0,1,1,1
676269911335222947,376.63,Entire home/apt,5,2,4,2,0,5.386259843107643,78721,House,1,3.75,1,34,0,1,0,0,1,1,0,1,0,1,0,1
756407225664324701,470.5,Entire home/apt,6,2,3,2,0,0.8803551303912648,78701,Apartment/Condo,0,5.666666666666667,4,0,1,2,1,0,1,0,0,1,0,0,0,1
741895733138744560,289.5,Entire home/apt,6,3,3,2,0,14.57275213056481,Other,House,0,10.166666666666666,1,16,0,1,0,0,1,1,0,1,0,1,1,1
1198516108340265699,131,Entire home/apt,2,1,1,1,0,14.951436424315872,78753,Apartment/Condo,1,9.166666666666666,6,31,0,1,1,0,1,1,0,0,0,1,1,1
964330,238,Entire home/apt,4,2,3,2,0,11.348910911386414,Other,Apartment/Condo,0,13.25,1,0,1,3,0,0,1,0,0,0,0,0,1,0
1628293761834142489,243.2,Entire home/apt,4,2,2,2,0,5.814131142402317,78704,Apartment/Condo,1,4.5,178,1,0,1,1,0,1,0,0,1,0,0,1,1
1477745117061503059,62.99,Private room,2,1,1,1,0,12.089570546200486,Other,House,0,6.666666666666667,2,0,1,1,1,0,1,1,0,1,0,0,0,0
23124821,212,Entire home/apt,6,3,3,2,0,5.949905786988741,78723,House,1,11.666666666666666,1,29,0,2,0,0,1,1,0,1,0,1,1,1
1615465030115039953,184,Entire home/apt,2,1,1,0,0,1.1794163906040287,78701,Apartment/Condo,0,2.0833333333333335,42,0,1,1,1,0,1,0,1,1,0,0,1,1
1553958105183558061,281.87,Entire home/apt,4,2,2,2.5,0,2.689779496774376,78702,House,1,10.75,1,21,0,1,0,0,1,1,0,1,0,1,0,1
1491641900046344414,178.70999999999998,Entire home/apt,3,1,2,1.5,0,5.846108778606951,78746,Apartment/Condo,1,0.6666666666666666,1,10,0,1,1,1,1,1,1,1,1,1,0,0
1586387952827121529,246,Entire home/apt,8,3,3,1,0,6.050053871400939,Other,House,0,0.4166666666666667,1,33,0,1,1,0,1,1,0,1,0,1,0,1
1419581763625015622,265,Entire home/apt,4,2,5,2,0,4.342229590807745,78704,House,1,1,1,31,0,1,0,0,1,1,0,1,0,1,0,0
1582867507891740994,193,Entire home/apt,4,2,2,2,0,5.814131142402317,78704,Apartment/Condo,1,4.5,178,0,1,1,1,0,1,0,0,1,0,0,1,1
1426070052955588414,234,Entire home/apt,5,2,3,2.5,0,4.965052657020492,78721,House,0,6.25,1,8,0,2,0,0,1,1,1,1,0,1,1,1
785407659448657383,970.5,Entire home/apt,13,4,8,3,0,6.6825029755677035,78746,House,1,12,17,6,0,1,0,1,1,1,0,1,0,1,1,1
48602146,163.19,Entire home/apt,3,1,2,1,0,3.5492072614141286,78704,Apartment/Condo,1,0.8333333333333334,3,22,0,1,1,0,1,1,0,1,0,1,1,1
694405559056447636,257,Entire home/apt,4,1,2,1,0,2.9826362748855675,78705,Apartment/Condo,1,3.75,1,5,0,2,0,0,1,1,0,1,0,1,0,1
1358826097628211430,136,Entire home/apt,6,2,6,1,0,3.5143784987716296,78704,Apartment/Condo,0,1.6666666666666665,14,45,0,1,0,0,1,1,0,1,0,1,1,1
1128496181498662592,206.52,Entire home/apt,5,2,3,2.5,0,3.396224779494686,78703,House,0,2.5,3,12,0,2,0,0,1,1,0,1,0,1,1,1
1143534587651304002,1134.73,Entire home/apt,8,4,5,3,0,6.521106236313256,78746,House,1,8.666666666666666,12,0,1,3,0,0,1,1,1,1,0,1,0,0
953151281148022785,365.18,Entire home/apt,8,4,5,2.5,0,2.128208358075492,78702,House,1,2.8333333333333335,1,25,0,3,0,0,1,1,0,1,0,1,0,1
1434922804501916126,273,Entire home/apt,8,4,5,2.5,0,12.055616042039466,Other,House,1,2.3333333333333335,2,14,0,2,0,0,1,1,0,1,0,1,0,1
992071025526358703,197.5,Entire home/apt,5,2,3,1,0,10.303854869235122,78724,Unique/other,0,2.6666666666666665,1,24,0,2,1,1,1,1,1,1,0,1,0,1
1617487026663296249,673.6700000000001,Entire home/apt,10,5,6,2.5,0,5.198573983665344,78704,House,0,0,1,0,1,1,1,0,1,1,0,1,0,1,0,1
765450,331,Entire home/apt,5,2,3,1,0,5.3232094146502655,Other,Unique/other,1,9.25,1,18,0,1,1,0,1,1,0,1,0,1,0,1
1683556714505063784,50,Private room,1,1,1,1,1,3.7855213516295296,78704,House,0,10.666666666666666,3,0,1,1,0,0,0,0,0,0,0,0,0,0
786194636674358868,314,Entire home/apt,8,3,4,2,0,12.922467997373772,Other,House,0,3.4166666666666665,1,9,0,2,0,0,1,1,0,1,0,1,0,1
1647533345192841047,494,Entire home/apt,11,3,8,2.5,0,4.977367361079566,78721,House,0,2.6666666666666665,5,2,0,1,1,0,1,1,0,1,0,1,1,1
1057993555125686839,245,Entire home/apt,4,1,1,1,0,15.07407165308881,78758,Apartment/Condo,0,2.4166666666666665,7,0,1,1,1,0,1,1,0,1,0,1,1,1
43421770,230,Entire home/apt,4,1,2,1,0,0.9558747560498734,78701,Apartment/Condo,0,12.333333333333334,20,10,0,1,0,0,1,1,0,1,0,0,0,1
922358077311387443,263,Private room,6,2,2,2,0,12.652508568276351,Other,Hotel-like,0,3.25,92,1,0,1,0,0,1,0,1,0,0,1,1,1
27730184,212.5,Entire home/apt,2,1,2,1,0,1.2827056297262016,78703,House,1,11,7,11,0,2,0,0,1,1,0,1,0,1,0,1
2984602,263.35,Entire home/apt,2,1,1,1,0,3.589997210961857,78704,Apartment/Condo,1,12.083333333333334,9,10,0,1,0,0,1,1,0,1,0,0,1,1
1654833662353422291,336,Entire home/apt,16,4,7,2,0,7.642641959053168,Other,House,1,10,3,20,0,1,0,0,1,1,1,1,0,1,1,1
19662891,154.5,Entire home/apt,2,1,1,1,0,3.361033056900017,78704,Guesthouse/Guest suite,0,8.916666666666666,1,13,0,2,0,0,1,1,0,0,0,0,0,1
1273337620397821252,64,Private room,2,2,4,2,0,3.729216664415186,78703,Apartment/Condo,0,1.6666666666666665,1,11,0,1,0,0,1,1,0,1,0,1,0,1
1150009586838588111,213.97,Entire home/apt,8,3,3,2,0,23.41051409277394,78734,House,1,10.333333333333334,2,4,0,7,0,0,1,1,0,1,0,1,1,1
1129205953245052684,80.01,Entire home/apt,8,2,4,2,0,2.298320136776416,78704,Apartment/Condo,1,3.5,7,61,0,1,1,0,1,1,1,1,0,1,1,1
17280819,329.33,Entire home/apt,3,1,1,1,0,2.8497850719616724,78751,Apartment/Condo,0,9.333333333333334,1,0,0,3,0,0,1,0,0,1,0,0,0,0
1460198956208155597,206,Private room,4,1,2,1,0,0.7800911818868214,78701,Hotel-like,1,0.9166666666666666,1,33,0,1,1,0,1,0,0,1,0,1,1,0
975405816363594973,374,Entire home/apt,4,1,2,1,0,1.9079727034625151,78701,Apartment/Condo,1,8.833333333333334,38,4,0,1,1,0,1,0,1,1,1,1,1,1
1390519691115727209,165,Entire home/apt,2,1,1,1,0,3.4987746746065627,78741,Apartment/Condo,0,3.1666666666666665,1,9,0,2,1,0,1,0,0,1,0,1,1,0
583315975764316599,1041,Entire home/apt,16,5,12,4,0,2.5463563614916245,78702,House,1,7.833333333333333,4,17,0,2,1,0,1,1,0,1,0,1,1,1
52886730,271.5,Entire home/apt,4,2,2,1.5,0,2.2256923051213557,78702,House,1,11.75,1,13,0,2,0,0,1,1,0,1,0,1,1,1
1613353754809861395,159,Entire home/apt,4,1,2,2,0,7.758693709764027,78752,House,0,0.08333333333333333,1,2,0,2,0,0,1,1,0,1,0,1,1,1
1640194667536525254,821.6,Entire home/apt,16,6,6,6,0,4.665017190827793,78704,House,1,4.5,178,0,1,1,1,0,1,0,0,0,0,0,1,1
52202486,233.5,Entire home/apt,4,2,2,2,0,17.876112924855295,Other,House,1,2.5833333333333335,10,10,0,1,0,0,1,1,0,1,0,1,1,1
707957294435886188,204.5,Entire home/apt,4,2,2,1,0,13.132494877042781,78758,House,0,3.75,2,6,0,2,0,0,1,1,0,1,0,1,1,1
605253958518924701,910,Entire home/apt,15,5,12,4,0,3.899246930204481,78704,House,1,4.666666666666667,13,16,0,1,1,0,1,1,0,1,0,0,0,1
1703504489381005548,154.67,Entire home/apt,6,2,2,1,0,23.757793934100352,78734,House,1,1.8333333333333335,2,0,1,2,0,1,1,1,0,1,0,1,1,1
878861948042755604,180,Entire home/apt,2,1,1,1,0,1.3091259885162934,78701,Apartment/Condo,0,4,19,5,0,1,0,0,1,1,0,0,0,1,0,1
1246691828534795233,1025,Entire home/apt,12,5,8,3.5,0,3.5451964404580596,78702,House,0,11.333333333333334,2,22,0,2,1,0,1,1,0,1,0,0,0,0
717154285571977548,428,Entire home/apt,2,2,2,1,0,7.985288090031437,78723,House,0,3.75,2,0,0,1,0,0,1,1,0,0,0,1,0,1
693657091813378358,236.5,Entire home/apt,6,2,3,2,0,3.102240171929233,78702,House,1,4.25,1,49,0,2,0,1,1,1,0,1,0,1,0,1
659367445769741589,387.5,Entire home/apt,8,3,8,2,0,3.212370104375543,78702,House,1,3.9166666666666665,2,38,0,1,1,1,1,1,0,1,0,1,0,1
1543780711198047033,178.02,Entire home/apt,4,1,2,1,0,4.383129549835221,78751,Apartment/Condo,1,0.5833333333333334,2,21,0,1,0,0,1,1,0,1,0,1,0,1
1537757255072388933,376,Entire home/apt,8,4,4,2,0,8.132813566600962,78723,House,0,10.666666666666666,4,0,1,1,0,0,1,1,1,1,0,0,0,1
1388373493902011917,99.5,Entire home/apt,4,1,1,1,0,20.335940941293426,Other,Guesthouse/Guest suite,0,4.5,3,40,0,1,1,0,1,1,0,0,0,0,0,0
685361,1054.5,Entire home/apt,10,4,7,3.5,0,1.6329360241313533,78703,House,0,13.75,1,2,0,2,0,0,1,1,0,1,0,1,0,1
1634192049335960833,129,Entire home/apt,4,1,1,1,0,5.221285697524091,Other,Apartment/Condo,0,1.75,8,4,0,2,0,0,1,1,0,0,0,1,1,1
867464101080670861,108,Entire home/apt,2,1,1,1,0,6.842527993961161,78723,Unique/other,1,3.1666666666666665,1,14,0,1,0,0,1,1,0,1,0,0,0,0
1264517370828447597,208,Entire home/apt,4,2,2,1,0,6.019609659861092,78704,Apartment/Condo,1,1.6666666666666665,6,18,0,2,0,0,1,1,0,1,0,1,1,1
1506489825420364509,165,Hotel/shared room,4,1,2,1,0,4.3336571931994365,78723,Hotel-like,0,1,20,0,1,1,0,0,1,0,1,0,0,1,1,0
6981552,2368,Entire home/apt,15,5,5,5,0,10.273623500897392,Other,House,1,10.916666666666666,1,11,0,3,1,1,1,1,0,1,0,1,0,1
35160706,583,Entire home/apt,6,2,3,2,0,1.069046575553863,78701,House,1,8.916666666666666,16,7,0,1,0,0,1,1,0,1,0,1,0,1
1218035106003077763,180,Entire home/apt,2,1,1,1,0,2.1718084569414513,78705,Apartment/Condo,0,4.25,20,5,0,1,0,0,1,1,0,1,0,0,0,1
622344380681254537,139,Entire home/apt,2,1,1,1,0,6.3470441710814445,78757,Guesthouse/Guest suite,1,13.916666666666666,7,21,0,1,0,0,1,1,0,0,0,1,1,1
795671504070218214,183.5,Entire home/apt,7,2,4,1,0,1.2621684066290013,78702,Apartment/Condo,1,3.4166666666666665,1,20,0,2,0,0,1,1,0,1,0,0,0,1
1172692541458712232,571,Entire home/apt,11,4,5,2.5,0,3.104038006459034,78704,House,1,9.083333333333334,6,46,0,1,0,0,1,1,0,1,0,1,1,1
1393601511698873252,241.67,Entire home/apt,6,2,5,1,0,5.373926776518553,78704,House,1,3.6666666666666665,1,15,0,3,0,0,1,1,0,1,0,1,1,1
934647615884508129,204.64,Entire home/apt,6,3,3,2,0,14.934627678924883,78724,House,1,2.9166666666666665,6,7,0,2,0,0,1,1,0,1,0,1,1,1
1654833141762173808,173,Entire home/apt,5,1,4,1,0,7.642641959053168,Other,House,1,10,3,35,0,1,0,0,1,1,1,1,0,1,1,1
12813352,642,Entire home/apt,6,3,4,2,0,26.359967484353877,78734,House,0,10,1,1,0,6,0,0,1,1,0,1,0,1,0,1
1404383905750297344,200,Entire home/apt,4,1,1,1,0,6.100160527595277,78704,Apartment/Condo,0,9.333333333333334,47,11,0,1,0,0,1,1,0,1,0,1,0,1
1074233562406540695,105,Entire home/apt,4,1,2,1,0,5.386421969133037,78704,Apartment/Condo,0,4,38,27,0,1,0,0,1,1,0,1,0,1,1,1
1526295643506457658,535,Entire home/apt,12,4,6,3,0,16.915741286658033,Other,House,1,0.6666666666666666,1,12,0,1,0,0,1,0,0,1,0,1,1,0
1454458129758066391,112.98,Entire home/apt,5,1,1,1,0,1.6634639855788846,78705,Apartment/Condo,1,0.9166666666666666,9,74,0,1,0,0,1,1,0,1,0,0,0,0
912472106939073461,371,Entire home/apt,12,4,5,3,0,4.942720385496658,78751,House,1,4.916666666666667,4,19,0,3,0,0,1,1,0,1,0,1,1,1
1029875346059959190,156,Entire home/apt,6,3,4,1,0,10.442613734157593,78745,House,1,8.916666666666666,2,21,0,3,0,0,1,1,0,1,0,0,1,1
300574,183,Entire home/apt,4,1,3,1,0,2.7405359587699185,78704,Guesthouse/Guest suite,1,15.416666666666666,1,21,0,2,0,0,1,1,0,0,0,1,0,1
1541335969143534352,96,Hotel/shared room,4,1,2,1,0,7.972259002205327,78744,Hotel-like,0,1,22,2,0,1,1,0,1,1,1,0,0,1,1,1
742129405164619796,137,Private room,2,1,1,1,1,11.336326069430704,78724,House,0,3.6666666666666665,5,0,0,1,0,0,1,1,0,0,0,1,0,1
48867583,208,Private room,2,1,1,1,0,0.7217920162227086,78701,Hotel-like,0,5.333333333333333,3,183,0,1,1,0,1,0,1,0,0,1,1,0
52063337,312.5,Entire home/apt,8,3,5,3,0,2.07883630931492,78705,House,0,0.3333333333333333,1,23,0,1,0,0,1,1,0,1,0,1,0,1
899246375934524481,209.33,Entire home/apt,6,3,3,2,0,19.891868018711598,Other,House,0,3,1,2,0,3,0,0,1,1,0,1,0,1,0,1
27662181,200,Private room,3,3,3,2,0,22.66828275511101,78734,House,0,3.0833333333333335,1,3,0,1,1,0,1,1,1,1,1,1,0,0
1285568095282024386,362.74,Private room,6,2,3,2,0,0.7149480482544804,78701,Hotel-like,0,6.75,30,0,1,2,1,0,1,0,1,1,0,1,0,1
1313412271576139184,314,Entire home/apt,10,4,5,2,0,11.047539131684672,Other,House,1,5.25,1,20,0,1,0,0,1,1,0,1,0,1,0,1
1563086845861204663,163,Entire home/apt,4,1,2,1,0,4.332890654995681,78751,Apartment/Condo,1,0.5,2,20,0,1,1,0,1,1,0,1,0,1,1,1
1527086392373960927,84,Private room,1,1,1,1,1,15.667144846404382,Other,House,1,5.5,8,24,0,1,0,0,1,1,0,1,0,1,0,0
1708795840871127431,126,Entire home/apt,2,1,1,1,0,4.7135577456385365,78721,Apartment/Condo,0,0,1,1,0,1,1,0,1,1,0,1,0,1,0,0
1475577281733094503,198,Entire home/apt,4,1,1,1,0,24.093047703681563,78734,Unique/other,1,7.666666666666667,1,13,0,1,1,1,1,1,1,0,0,0,0,1
1603025072702365548,157.5,Entire home/apt,3,1,2,1,0,3.317885960391836,78702,House,0,0.3333333333333333,1,4,0,2,0,0,1,1,0,1,0,0,0,1
1309524852156117088,396.5,Entire home/apt,8,4,4,3,0,3.3536004490092464,78702,House,1,7.25,31,38,0,2,1,1,1,1,0,1,0,1,0,1
1213294825756388079,325,Entire home/apt,6,2,2,2,0,17.898948566763817,Other,Apartment/Condo,1,1.6666666666666665,2,36,0,1,1,0,1,1,1,1,0,1,0,1
1659487791818703400,144.93,Private room,2,1,1,2.5,0,2.5067175207300645,78704,House,0,12,1,0,1,4,0,0,1,1,0,1,0,1,0,1
994311146363697122,231.5,Entire home/apt,10,3,4,2,0,21.02525734770191,78729,House,0,3.4166666666666665,1,1,0,2,0,1,1,1,0,1,0,0,1,0
893077143476783208,434,Entire home/apt,8,4,4,3,0,5.08350071328327,78721,House,1,3.25,2,13,0,2,0,0,1,1,0,1,0,0,0,1
1240810923952524893,300,Entire home/apt,6,2,3,2,0,2.2676977611861533,78702,House,1,3.0833333333333335,2,10,0,1,0,0,1,1,0,1,0,0,0,0
1144344824077535884,400,Entire home/apt,8,3,4,2,0,11.36238133576672,Other,House,1,2.0833333333333335,1,36,0,1,0,0,1,1,0,1,0,1,1,0
1043057920860277974,609,Entire home/apt,16,10,16,6,0,6.565177182385494,78723,House,1,2.75,12,16,0,1,1,0,1,1,0,1,0,1,0,1
1282571388872253660,363,Entire home/apt,6,2,2,1,0,2.0825023634042443,78704,Apartment/Condo,0,3.9166666666666665,26,28,0,1,1,0,1,1,0,1,0,1,1,1
1689349660855124694,513.3299999999999,Entire home/apt,16,4,9,4,0,3.134439412893086,78702,House,1,6.5,7,0,1,3,1,1,1,1,0,1,0,1,1,1
1636372468687431660,55,Private room,1,1,1,1,1,14.71323366135457,78744,House,1,0.4166666666666667,4,8,0,2,0,0,1,1,0,0,0,1,0,1
1028524087772290388,155,Entire home/apt,3,1,1,1,0,0.8039657752006071,78701,Apartment/Condo,0,8.916666666666666,5,28,0,1,0,0,1,1,0,1,0,1,1,1
50417387,180.31,Entire home/apt,4,1,3,1,0,4.827723577521864,78704,Apartment/Condo,1,5,1,40,0,2,0,0,1,1,0,1,0,1,0,1
1615323166064426132,346.91999999999996,Entire home/apt,6,2,2,2,0,2.003535074728605,78702,House,1,2.3333333333333335,3,0,1,3,0,0,1,1,0,1,0,1,0,1
1253166630145819911,340,Entire home/apt,10,4,5,3.5,0,7.256603352686176,78723,House,0,3.75,31,16,0,1,0,0,1,1,0,1,0,1,0,1
723857751435418373,202.69,Entire home/apt,6,2,3,2.5,0,5.440987289047933,78741,House,1,9.25,2,22,0,2,0,0,1,1,0,1,0,1,0,1
49467014,200,Entire home/apt,2,1,1,1,0,1.997794647698125,78702,Guesthouse/Guest suite,1,4.583333333333333,1,5,0,3,1,1,1,1,0,1,0,1,0,1
1536417999360221557,113.5,Entire home/apt,3,1,1,1,0,0.6903359594285937,78701,Apartment/Condo,1,7.333333333333333,3,40,0,1,0,0,1,1,0,1,0,1,0,1
2650844,1004.4,Entire home/apt,12,4,6,2.5,0,20.659296381083745,78734,House,0,12.166666666666666,1,0,0,5,0,0,1,1,0,1,0,0,1,0
943491271303788784,941.5,Entire home/apt,16,6,11,5,0,14.794864886664756,Other,House,0,4.166666666666667,2,2,0,2,1,0,1,1,0,1,0,1,1,1
1042656178473691377,2374.5,Entire home/apt,10,5,5,4.5,0,1.9936740520757075,78703,House,1,3.9166666666666665,3,11,0,2,1,1,1,1,0,1,0,1,0,0
54078960,154.5,Entire home/apt,6,3,3,2,0,4.9660038799977535,78721,House,1,4.416666666666667,1,34,0,2,0,0,1,1,0,1,0,1,0,1
729072184757702603,182.5,Entire home/apt,2,1,1,1,0,14.188187571600748,Other,Unique/other,1,3.6666666666666665,1,46,0,1,0,0,1,1,0,0,0,1,0,1
1543546727245304576,651,Entire home/apt,12,5,7,4,0,19.55122618301499,Other,House,1,4.333333333333333,3,21,0,2,1,1,1,1,0,1,0,0,0,1
1243308614964529790,454,Private room,4,2,1,1,0,0.8178331542207756,78701,Hotel-like,0,1.75,5,0,1,1,1,1,1,1,0,0,0,1,0,0
39158239,159.2,Entire home/apt,3,1,1,1,0,5.691590894076975,78751,Apartment/Condo,1,6.583333333333333,1,8,0,2,1,0,1,1,0,1,1,1,1,1
11757228,190.43,Entire home/apt,4,2,2,1,0,2.023490100924767,78703,House,0,10.25,1,3,0,7,0,0,1,1,0,1,0,1,0,0
702112301877536104,342,Entire home/apt,4,2,2,2,0,21.51806673376163,78737,House,1,3.75,1,15,0,1,0,0,1,1,0,0,0,0,0,0
578991354244710147,320,Entire home/apt,6,2,3,2,0,25.981909910194407,78734,Unique/other,1,6.833333333333333,2,6,0,2,1,1,1,1,0,1,0,0,0,1
4198303,150,Entire home/apt,6,2,3,1,0,7.368096761475734,78723,House,1,11.666666666666666,4,27,0,2,0,0,1,1,0,1,0,1,0,1
1663417783979423893,1799,Entire home/apt,12,5,7,4.5,0,12.680593147474083,Other,House,0,7.166666666666667,3,0,1,1,1,1,1,1,1,1,0,1,1,0
700110858468236388,398.33,Entire home/apt,4,2,2,2.5,0,3.288156005204186,78704,House,0,14.416666666666666,1,2,0,3,1,0,1,1,0,0,0,1,0,1
1441322209544256024,370.67,Private room,4,1,2,1,0,0.8195990162222817,78701,Hotel-like,0,3,60,0,1,3,1,0,1,0,1,1,0,0,0,0
1458136759675122057,533,Entire home/apt,16,5,11,4,0,4.208751801925703,78741,House,1,5.083333333333333,12,12,0,2,1,0,1,1,0,0,0,1,0,1
937937861893904407,409.5,Entire home/apt,16,6,8,3,0,8.561726754007605,78744,House,1,4,4,76,0,1,1,1,1,1,0,1,0,1,1,1
39558606,360,Entire home/apt,10,4,4,2.5,0,1.921747097639353,78702,House,1,4.666666666666667,47,41,0,2,1,0,1,1,0,1,0,1,0,1
909464016694444028,295,Entire home/apt,10,4,5,2,0,5.361057151084863,Other,House,1,10.416666666666666,3,26,0,2,0,0,1,1,0,1,0,1,0,1
810767849304342790,258,Entire home/apt,8,4,4,2.5,0,15.760479803508707,78724,House,1,6.833333333333333,14,2,0,2,0,0,1,1,0,1,0,1,0,1
525231,196.86,Entire home/apt,5,2,2,1,0,7.17400481366759,78757,Guesthouse/Guest suite,1,13.916666666666666,1,10,0,2,1,0,1,1,0,1,0,1,1,1
1711955290733578171,414.22999999999996,Entire home/apt,8,3,5,3.5,0,3.147686004932994,78702,House,1,8.25,13,0,1,2,0,0,1,1,0,1,0,1,1,0
1500177008950549880,667,Entire home/apt,10,4,6,2.5,0,21.831397485820858,Other,House,0,4.833333333333333,1,14,0,1,0,0,1,0,0,1,0,1,0,1
1625869319010659040,261.5,Entire home/apt,10,4,5,2,0,10.419063070461617,78745,House,1,5.083333333333333,2,9,0,2,0,0,1,1,0,1,0,1,0,1
1184876585256427035,250,Entire home/apt,6,3,4,2.5,0,10.190642863925158,78757,House,1,6.25,2,42,0,1,0,0,1,1,0,1,0,1,1,1
1235142029094472500,508,Entire home/apt,12,4,6,3.5,0,1.1817603237895393,78702,House,1,1.75,1,30,0,1,0,1,1,1,0,1,0,1,0,1
39053687,193,Entire home/apt,4,2,3,1.5,0,4.025999522288468,78704,Guesthouse/Guest suite,0,6.666666666666667,1,8,0,2,1,0,1,1,0,0,0,1,1,1
581985516008896425,494.67,Entire home/apt,6,3,3,2,0,13.82879935673859,78758,House,0,4.25,1,0,0,3,0,0,1,1,0,1,0,1,0,1
20587024,339.5,Entire home/apt,6,2,2,2,0,3.4678010707244344,78704,House,0,8.75,1,29,0,2,0,0,1,1,0,1,0,1,1,1
51494035,254.35000000000002,Entire home/apt,16,5,10,3,0,6.761394144221761,78745,House,1,12.75,6,13,0,2,0,1,1,1,0,1,0,1,1,1
829931674175101222,281.5,Entire home/apt,8,4,4,3,0,2.575754039374804,78702,House,1,7.25,31,44,0,2,0,0,1,1,0,1,0,1,0,1
1495741546864688354,287,Entire home/apt,4,2,2,2,0,2.8286929279584996,78702,House,0,10.666666666666666,1,40,0,1,0,0,1,1,0,1,0,1,1,1
1640022162364431744,102,Private room,2,1,1,1,1,11.071537493329375,78724,House,0,3.6666666666666665,5,3,0,1,0,0,1,1,0,1,0,1,0,1
1679467617384018803,300.67,Entire home/apt,2,1,1,1,0,2.411419299055976,78702,Apartment/Condo,0,3.3333333333333335,1,0,1,3,1,0,1,1,0,1,0,1,0,1
1264081862873042703,219.5,Entire home/apt,8,4,6,2.5,0,7.079715921700607,Other,House,0,1.6666666666666665,1,10,0,1,0,0,1,1,0,1,1,1,1,1
1108862422494599272,435,Entire home/apt,8,4,4,2,0,4.796517719594943,78704,House,1,3.5,2,28,0,1,0,0,1,1,0,1,1,1,1,1
1076183435105906195,372,Entire home/apt,8,3,5,2.5,0,2.626797648390955,78702,House,1,2.3333333333333335,1,22,0,1,0,0,1,1,0,1,0,1,1,1
50622325,172.5,Entire home/apt,4,2,2,1,0,8.069231843885627,78745,Guesthouse/Guest suite,1,4.666666666666667,47,9,0,2,0,0,1,1,0,1,0,1,1,1
1552304022935894256,184,Entire home/apt,6,3,4,2,0,19.419847849565333,Other,House,1,0.4166666666666667,1,15,0,2,0,0,1,1,0,1,0,1,0,1
1690760048869752293,1036.29,Entire home/apt,16,5,11,3.5,0,3.9153469854783003,78751,House,1,8.333333333333334,18,1,0,1,0,0,0,0,0,0,0,0,0,0
1264464241971865242,219,Entire home/apt,6,2,2,3,0,13.853709355861694,78744,House,0,4.75,1,1,0,2,1,0,1,1,0,1,0,0,1,1
42511269,338.92999999999995,Entire home/apt,11,3,7,2,0,1.837736143049751,78702,House,0,9.583333333333334,3,15,0,1,0,0,1,1,0,1,0,1,1,1
1620439878650220780,388,Entire home/apt,11,3,7,5,0,3.176678677468851,78702,House,1,2.6666666666666665,3,18,0,2,1,0,1,1,0,1,0,1,1,0
1031106264763414140,181,Entire home/apt,4,1,2,1,0,3.5618188040770096,78704,Apartment/Condo,0,7.166666666666667,18,54,0,1,0,0,1,1,0,1,0,1,0,1
38776571,216.76999999999998,Entire home/apt,6,2,3,1,0,5.773536125175348,78723,House,1,6.75,2,20,0,1,0,0,1,1,0,1,0,1,1,1
876845728353360598,266.32,Entire home/apt,8,3,5,2.5,0,2.4341718478227716,78722,House,1,4.666666666666667,47,40,0,2,0,0,1,1,0,1,0,1,0,1
50025210,145.92000000000002,Entire home/apt,4,2,2,2,0,7.652470098489174,78757,Apartment/Condo,0,4.916666666666667,5,5,0,1,1,0,1,1,1,1,1,1,1,1
1594274273570948368,816,Entire home/apt,16,5,8,6,0,21.30644994259636,Other,House,1,1.8333333333333335,36,10,0,2,0,1,1,1,0,1,0,1,0,0
1628288814808917156,279,Entire home/apt,4,2,2,2,0,5.814131142402317,78704,Apartment/Condo,1,4.5,178,1,0,1,1,0,1,0,0,1,0,0,1,1
1126299404576236193,119,Private room,2,1,1,1,0,7.999359224766989,78752,House,1,8.583333333333334,2,5,0,2,0,0,1,1,0,1,0,0,0,0
1623438886625040123,345,Entire home/apt,16,4,8,2,0,4.047808643143194,78702,House,1,4.083333333333333,12,28,0,1,1,1,1,1,0,1,1,1,0,1
27957811,326,Entire home/apt,4,2,2,2,0,3.6683863276206807,78704,Guesthouse/Guest suite,1,10.75,3,42,0,2,0,0,1,1,0,1,1,0,0,1
28466259,2686,Entire home/apt,16,23,61,17,0,1.4516580530107004,78702,House,1,14.5,13,0,0,1,1,0,1,1,0,1,0,0,1,1
676667857016130572,284.5,Entire home/apt,10,4,9,2,0,11.282122161400348,Other,House,1,8.5,5,37,0,2,1,1,1,1,0,1,0,1,0,1
1345630779491494464,203,Entire home/apt,4,2,2,1,0,2.897709364105825,78702,House,1,7.25,31,37,0,1,1,0,1,1,0,1,0,0,1,1
1598242641455687969,200,Entire home/apt,4,1,2,1,0,5.073947533645576,78721,Guesthouse/Guest suite,0,0.3333333333333333,1,5,0,2,0,0,1,1,0,1,0,0,1,0
1512686161689137570,339.5,Entire home/apt,4,2,2,1.5,0,2.8517883468471616,78704,House,1,6.75,10,43,0,1,0,0,1,1,0,1,0,1,1,1
51469380,581,Entire home/apt,6,5,5,5,0,4.415887471388435,78703,House,1,12.416666666666666,3,1,0,5,1,0,1,1,0,1,0,1,0,1
1375307443514672958,445.5,Entire home/apt,5,2,2,2,0,20.878198316726163,78729,House,0,1.6666666666666665,17,9,0,2,0,0,1,1,0,1,0,0,1,1
932737697004781000,138,Entire home/apt,2,1,1,1,0,5.7041258128038015,78752,Guesthouse/Guest suite,1,3.25,1,24,0,1,0,0,1,1,0,0,0,1,0,0
994447057638081965,475,Entire home/apt,8,3,5,3,0,6.76416097260371,Other,House,1,10.333333333333334,41,12,0,1,1,0,1,1,0,1,0,1,0,1
19546107,196,Entire home/apt,6,2,3,1,0,4.959086656172409,78704,House,1,8.916666666666666,5,32,0,1,0,0,1,1,0,1,0,0,0,1
1534047344637360070,657.26,Entire home/apt,10,4,7,4.5,0,5.557064276831151,78746,House,0,13.5,1,0,1,4,0,0,1,1,0,1,0,1,0,0
816683245388407893,238,Entire home/apt,4,1,2,1,0,4.346355207797082,78704,Guesthouse/Guest suite,0,9.25,47,10,0,2,0,0,1,1,0,1,0,1,0,1
1228303755231142321,571,Entire home/apt,6,2,2,1,0,3.848030041050859,78702,House,0,10.083333333333334,1,0,0,2,0,0,1,1,0,1,0,1,0,0
1254384542103643350,129,Private room,4,1,2,1,0,7.928942318938001,78752,Hotel-like,0,3.25,92,0,0,1,1,0,1,1,1,0,0,1,1,1
8666980,97.05,Entire home/apt,2,1,1,1,0,5.438406214258992,78751,Guesthouse/Guest suite,1,10.666666666666666,1,16,0,1,0,0,1,1,0,0,0,1,1,1
1388265,542.3299999999999,Entire home/apt,8,4,6,3,0,7.1567953445860075,78757,House,1,12.75,5,13,0,3,1,1,1,1,0,1,0,0,0,1
847892441229588847,143,Entire home/apt,3,1,1,1,0,3.8753971334457424,78741,Apartment/Condo,0,8.666666666666666,2,45,0,1,0,0,1,1,0,0,0,0,0,1
637828452164822888,428,Entire home/apt,6,2,3,2,0,3.0594301708707494,78703,House,1,3.0833333333333335,1,33,0,1,0,0,1,1,0,1,0,1,0,1
923144018816144986,287,Entire home/apt,3,2,2,2.5,0,2.626547541489856,78722,House,1,13.5,1,7,0,2,0,0,1,1,0,1,1,1,0,1
1519094912415813448,115.5,Entire home/apt,2,1,1,1,0,4.903872303946316,78704,House,1,11.75,1,29,0,2,0,0,1,1,0,1,0,0,0,1
53167129,1044.5,Entire home/apt,10,7,10,3.5,0,2.1148700014108917,78702,House,1,5.333333333333333,1,11,0,2,0,0,1,1,0,0,0,0,0,1
1404438964777407229,416.33,Private room,6,2,3,2,0,0.9170131540914074,78701,Hotel-like,0,3,60,0,1,3,1,0,1,1,1,1,0,0,0,0
1237858985785365328,424.67,Entire home/apt,15,5,11,3.5,0,2.4994763182556814,78702,House,1,10.333333333333334,2,8,0,2,0,0,1,1,0,1,0,1,0,1
20353321,286,Entire home/apt,5,1,2,1,0,1.4267270299961612,78702,Apartment/Condo,0,12.666666666666666,1,0,0,1,0,0,1,0,0,1,0,0,0,0
1651856138912878406,239.5,Entire home/apt,6,3,3,2,0,16.51104873067556,Other,House,1,2.25,8,8,0,2,0,0,1,1,0,1,0,1,0,1
23549508,335,Entire home/apt,10,3,6,2,0,2.847949149136689,78722,House,1,11.666666666666666,2,28,0,2,0,1,1,1,0,1,0,1,1,1
684029416180534659,153.5,Entire home/apt,2,1,1,1,0,3.5918181675255476,78751,Guesthouse/Guest suite,1,12,1,36,0,2,0,0,1,1,0,1,1,1,1,1
9294854,232,Entire home/apt,7,3,4,2.5,0,10.4655537791193,78758,House,0,1.25,1,29,0,2,0,0,1,1,1,1,0,1,1,1
1285645528239492886,322.39,Private room,4,1,2,1,0,0.8509740679026767,78701,Hotel-like,0,6.75,30,1,0,2,1,0,1,0,1,1,0,1,0,1
689816935936640625,178.2,Entire home/apt,6,2,4,1,0,3.9328103671062133,Other,House,1,10.416666666666666,3,23,0,2,0,0,1,1,0,1,0,0,0,1
1391300842085730251,308.4,Entire home/apt,10,4,6,2,0,2.311561434485795,78702,House,1,1.0833333333333333,1,78,0,1,0,1,1,1,0,1,0,1,1,1
568728721545785898,488.75,Entire home/apt,8,3,4,2,0,17.345162764951905,Other,House,1,4.25,1,20,0,1,1,1,1,1,0,1,0,1,0,1
1669592691151559354,850.3299999999999,Hotel/shared room,2,1,1,1,0,1.9756706334360723,78704,Hotel-like,0,0.16666666666666666,47,0,1,1,1,0,1,0,1,0,1,1,1,1
1148536,326.5,Entire home/apt,8,3,4,2.5,0,2.172273015344504,78702,House,1,14.083333333333334,2,21,0,2,0,0,1,1,0,1,0,0,0,1
1044542573229710602,191.5,Entire home/apt,5,2,2,1,0,24.273143775293647,78734,Unique/other,1,2.5,1,1,0,2,1,1,1,1,1,1,0,0,1,1
546925840449376068,364,Entire home/apt,6,3,3,2.5,0,2.517363230799909,78702,House,1,4.333333333333333,1,17,0,1,0,0,1,1,0,1,0,1,0,1
47216803,350.06,Entire home/apt,8,3,3,2.5,0,9.914854040404855,78745,House,1,5.416666666666667,2,7,0,2,0,0,1,1,1,1,0,1,1,1
1404800574650531856,572.5,Entire home/apt,16,5,7,3,0,4.220033592447816,78721,House,1,2.1666666666666665,3,24,0,2,1,1,1,1,0,1,0,1,0,1
1045794183007996893,262,Entire home/apt,6,2,2,2.5,0,5.403949472608945,78741,House,1,2.8333333333333335,6,20,0,1,0,0,1,1,0,1,0,1,1,1
785963,421.5,Entire home/apt,6,2,3,2,0,3.7023088809902442,78704,House,1,13.333333333333334,1,16,0,2,0,0,1,1,0,1,0,1,1,1
1098834698624881201,279,Entire home/apt,14,4,5,4,0,5.083718112211554,78741,Apartment/Condo,0,3.75,8,20,0,1,1,1,1,1,1,1,0,1,0,1
907953569449143361,357.5,Entire home/apt,15,4,8,4,0,0.7073841044797875,78701,House,0,4.25,37,0,1,2,0,0,1,1,0,0,0,1,0,1
49226854,213.5,Entire home/apt,2,1,1,1,0,4.222727402413524,78721,Guesthouse/Guest suite,1,12.333333333333334,2,8,0,1,0,0,1,1,0,0,0,1,1,1
30913064,236,Entire home/apt,5,2,3,2,0,19.282930243651332,Other,House,1,7.75,1,35,0,1,0,0,1,1,0,1,0,1,1,1
1425921129919967014,684,Entire home/apt,16,6,14,5,0,26.341175313757198,78737,House,0,5.75,1,38,0,1,1,0,1,1,0,1,0,1,1,1
1600863309875944013,338,Entire home/apt,8,4,4,2,0,7.779063288866621,78745,House,1,5.5,8,4,0,1,0,0,1,1,0,1,0,1,0,1
1145772884330033006,218,Entire home/apt,6,2,4,2,0,6.386308943861501,78741,Apartment/Condo,0,2.0833333333333335,7,3,0,2,1,0,1,1,1,1,0,1,1,1
42052028,514,Entire home/apt,4,1,2,1,0,0.6461538314290516,78701,Apartment/Condo,0,12.083333333333334,3,0,0,2,1,0,1,1,1,1,0,0,0,1
1522777989653214468,416,Entire home/apt,6,3,3,2.5,0,4.615879925635452,78721,House,1,9.666666666666666,2,17,0,2,0,0,1,1,0,1,0,1,0,1
816002027108903253,1587,Entire home/apt,16,7,9,4,0,3.4573162482013857,78704,House,0,4.166666666666667,4,0,0,2,0,0,1,1,0,1,1,1,0,1
1226165562073409489,137,Entire home/apt,2,1,1,1,0,2.974632597049216,78702,Apartment/Condo,0,9.75,1,0,1,1,1,0,1,1,0,1,0,1,0,0
1450744717261591082,270,Entire home/apt,4,2,2,1,0,2.925250543005112,78703,Apartment/Condo,0,10.916666666666666,40,9,0,1,0,0,1,1,0,1,0,1,0,0
868089743060190541,243.03,Private room,2,1,1,1,0,0.6465404865493488,78701,Hotel-like,0,3.25,92,0,1,1,1,0,1,0,1,0,0,1,1,1
668719298060501354,179,Entire home/apt,3,1,2,1,0,15.611905456607028,Other,Guesthouse/Guest suite,1,3.8333333333333335,1,23,0,1,0,0,1,1,0,1,0,1,1,1
30764241,415,Private room,2,1,1,1,0,13.737948940061678,Other,Hotel-like,0,7.583333333333333,8,0,0,1,1,0,1,1,0,0,0,1,0,0
753612028980825918,157,Entire home/apt,4,1,1,1,0,6.463588187823433,78741,Apartment/Condo,0,8.666666666666666,53,20,0,1,0,0,1,1,1,1,1,1,0,1
17255053,1826,Entire home/apt,16,5,15,5,0,1.17635500519498,78702,House,1,9.25,2,10,0,2,0,1,1,1,0,1,0,1,0,1
1077650584049292707,834.3299999999999,Entire home/apt,10,3,5,2,0,10.373231749282631,Other,House,0,4.75,1,7,0,3,0,0,1,1,0,1,0,0,1,1
1656001305775238806,249,Entire home/apt,4,2,2,2,0,5.814131142402317,78704,Apartment/Condo,1,4.5,178,1,0,1,1,0,1,0,0,1,0,0,1,1
741968146572326915,644,Entire home/apt,4,2,2,2.5,0,5.045090452421435,78704,House,0,11.416666666666666,3,0,0,2,0,0,1,1,1,1,0,1,0,1
1387179599670695850,823.2700000000001,Entire home/apt,8,4,4,2.5,0,2.464992584596958,78703,House,1,4.5,14,35,0,1,1,1,1,1,0,1,0,1,1,1
1368413935910040082,313.5,Entire home/apt,4,2,2,1,0,8.409129824385271,78745,Apartment/Condo,0,9.25,2,3,0,2,0,0,1,1,0,1,0,1,1,0
1480452268941068744,367,Entire home/apt,13,4,6,3.5,0,7.317610212456601,78723,House,1,1.5,9,31,0,1,0,0,1,1,0,1,0,1,0,1
914472756470543955,729.09,Private room,12,3,6,3,0,0.6465404865493488,78701,Hotel-like,0,3.25,92,0,1,1,1,0,1,0,1,0,0,1,1,1
35770227,250,Entire home/apt,2,1,2,1,0,2.2287554657004747,78722,Guesthouse/Guest suite,0,6.833333333333333,2,11,0,1,0,0,1,1,0,1,1,1,0,1
873991879205407217,869.58,Entire home/apt,6,3,4,3,0,2.9699013012195894,78704,House,0,5.166666666666667,1,18,0,1,1,0,1,1,0,1,0,1,0,1
6975186,1346.6699999999998,Entire home/apt,12,6,11,4,0,1.0381481935625283,78702,House,0,10.416666666666666,2,1,0,3,0,0,1,1,0,1,0,0,0,1
1700301343173428634,281.5,Entire home/apt,6,2,3,2,0,0.8675424451955533,78701,Apartment/Condo,1,8.666666666666666,9,0,1,2,1,1,1,0,1,1,0,0,0,1
1679143272768135448,214,Entire home/apt,5,1,2,1,0,4.067737679419315,78751,Apartment/Condo,1,1.25,5,4,0,1,0,0,1,1,0,1,1,1,1,1
15916842,514,Entire home/apt,6,3,3,2.5,0,2.5932298889913405,78702,House,1,9.583333333333334,1,5,0,2,0,0,1,1,0,1,0,1,1,1
821264696646454928,343,Entire home/apt,5,3,2,2,0,12.276285094025827,78745,House,0,3.25,1,0,1,1,0,0,1,1,0,1,0,1,1,0
1513828865734307495,155,Entire home/apt,3,1,2,1,0,1.9442905845861773,78705,Apartment/Condo,0,9.333333333333334,47,14,0,1,0,0,1,1,0,1,0,0,0,1
140474,139.6,Entire home/apt,4,2,3,1,0,3.198209867173363,78751,House,1,15.083333333333334,10,11,0,3,0,0,1,1,0,1,0,1,0,1
1602350261736456098,211.5,Entire home/apt,4,1,2,1,0,0.7559566581728958,78701,Apartment/Condo,0,0.6666666666666666,1,2,0,1,1,0,1,0,0,1,0,0,0,0
1666221231319486274,332,Entire home/apt,4,2,3,2,0,6.7448172176067915,78745,House,0,4.916666666666667,2,0,1,1,0,0,1,1,0,1,0,0,1,0
962489421923671159,326,Entire home/apt,10,2,4,2.5,0,20.723772935463874,78729,Apartment/Condo,0,2.8333333333333335,2,0,0,1,1,0,1,1,1,1,0,1,1,1
1440928464013648579,188.5,Entire home/apt,5,2,2,2,0,4.386257234814022,78721,House,1,2.1666666666666665,3,19,0,2,0,0,1,1,0,1,1,1,0,1
829817689367029998,489,Entire home/apt,16,13,25,6,0,5.750044329429801,78721,House,1,6.25,6,7,0,1,1,0,1,1,0,1,0,1,0,1
51884516,126,Private room,2,1,1,1,0,3.217016042062043,78704,House,0,8.583333333333334,9,0,1,2,0,0,1,0,0,1,0,1,0,1
8253159,148.5,Entire home/apt,2,1,1,1,0,7.262259409686071,Other,Guesthouse/Guest suite,1,10.75,1,22,0,2,0,0,1,1,0,0,0,1,0,1
1177402309958112864,285,Entire home/apt,5,3,3,2,0,10.75780946585257,Other,House,0,2,1,3,0,2,0,0,1,1,0,1,0,1,0,0
1285488897605012695,362.74,Private room,6,2,3,2,0,0.7823853986653986,78701,Hotel-like,0,6.75,30,0,1,2,1,0,1,0,1,1,0,1,0,1
1684184492735662790,179,Entire home/apt,3,1,2,1,0,2.041499621126768,78705,Apartment/Condo,0,6.916666666666667,25,2,0,1,0,0,1,0,0,1,0,0,0,0
1644202092153918916,295,Entire home/apt,6,3,3,2,0,4.0476098384601435,78722,House,1,7.25,31,11,0,1,1,0,1,1,0,1,1,1,1,1
1642104158748430139,130.36,Entire home/apt,5,2,3,2,0,5.767432723488666,78746,Apartment/Condo,0,0.25,1,0,1,7,1,1,1,0,0,1,0,1,0,1
18684918,184.87,Entire home/apt,4,1,2,1,0,3.230694569861451,78702,Unique/other,1,9,2,35,0,1,0,0,1,1,0,1,0,1,0,1
43556982,1066,Entire home/apt,16,5,8,4.5,0,25.15828086678999,78734,House,1,7.166666666666667,2,13,0,1,1,0,1,1,0,0,0,0,1,1
1149724396248064515,1141,Entire home/apt,16,5,9,3.5,0,1.851434604747256,78702,House,1,8.916666666666666,16,13,0,1,1,1,1,1,0,1,0,1,0,1
996393536838536733,342,Entire home/apt,6,3,3,3.5,0,3.1466614031771747,78702,House,1,7.25,31,38,0,1,0,0,1,1,0,1,0,1,0,1
1401570762662745676,226.33,Private room,4,1,2,1,0,0.7123915304170194,78701,Hotel-like,0,3,60,0,1,3,1,0,1,1,1,1,0,0,0,0
5495934,182,Entire home/apt,3,1,2,1,0,12.738543124857916,Other,Guesthouse/Guest suite,1,11.25,1,6,0,1,0,0,1,1,0,0,0,0,0,1
41292414,390.5,Entire home/apt,4,1,1,1,0,3.7397651145930126,78751,House,1,6.916666666666667,2,22,0,2,0,1,1,1,0,1,0,0,1,1
1222644013728109171,216,Entire home/apt,4,1,1,1,0,4.051302074739965,78704,Apartment/Condo,0,3.9166666666666665,26,33,0,1,0,0,1,1,1,1,0,1,0,1
1605923746817229057,416.36,Entire home/apt,12,4,7,2,0,9.070573606522236,78745,House,1,3.5833333333333335,5,15,0,1,1,0,1,1,0,1,0,1,1,1
1579167022448192209,732,Entire home/apt,10,4,5,3,0,2.437786390868469,78702,House,1,0.5,1,27,0,1,1,0,1,1,0,1,0,1,0,0
34209897,261.33,Entire home/apt,4,1,2,1,0,0.30878934121411233,78701,Apartment/Condo,1,11.166666666666666,17,1,0,3,1,0,1,0,1,1,0,0,0,1
1388562605366231391,656.5,Entire home/apt,8,3,5,2,0,4.770080993558387,78746,House,1,7.333333333333333,1,29,0,2,0,0,1,0,0,1,0,0,0,1
44171023,137,Entire home/apt,4,1,1,1,0,3.483312183430872,78702,House,0,1.0833333333333333,23,19,0,2,0,0,1,1,0,1,0,1,0,1
1211775987594894055,657.5,Entire home/apt,4,2,2,1.5,0,7.055496406661208,78745,House,1,1.5,1,16,0,2,1,0,1,1,0,1,0,1,0,1
1619082066318629964,1454,Entire home/apt,6,2,2,1,0,1.5940122226317486,78702,House,1,14.333333333333334,2,2,0,1,0,0,0,1,0,1,0,1,1,1
736395987657040523,1264.6699999999998,Entire home/apt,11,4,5,4,0,3.7308874549928626,78702,House,1,7.5,1,20,0,3,0,1,1,1,0,1,0,1,1,1
5434918,194.5,Entire home/apt,4,1,1,1,0,3.5323864816895054,78704,Apartment/Condo,1,12.083333333333334,9,6,0,2,0,0,1,1,0,1,0,0,1,1
625406296966975760,266.5,Entire home/apt,4,2,2,1,0,3.401105201127393,78704,House,1,12.083333333333334,23,11,0,1,0,0,1,1,0,1,0,1,1,1
1456370478117276300,303.5,Entire home/apt,8,4,4,3,0,15.876170369788426,Other,House,1,11.083333333333334,23,11,0,2,0,0,1,1,0,1,0,1,1,1
1248239813881932736,180,Entire home/apt,2,1,1,1,0,3.4426666424112597,78704,Guesthouse/Guest suite,1,1.6666666666666665,1,26,0,2,0,0,1,1,0,0,0,1,0,1
51798169,531,Entire home/apt,10,4,4,3.5,0,6.276830545555713,Other,House,0,15.416666666666666,1,0,1,2,0,0,1,1,0,1,0,1,0,1
967451,205.5,Entire home/apt,2,1,1,1,0,3.5891797016852065,78704,Apartment/Condo,0,13.25,1,21,0,2,1,0,1,1,0,1,0,1,1,0
52071068,128,Entire home/apt,2,1,1,1,0,7.615458614995208,78745,Guesthouse/Guest suite,1,4.25,1,20,0,2,0,0,1,1,0,0,0,1,0,1
23038138,140,Entire home/apt,3,1,2,1.5,0,2.388789933949906,78702,House,1,8.25,1,165,0,1,0,0,1,1,1,1,0,1,1,1
926500328290398955,476,Private room,2,1,2,1,0,0.9307454420536834,78701,Hotel-like,1,3,7,0,0,2,1,1,1,1,0,0,0,1,0,1
720315,225,Entire home/apt,2,1,1,1,0,3.4256642477025134,78741,Apartment/Condo,1,15.333333333333334,1,18,0,2,1,0,1,1,0,1,0,0,0,1
1480510623432596445,215.25,Entire home/apt,8,2,3,1.5,0,5.823464865704068,78704,House,1,3,24,3,0,2,0,0,1,1,0,1,0,1,0,0
1664248901109848872,163,Entire home/apt,4,1,2,1,0,3.778434212841755,78704,Apartment/Condo,0,0.08333333333333333,1,4,0,2,0,0,1,1,0,1,0,0,0,1
1614068443959968010,456,Private room,6,3,3,3,0,2.1939077739541974,78702,Apartment/Condo,0,9.833333333333334,28,0,1,1,0,0,1,0,1,1,0,1,1,1
765918417342776766,203.5,Entire home/apt,4,1,2,1,0,0.7542600020707663,78701,Apartment/Condo,1,4.916666666666667,27,0,0,2,1,0,1,0,1,1,0,1,0,1
645070129582508798,342.67,Entire home/apt,8,1,4,2,0,5.104549579465998,78704,House,0,8.25,2,0,0,3,0,0,1,1,0,1,0,1,0,0
1050842782023916148,156,Entire home/apt,5,2,3,2,0,7.886293335840284,78723,Apartment/Condo,0,6.833333333333333,43,16,0,1,1,0,1,1,1,1,0,1,0,1
583544052078118294,154.06,Entire home/apt,2,1,1,1,0,3.071756613277881,78704,House,1,6.75,10,31,0,1,0,0,1,1,0,0,0,1,0,1
852838610583786695,198,Entire home/apt,6,2,3,1,0,5.143522707418725,Other,Apartment/Condo,0,6.833333333333333,16,10,0,1,1,0,1,1,1,1,0,1,1,1
1604546220300659066,313.82,Entire home/apt,6,2,3,1,0,0.6923245163093174,78701,Apartment/Condo,0,9.333333333333334,47,2,0,1,0,0,1,0,0,0,0,1,0,0
1701436745822308013,216,Entire home/apt,3,1,2,1,0,4.3671164306792205,78741,Apartment/Condo,0,1.3333333333333333,10,0,1,1,1,0,1,1,1,1,0,1,0,0
1607388993592405242,250.28,Entire home/apt,6,2,3,2,0,12.613246612578935,Other,Apartment/Condo,0,2.1666666666666665,19,3,0,1,1,0,1,1,0,1,0,1,1,0
1044332796504611615,157,Entire home/apt,3,1,1,1,0,4.528816970797674,78704,House,1,2.5,1,13,0,3,0,0,1,0,0,1,0,1,1,1
1613987023019302229,218,Entire home/apt,2,1,1,0,0,1.4330538462666342,78702,Apartment/Condo,0,2.0833333333333335,42,0,1,1,1,0,1,0,1,0,0,0,1,1
1466891533480013270,172.5,Entire home/apt,6,2,4,1,0,3.3023443653147737,78704,Apartment/Condo,0,0.9166666666666666,2,27,0,2,0,0,1,1,1,1,0,1,0,1
1635860826572596534,109,Entire home/apt,2,1,1,1,0,8.641103038081098,78745,Guesthouse/Guest suite,0,0.25,1,20,0,1,0,0,1,1,0,0,0,0,0,1
39277633,295.2,Entire home/apt,6,2,3,2,0,0.7680296324253173,78701,Guesthouse/Guest suite,0,8.333333333333334,4,1,0,2,1,0,1,0,1,1,0,1,0,1
1561708701473149365,271.69,Entire home/apt,6,3,5,2,0,12.836503812768253,78758,House,1,3.9166666666666665,4,3,0,2,0,0,1,1,0,1,0,0,1,1
54148001,102.8,Entire home/apt,2,1,1,1,0,5.581320589311662,78721,Guesthouse/Guest suite,1,4.416666666666667,2,37,0,2,0,0,1,1,0,1,0,1,1,1
1202885666076544389,197.67,Entire home/apt,6,3,4,2,0,20.791943289901898,78729,House,1,1.8333333333333335,1,48,0,3,1,1,1,1,0,1,0,1,0,1
1156605664342287030,456.67,Entire home/apt,8,4,2,3,0,15.372311776700837,Other,House,0,2.0833333333333335,2,0,1,3,1,0,1,1,0,1,0,1,0,0
42379791,1712,Entire home/apt,10,5,5,5,0,7.046643023213172,Other,House,0,6.333333333333333,1,1,0,2,1,0,1,1,1,1,0,0,1,1
800815258973013774,239,Entire home/apt,6,3,3,2.5,0,4.308809744502517,78704,House,0,4.25,37,11,0,2,0,0,1,1,0,1,0,1,0,1
18431719,300,Entire home/apt,5,3,3,1.5,0,7.889829081208319,78745,House,0,8.333333333333334,1,0,0,2,0,0,1,1,0,1,0,1,0,1
886293571693795002,200.5,Entire home/apt,2,1,1,1,0,2.491266251306813,78702,Guesthouse/Guest suite,1,12.416666666666666,1,18,0,2,0,0,1,1,0,0,0,1,0,1
1437870014159350845,390,Entire home/apt,16,4,8,2.5,0,17.486618223649362,Other,House,1,2.5833333333333335,4,27,0,1,1,0,1,1,0,1,0,1,1,1
38294127,210.23999999999998,Entire home/apt,6,3,3,1,0,1.4021638231071212,78702,House,1,9.416666666666666,5,50,0,1,0,0,1,1,0,0,0,0,1,1
1404336792903437294,292.33,Private room,4,1,2,1,0,0.6871540589141849,78701,Hotel-like,0,3,60,0,1,3,1,0,1,1,1,1,0,0,0,0
959351716013756209,588,Entire home/apt,10,5,7,3,0,13.423428939570705,Other,House,1,2.75,1,39,0,1,1,1,1,1,0,1,1,1,1,1
21111497,129,Entire home/apt,3,2,3,1,0,21.130178262127803,78734,Guesthouse/Guest suite,1,10.083333333333334,3,23,0,1,0,0,1,1,0,0,0,1,0,1
23256690,529.6700000000001,Entire home/apt,8,4,4,2,0,7.366498816850825,78741,House,1,14.333333333333334,1,3,0,3,1,0,1,1,0,1,0,0,1,1
5235691,759,Entire home/apt,14,7,14,3.5,0,1.2839572578789638,78702,House,1,14.166666666666666,3,21,0,2,1,0,1,1,0,1,0,1,0,1
920303088613976474,367,Entire home/apt,13,3,7,3,0,5.784518352529587,78704,House,1,9.75,33,41,0,1,1,1,1,1,0,1,0,1,1,1
50704625,194,Entire home/apt,4,2,2,1.5,0,7.462891037671914,78745,House,1,4.916666666666667,1,30,0,1,0,0,1,1,0,1,0,1,1,1
1399583136931139424,171.29,Entire home/apt,4,2,2,2,0,17.243118164117895,Other,House,0,1,1,0,1,7,0,0,1,1,0,1,0,1,0,0
42692733,274,Entire home/apt,16,8,14,3,0,5.18005169935951,78721,House,1,6.25,6,38,0,1,1,0,1,1,0,1,0,1,0,0
1365379118794996230,333.5,Entire home/apt,6,3,4,2.5,0,3.054705494954537,78702,House,1,8.416666666666666,1,38,0,2,1,1,1,1,0,1,0,0,0,1
1616237817427788112,134.55,Entire home/apt,3,1,2,1,0,17.801980553521005,Other,Apartment/Condo,1,1.0833333333333333,2,13,0,2,1,0,1,1,1,1,0,1,0,1
776163115233553525,304.5,Entire home/apt,4,1,2,1,0,0.8945123624477684,78701,Apartment/Condo,0,5.666666666666667,4,0,1,2,1,0,1,0,0,1,0,0,0,0
1338829606429674318,259.33,Entire home/apt,5,2,2,2,0,2.1925972725187,78704,Apartment/Condo,0,5.583333333333333,10,12,0,1,1,0,1,1,1,1,0,1,1,1
37664069,562.65,Entire home/apt,16,6,14,5,0,3.0768005202418904,78702,House,1,12.75,6,4,0,2,0,0,1,1,0,1,0,1,1,1
1655430107158965874,100,Entire home/apt,4,1,3,1,0,6.4923754065194945,78704,Apartment/Condo,0,1.0833333333333333,3,3,0,1,0,0,1,1,0,1,0,1,0,0
1262383569078823030,136,Entire home/apt,6,2,2,1,0,8.554393353130754,78744,Unique/other,1,1.6666666666666665,1,26,0,2,0,0,1,1,0,0,0,0,1,1
1598070587413533840,156.8,Entire home/apt,4,2,2,2,0,5.814131142402317,78704,Apartment/Condo,1,4.5,178,0,1,1,1,0,1,0,0,1,0,0,1,1
1531467816137234399,189,Entire home/apt,8,2,5,1,0,2.277733520395135,78705,Apartment/Condo,1,3.8333333333333335,3,17,0,1,0,0,1,1,0,1,0,0,1,0
1690164747263657926,146.4,Entire home/apt,4,1,2,1,0,5.814131142402317,78704,Apartment/Condo,1,4.5,178,0,1,1,1,0,1,0,0,1,0,0,1,1
32522569,258.67,Entire home/apt,5,3,7,2,0,1.783465785284283,78702,House,0,11.333333333333334,18,13,0,3,0,0,1,1,0,0,0,1,0,1
701463289533354961,153,Entire home/apt,3,1,1,1,0,2.2930894110521955,78704,Apartment/Condo,1,6.5,2,44,0,1,1,0,1,1,1,1,0,1,1,0
17479289,180.31,Entire home/apt,4,1,2,1,0,1.379568698571285,78703,Apartment/Condo,0,9.25,1,11,0,2,0,0,1,1,0,1,0,0,1,1
1187092756765875025,370,Entire home/apt,8,4,5,2,0,11.260147446919678,78745,House,1,9.75,1,22,0,1,0,0,1,1,0,1,0,0,0,1
1107566953133738938,535.5,Entire home/apt,8,3,3,2.5,0,9.368650852579833,78746,House,1,11.333333333333334,2,6,0,2,1,1,1,1,0,0,0,1,1,1
910436535209189174,100,Entire home/apt,4,1,1,1.5,0,15.17038551574696,78753,Apartment/Condo,1,3,1,25,0,1,0,0,1,1,0,1,0,1,0,1
1624340848803557662,217.5,Entire home/apt,6,2,3,1,0,24.27243484722442,78734,House,0,0.3333333333333333,1,8,0,2,0,0,1,1,0,1,0,0,1,0
1176881760073777590,174.5,Entire home/apt,2,1,1,1,0,26.215621806714886,78737,Apartment/Condo,1,2.0833333333333335,1,10,0,2,0,0,1,1,0,0,0,0,0,1
51717117,128.38000000000002,Entire home/apt,6,2,2,1,0,7.561180377288953,78752,Apartment/Condo,0,5.583333333333333,6,16,0,2,0,0,1,1,0,1,0,1,1,1
1355327570813652515,345.45,Entire home/apt,5,2,3,1.5,0,3.7426340755636427,78702,House,1,4.416666666666667,6,15,0,1,1,0,1,1,0,1,0,1,1,1
1362046684698547942,301.75,Entire home/apt,4,2,2,2,0,13.363775271832004,Other,House,0,0.8333333333333334,1,1,0,3,1,0,1,1,0,0,0,1,0,1
14317978,369,Entire home/apt,6,2,3,1,0,8.071946231325668,78757,House,1,12.5,1,31,0,2,0,0,1,1,0,1,0,1,1,1
735522039347101675,205,Entire home/apt,12,3,7,2,0,9.797714630800014,78745,House,1,3.6666666666666665,2,27,0,2,0,0,1,1,0,1,0,1,1,1
1700496259476199725,171,Entire home/apt,4,1,3,1,0,2.3858923342820164,78705,Apartment/Condo,0,3.3333333333333335,1,1,0,1,1,0,1,1,1,1,0,1,1,1
1100701314937865174,186.01,Entire home/apt,2,1,1,1,0,2.016438627346508,78703,Apartment/Condo,1,11.666666666666666,10,63,0,1,1,0,1,1,0,1,0,1,1,1
910306480836536449,138,Entire home/apt,5,2,1,1,0,6.24207597078635,78721,Apartment/Condo,1,12,6,6,0,1,0,0,1,1,0,0,0,1,1,1
842303790442179793,342.5,Private room,4,1,2,1,0,0.8229449568976503,78701,Hotel-like,0,4.666666666666667,4,0,0,2,1,0,1,0,0,1,0,1,0,1
1592934819578487584,532.55,Entire home/apt,16,8,17,4,0,2.417043417792821,78705,Apartment/Condo,1,3.8333333333333335,3,0,1,1,0,0,1,1,0,1,0,1,1,1
1679234287384295632,136,Entire home/apt,6,2,2,1,0,3.937273668298993,78722,Apartment/Condo,0,0,1,3,0,2,0,0,1,1,0,0,0,1,1,1
1402150300376420749,251.45000000000002,Entire home/apt,2,1,1,1,0,19.123293820033325,Other,Apartment/Condo,0,3.25,92,0,1,1,1,0,1,1,1,0,0,1,1,1
1682723232031756246,161.33,Entire home/apt,6,2,3,1,0,26.15416082412613,Other,House,1,3.4166666666666665,1,2,0,3,0,0,1,1,0,1,0,1,1,0
571999277170118135,155,Entire home/apt,2,1,1,1,0,4.568160115090601,78751,Unique/other,0,4.25,1,8,0,1,0,0,1,1,0,0,0,1,0,1
1624760766723713900,320,Entire home/apt,4,2,2,2,0,14.495694340427677,Other,Apartment/Condo,1,0.6666666666666666,2,5,0,1,0,0,1,1,0,1,0,0,0,1
955717081963973786,1413,Entire home/apt,16,10,26,6.5,0,1.6950306471537677,78702,House,1,14.5,13,3,0,1,1,0,1,1,0,0,0,1,1,1
1570451514797152537,156,Entire home/apt,4,2,2,2,0,7.8841572221020595,78723,Apartment/Condo,0,6.833333333333333,43,17,0,1,1,0,1,1,1,0,0,1,0,1
922435792129950355,438,Entire home/apt,6,3,4,2,0,3.643345260482172,78702,House,0,2.6666666666666665,1,5,0,1,0,0,1,1,0,1,0,1,1,1
1516230933110775847,673.8599999999999,Entire home/apt,9,4,7,3,0,3.0824170608980253,78703,House,1,4.5,178,12,0,2,1,0,1,1,0,1,0,0,0,1
32646959,218.08,Entire home/apt,3,1,2,1,0,5.898604876624326,Other,Guesthouse/Guest suite,0,7.25,1,0,0,5,0,0,1,1,1,1,0,1,0,1
36560124,244.08,Private room,6,2,3,2,1,0.6578669240354116,78701,Hotel-like,0,6.666666666666667,3,3,0,2,1,1,1,0,1,1,0,1,0,1
1634346236084201075,399.5,Entire home/apt,4,2,2,1,0,1.141925222309819,78702,House,1,2.3333333333333335,1,1,0,2,1,0,1,1,0,1,1,1,0,1
1533503474761072315,115,Entire home/apt,2,1,1,1,0,8.671347460685109,78745,Guesthouse/Guest suite,1,0.3333333333333333,1,9,0,1,0,0,1,1,0,0,0,0,0,0
1013793455598696059,500.33,Entire home/apt,6,3,4,3.5,0,2.2324878200405895,78702,House,1,5.833333333333333,12,5,0,3,0,0,1,1,0,1,0,1,0,1
1653192859138899384,225.38000000000002,Entire home/apt,6,3,3,2,0,12.183568427648112,Other,House,0,0.16666666666666666,1,0,1,2,0,0,1,1,0,1,0,0,1,1
52946685,241.25,Entire home/apt,6,2,2,2,0,2.2427307057283707,78702,House,0,4.25,1,6,0,2,0,0,1,1,0,1,0,1,1,1
50754186,339.33,Entire home/apt,4,2,2,2,0,13.883022680679096,Other,House,0,15.416666666666666,1,1,0,3,0,0,1,1,0,1,0,1,1,1
1669601983099103654,131,Private room,4,1,2,1,0,8.02630106839641,78744,Hotel-like,0,0.16666666666666666,2,0,1,1,1,1,1,1,0,1,0,1,0,0
1241308459582962928,716,Entire home/apt,16,10,12,8,0,7.335722618867329,78723,House,0,3.75,31,15,0,1,0,0,1,1,0,1,0,1,0,1
53862194,376.5,Entire home/apt,8,3,3,2.5,0,6.812887888437925,Other,House,0,4.5,1,0,0,2,0,0,1,1,0,1,0,1,0,1
1086152950246818826,342.5,Entire home/apt,8,3,5,2.5,0,9.346386052759641,78744,House,1,2.3333333333333335,1,14,0,2,0,0,1,1,0,1,0,1,0,1
1215620518937635811,329.8,Entire home/apt,6,2,3,2,0,2.244569055116835,78705,House,1,1.5833333333333335,1,11,0,3,0,0,1,0,0,0,0,1,0,1
1411283371394864348,375,Entire home/apt,9,3,5,2.5,0,6.2508336516767065,78721,House,1,8.666666666666666,1,5,0,2,0,0,1,1,0,1,0,1,1,0
1257453562882038088,406,Private room,4,2,2,1.5,0,15.924499797556468,Other,House,0,1.6666666666666665,1,0,0,1,1,0,1,1,0,1,0,1,0,0
649407777034907612,131,Entire home/apt,2,1,1,1,0,9.218231372173719,78745,Guesthouse/Guest suite,1,3.8333333333333335,5,8,0,2,0,0,1,1,0,0,0,1,1,1
42200892,200.5,Entire home/apt,4,2,2,1,0,3.029376129664798,78703,House,1,6.416666666666667,1,52,0,1,0,0,1,1,0,1,0,1,0,1
1250917893825710863,618,Entire home/apt,16,6,14,4,0,2.158326258871631,78702,House,1,5.083333333333333,12,14,0,2,1,0,1,1,0,1,0,1,0,1
43583267,120.4,Entire home/apt,4,1,2,1,0,1.2193735021197627,78701,Apartment/Condo,1,3.5,3,27,0,2,0,0,1,1,0,1,0,0,0,1
925896424191418887,248,Entire home/apt,2,1,1,1,0,1.9303467468701205,78701,Apartment/Condo,1,10.833333333333334,3,43,0,1,1,0,1,0,1,1,1,1,0,1
861484240066775185,451.5,Entire home/apt,10,5,6,4,0,3.312202637390469,78704,House,0,11.583333333333334,6,9,0,2,0,0,1,1,0,1,0,1,0,1
874172056663233580,264.91999999999996,Entire home/apt,3,1,2,1,0,2.0337214814860487,78701,Apartment/Condo,1,4.5,14,48,0,1,1,0,1,1,1,1,0,1,0,1
1661074836401602481,142,Entire home/apt,2,1,1,1,0,5.814131142402317,78704,Apartment/Condo,1,4.5,178,1,0,1,1,0,1,0,0,1,0,0,1,1
1429936748879208275,75,Private room,2,1,1,1,1,12.579504472075557,78724,House,0,9.666666666666666,1,6,0,1,1,0,1,1,0,1,0,1,1,1
897337157213588308,650.38,Entire home/apt,16,5,10,5,0,2.434514631735401,78703,House,1,3,1,24,0,2,1,0,1,1,0,1,0,1,0,1
664561041042372285,165.47,Entire home/apt,2,1,2,1,0,6.7942099353140915,78757,Guesthouse/Guest suite,1,3.9166666666666665,1,36,0,1,0,0,1,1,0,0,0,1,0,1
655417594182937262,319,Entire home/apt,6,2,3,1,0,6.159487884482413,78723,House,1,3.4166666666666665,3,2,0,1,0,0,1,1,0,1,0,0,1,1
6391710,240,Entire home/apt,4,2,2,1,0,2.6312900048588483,78702,Apartment/Condo,1,11.083333333333334,1,27,0,2,0,0,1,1,0,1,0,1,0,1
1495232478257731915,242.28,Entire home/apt,6,2,3,2,0,18.38139559761825,Other,Apartment/Condo,0,3,6,14,0,1,1,1,1,1,0,1,0,1,1,1
1175833246697535992,246,Entire home/apt,4,1,2,1,0,3.560046230871802,78704,House,1,2,1,24,0,1,0,0,1,1,0,1,0,1,1,1
1569831235934965023,146.5,Entire home/apt,4,1,2,1,0,17.801980553521005,Other,Apartment/Condo,1,0.75,2,11,0,2,1,0,1,1,1,1,0,1,1,1
14844106,416,Entire home/apt,6,3,3,2.5,0,6.82524341528633,78745,House,0,12.666666666666666,1,3,0,3,0,0,1,1,0,1,0,0,0,1
37962004,92.17999999999999,Entire home/apt,3,1,2,1,0,19.8195036793207,78729,Apartment/Condo,0,11,3,7,0,5,0,0,1,1,0,1,0,1,1,1
1237828614110706963,627.6700000000001,Entire home/apt,4,2,2,1,0,2.5581507808460358,78704,House,1,14,2,1,0,3,0,0,1,1,0,1,0,1,0,1
1655915317359261025,169.6,Entire home/apt,4,1,2,1,0,5.814131142402317,78704,Apartment/Condo,1,4.5,178,0,1,1,1,0,1,0,0,1,0,0,1,1
1359454596270074487,216,Entire home/apt,4,2,4,1,0,5.562003118584308,78721,Apartment/Condo,1,11.333333333333334,1,18,0,1,0,0,1,1,0,1,0,1,0,1
1623494154768221912,430,Entire home/apt,8,3,5,3,0,3.015294529499563,78704,House,1,8.25,19,8,0,2,0,1,1,1,0,1,1,1,1,1
827889777350596545,136.33,Entire home/apt,3,1,2,1,0,0.7233188479981874,78701,Apartment/Condo,0,7.25,4,33,0,2,1,0,1,1,1,1,0,1,0,1
984447653409180224,243.33,Entire home/apt,4,2,2,2,0,7.88748055095374,78745,Apartment/Condo,0,10.166666666666666,1,1,0,3,1,0,1,1,0,1,0,1,0,1
1552384837846731312,156,Entire home/apt,4,2,2,1,0,7.627862257085608,78724,Apartment/Condo,1,8.25,35,10,0,1,0,0,1,0,0,1,0,0,0,0
1693681460778627311,152,Entire home/apt,4,1,3,1,0,1.8707049298267346,78705,Apartment/Condo,1,0.25,6,0,1,1,0,0,1,1,0,1,0,1,1,1
1699515649985303324,217,Entire home/apt,2,1,1,1,0,15.421805573024077,Other,Apartment/Condo,0,0,1,0,1,1,1,0,1,0,1,1,0,0,0,1
727095772106660475,29,Entire home/apt,16,12,1,2,0,7.754680218760742,78745,Unique/other,1,14.416666666666666,22,3,0,1,0,0,0,1,0,0,0,0,0,0
47596836,215.5,Entire home/apt,4,2,2,1.5,0,3.3894121472895393,78704,Apartment/Condo,0,11.583333333333334,6,14,0,2,0,0,1,1,0,1,0,1,0,1
15398584,1595.5,Entire home/apt,10,5,6,3,0,2.317218804589506,78702,House,1,11.083333333333334,2,0,0,2,1,1,1,1,0,1,0,1,0,1
1648583087567981531,718.5,Entire home/apt,16,7,8,3,0,6.480810126496882,78723,House,1,1.25,3,19,0,1,1,1,1,1,0,1,0,0,1,1
1034604,1164,Entire home/apt,10,5,5,4,0,3.9486904810651846,78704,House,0,13.166666666666666,1,1,0,1,1,0,1,1,0,1,0,1,0,1
1293795838742622353,208.67,Entire home/apt,4,2,2,1.5,0,14.062230997282725,78758,Apartment/Condo,0,3.25,2,18,0,3,1,0,1,1,1,1,0,0,0,0
1299467342109624570,250.5,Entire home/apt,5,2,3,2,0,5.831934858101562,78746,Apartment/Condo,1,1.5,1,17,0,2,1,1,1,1,1,1,0,1,0,1
583594131205478228,304.13,Entire home/apt,9,4,4,2,0,11.157513869382358,78758,House,0,10.416666666666666,1,3,0,2,0,0,1,1,0,1,0,1,1,1
27927993,744,Entire home/apt,16,5,10,5.5,0,2.3529789563009027,78702,House,1,9.25,1,28,0,2,1,0,1,1,0,1,1,1,0,1
49834514,145.68,Entire home/apt,3,1,2,1,0,5.348510661786669,78751,Guesthouse/Guest suite,1,4.75,2,31,0,1,1,0,1,1,0,1,0,0,1,1
1266803324436983919,493.37,Entire home/apt,8,4,4,3,0,23.862663191234077,78734,House,1,1.6666666666666665,1,27,0,2,0,0,1,1,0,1,0,1,0,0
1405963582789653048,179,Entire home/apt,2,1,1,1,0,15.311691525249701,78753,Apartment/Condo,1,1.3333333333333333,25,7,0,1,1,0,1,1,1,1,0,1,0,1
565119945011723508,311.46999999999997,Entire home/apt,12,5,6,2,0,6.112830695042511,78741,House,1,6.833333333333333,14,12,0,1,0,0,1,1,0,1,0,1,1,1
23374656,304,Entire home/apt,5,2,3,1,0,3.99175418516147,78704,House,1,12.083333333333334,23,7,0,1,0,0,1,1,0,1,0,1,1,1
54020390,256.76,Entire home/apt,11,3,5,2,0,8.665239329551504,78744,House,1,4.416666666666667,1,41,0,1,0,1,1,1,0,1,0,1,1,1
681608950008147740,246,Entire home/apt,6,2,3,2,0,0.7542600020707663,78701,Apartment/Condo,1,4.333333333333333,28,0,1,2,1,0,1,0,1,1,0,1,0,1
552776323348983656,427,Entire home/apt,4,2,3,2,0,5.574454393040241,78704,House,0,13,1,10,0,1,0,0,1,1,0,1,0,1,1,1
1460958080379832841,1151,Entire home/apt,16,6,9,5,0,25.100319107171188,78734,House,1,1.8333333333333335,36,18,0,2,1,1,1,1,0,1,0,1,0,0
854344343822951255,337.42999999999995,Private room,3,1,1,1,0,0.6465404865493488,78701,Hotel-like,0,3.25,92,0,1,1,1,0,1,0,1,0,0,1,1,1
1221620017469302367,147,Entire home/apt,6,2,2,2,0,4.081569865413386,78704,Apartment/Condo,0,3.9166666666666665,26,35,0,1,0,0,1,1,1,1,0,1,0,1
708125072028598751,144.73,Entire home/apt,6,2,3,2,0,6.682880001447893,78741,Apartment/Condo,0,8.666666666666666,53,13,0,1,0,0,1,1,0,1,1,1,0,1
1571890112213328027,140.25,Entire home/apt,6,3,5,2.5,0,6.591793452750644,78746,House,0,9.583333333333334,2,2,0,2,0,0,1,1,0,1,0,0,1,1
1593092475919892503,102.96000000000001,Entire home/apt,6,1,3,1,0,4.06742121688485,78751,Apartment/Condo,1,0.75,2,26,0,2,1,0,1,1,0,1,0,1,1,1
692658822280888412,210,Entire home/apt,4,1,1,1,0,6.324380730470904,78741,Apartment/Condo,0,8.666666666666666,53,19,0,1,0,0,1,1,1,1,1,1,0,1
433996,255,Entire home/apt,2,1,1,2,0,3.695548214836822,78704,Apartment/Condo,1,14.166666666666666,9,13,0,2,0,0,1,1,0,1,0,1,0,1
973130833043282544,255.62,Entire home/apt,6,3,3,2,0,3.9435740871775096,78751,House,0,3.75,18,51,0,1,0,0,1,1,0,1,0,1,0,1
1251473472390389023,293,Entire home/apt,4,2,2,1,0,17.693320835449136,Other,House,1,2.5833333333333335,10,14,0,1,0,0,1,1,0,1,0,1,1,1
16628889,174,Entire home/apt,4,1,1,1,0,2.7502709786480652,78704,Apartment/Condo,0,3.75,1,67,0,1,1,0,1,1,0,1,0,0,1,1
2500385,174,Entire home/apt,4,1,2,1,0,1.8687306512441377,78702,Unique/other,1,14.333333333333334,9,52,0,1,0,0,1,1,0,0,0,1,0,1
8355807,143.67,Entire home/apt,2,1,1,1,0,2.938101675464857,78704,Guesthouse/Guest suite,1,7.083333333333333,2,16,0,3,0,0,1,1,0,1,0,0,0,1
1479770496238015507,399.67,Entire home/apt,5,2,2,2,0,3.672739595705306,78704,House,0,0.8333333333333334,1,1,0,3,0,0,1,1,0,0,0,1,1,0
48732777,420,Entire home/apt,6,2,3,2,0,3.437739462479733,78704,House,0,10.916666666666666,40,23,0,1,0,0,1,1,0,1,0,1,0,1
5031470,960.5,Entire home/apt,12,5,7,3,0,4.376894265378927,78704,House,1,11.416666666666666,2,20,0,2,0,1,1,1,0,1,1,1,0,1
1595352121574433866,264.5,Entire home/apt,10,3,5,2,0,4.965328113856302,78741,House,1,4.833333333333333,4,3,0,2,0,1,1,1,0,1,0,0,1,1
1239150253836667907,113,Entire home/apt,4,1,2,1,0,13.281473613988268,Other,Apartment/Condo,0,4,38,8,0,1,1,0,1,1,1,1,0,1,1,1
1673574133738200083,82.5,Entire home/apt,2,1,1,1,0,6.504754382514177,78723,House,0,0.08333333333333333,1,2,0,2,0,0,1,1,0,0,0,0,1,0
1034085497540812628,459.8,Entire home/apt,2,1,1,1,0,2.9276588726588937,78704,Guesthouse/Guest suite,1,5.75,2,0,0,2,1,1,1,1,0,1,0,1,0,1
28379054,164,Entire home/apt,6,1,4,1,0,13.740233048822963,78753,Guesthouse/Guest suite,1,10.666666666666666,1,59,0,1,0,0,1,1,0,0,0,1,0,1
7802292,171,Entire home/apt,4,2,2,1,0,7.25285842460707,78745,House,1,12.583333333333334,1,38,0,1,0,0,1,1,0,1,0,1,1,1
932231,360.67,Entire home/apt,2,1,1,1,0,1.6131654917867482,78703,House,1,14.583333333333334,2,5,0,3,0,0,1,1,0,1,0,1,0,1
2284306,590.9499999999999,Entire home/apt,14,5,10,3,0,1.2041132688604672,78702,House,0,0.4166666666666667,1,11,0,2,0,0,1,1,0,1,0,1,0,1
1488476476033130610,287,Entire home/apt,8,3,4,2,0,10.485966309656787,78745,House,0,12.333333333333334,20,17,0,1,0,0,1,1,0,1,0,0,1,1
1500871258693800099,456.5,Entire home/apt,6,3,4,2,0,3.0032307987000286,78704,House,0,0.75,2,2,0,2,0,0,1,1,0,1,0,0,0,0
749972869630753981,203.5,Entire home/apt,4,1,2,1,0,0.7196818320954406,78701,Apartment/Condo,1,5.25,23,0,1,2,1,0,1,0,1,1,0,1,0,1
1055022220808682457,432,Entire home/apt,9,2,4,2,0,3.1357461562303577,78702,House,1,9.75,33,16,0,1,0,0,1,1,0,1,0,1,1,1
589231187801052972,181,Entire home/apt,4,2,2,1,0,21.41645462567081,78737,House,1,7.166666666666667,23,19,0,2,1,0,1,1,0,1,0,1,1,1
634052374566849995,330.76,Entire home/apt,4,1,2,1,0,1.9937790601228196,78701,Apartment/Condo,1,8.833333333333334,38,14,0,1,1,0,1,0,1,1,1,1,1,1
552376159418807451,1428.5,Entire home/apt,6,3,2,2,0,14.447680539276913,Other,House,0,5.666666666666667,5,10,0,2,0,0,1,1,0,1,0,0,1,1
1355825463213053066,228,Entire home/apt,6,2,3,2.5,0,7.183158174301616,78745,House,1,9.25,2,31,0,2,1,0,1,1,0,1,0,1,0,1
914476923884286763,972.12,Private room,16,4,8,4,0,0.6465404865493488,78701,Hotel-like,0,3.25,92,0,1,1,1,0,1,0,1,0,0,1,1,1
765918276060938277,171.2,Entire home/apt,4,1,2,1,0,1.6130436936182249,78703,Apartment/Condo,1,4.916666666666667,27,0,1,2,1,0,1,0,1,1,0,1,0,1
1539333397740897721,319.53,Entire home/apt,4,2,9,1,0,25.152895961970582,78734,House,1,7.166666666666667,2,0,1,2,1,0,1,1,0,1,0,0,1,1
1613979434360030426,187,Entire home/apt,2,1,1,0,0,1.4013193987658636,78701,Apartment/Condo,0,2.0833333333333335,42,16,0,1,1,0,1,0,1,0,0,0,1,1
22814799,428,Entire home/apt,12,3,3,3,0,6.079470285196024,78741,House,1,12.833333333333334,1,3,0,2,0,0,1,1,0,1,0,1,1,1
1485657996377368501,563,Entire home/apt,12,4,6,4,0,4.974001658105973,78704,House,1,9.75,33,1,0,1,1,0,1,1,0,1,0,0,0,1
1641391599182398449,220,Entire home/apt,3,1,1,1,0,5.645244003360182,78746,Apartment/Condo,0,5.916666666666667,23,2,0,1,0,0,1,1,0,0,0,1,0,1
728153649729411274,343,Entire home/apt,4,1,2,1,0,1.942068864525933,78701,Apartment/Condo,1,11.25,6,44,0,1,1,0,1,0,0,1,0,0,1,0
1255125370527668662,803,Entire home/apt,10,4,4,4.5,0,2.5494985430702433,78704,House,1,4.083333333333333,2,1,0,2,1,1,1,1,0,1,1,0,1,1
844957735659635400,236,Entire home/apt,6,2,3,2,0,1.6130436936182249,78703,Hotel-like,1,3.6666666666666665,30,0,1,2,1,0,1,0,1,1,0,1,0,1
980415271840043569,346.71,Entire home/apt,8,4,4,2,0,2.8687663293590755,78702,House,1,4.333333333333333,3,37,0,1,0,0,1,1,0,1,0,1,0,1
1477865834113256886,213.5,Entire home/apt,6,3,3,2.5,0,4.638972718358884,78721,House,1,5.25,2,41,0,2,0,0,1,1,0,1,0,0,0,1
837299050784596878,287.5,Entire home/apt,4,1,2,1,0,0.6868375238735925,78701,Apartment/Condo,0,3.9166666666666665,5,0,1,2,1,0,1,0,0,1,0,1,0,0
751609834994418575,570,Entire home/apt,5,3,2,2.5,0,6.626925007357341,78723,House,0,3.5833333333333335,1,0,1,1,0,0,1,1,0,1,0,1,0,1
1295691457150956016,299.5,Entire home/apt,6,2,3,2,0,6.42334263733772,78741,Apartment/Condo,0,8.666666666666666,53,11,0,1,0,0,1,1,0,1,1,1,0,1
42006011,970,Entire home/apt,6,2,3,2,0,0.6564634520062975,78701,Apartment/Condo,0,12.083333333333334,3,0,0,2,1,0,1,1,1,1,0,0,0,1
1642755341709549694,974,Entire home/apt,14,3,12,2.5,0,6.66242462030387,78745,House,1,10.333333333333334,41,2,0,1,1,1,1,1,1,1,0,1,0,1
689828220112367064,1049.22,Entire home/apt,12,4,8,4,0,19.661506168889183,78734,House,1,8.916666666666666,16,7,0,1,0,0,1,1,0,1,0,0,0,1
1700867307515836387,246,Entire home/apt,4,2,2,1,0,2.165490054028213,78703,House,1,7.25,31,0,1,1,0,0,1,1,0,1,0,1,0,1
1531934233174513447,152.8,Entire home/apt,2,1,1,1,0,5.814131142402317,78704,Apartment/Condo,1,4.5,178,1,0,1,1,0,1,0,0,1,0,0,1,1
1026598826005817533,595.05,Entire home/apt,13,4,7,3.5,0,4.35047601464728,78704,House,1,4,1,26,0,1,1,0,1,1,1,1,0,1,0,1
1433351680403085930,200,Entire home/apt,3,1,2,1,0,2.0357347756966386,78703,Apartment/Condo,1,5.833333333333333,5,46,0,1,1,0,1,1,0,1,0,1,1,1
1850914,160,Entire home/apt,2,1,1,1,0,5.573315364380034,78704,Guesthouse/Guest suite,0,12.583333333333334,1,1,0,2,0,0,1,1,0,0,0,0,0,1
48030468,141,Entire home/apt,4,1,2,1,0,3.5079871791143162,78704,Apartment/Condo,0,7.166666666666667,18,26,0,1,1,0,1,1,0,1,0,1,1,1
1120597735766437912,341.5,Entire home/apt,2,1,1,1,0,24.76188463861083,78737,House,0,8.75,1,0,1,2,1,1,1,1,0,0,0,0,0,0
1363168520145370132,228.5,Entire home/apt,5,2,3,1,0,5.899359145954588,Other,Apartment/Condo,1,1.3333333333333333,4,3,0,2,0,0,1,1,0,1,0,0,1,1
1560400961987711054,533,Entire home/apt,16,5,10,3.5,0,5.610822894330257,78721,House,1,7.75,7,0,1,1,0,0,1,1,0,1,0,1,1,1
26469790,129.49,Entire home/apt,2,1,1,1,0,3.744346828494077,78702,Guesthouse/Guest suite,1,8.75,1,10,0,2,0,0,1,1,0,1,0,1,0,1
50012327,211.96,Entire home/apt,6,2,4,1.5,0,0.6618870315173431,78701,House,0,14.25,3,5,0,7,1,0,1,0,0,1,0,0,1,1
1523375596046771104,141,Private room,2,1,1,1.5,0,17.034617223022607,Other,House,0,0.6666666666666666,1,0,1,2,0,0,1,1,1,1,1,1,0,1
861751093955175775,403.56,Entire home/apt,6,2,3,2,0,1.9227058972364708,78701,Apartment/Condo,1,8.833333333333334,38,13,0,1,1,0,1,0,1,1,1,1,0,1
1093546940327022042,390,Entire home/apt,4,1,1,1,0,0.888909780723105,78701,Apartment/Condo,0,2.3333333333333335,1,0,0,3,1,0,1,1,0,1,0,1,0,0
1327190898715598259,561.23,Entire home/apt,8,4,4,4,0,14.515265859710043,Other,House,1,2.5,3,0,1,2,0,1,1,1,0,1,0,1,1,0
910798358925021746,908,Entire home/apt,16,7,10,5,0,2.780012084288907,78722,House,1,9.75,33,22,0,1,1,0,1,1,0,1,0,1,0,1
973194453143661918,288,Entire home/apt,16,5,8,3,0,6.724759242669571,78723,House,1,2.75,12,53,0,1,1,0,1,0,0,1,0,1,0,1
1527485119930959452,377.5,Entire home/apt,8,3,4,3,0,23.256495747287985,78734,House,1,11.083333333333334,23,35,0,1,1,1,1,1,0,1,1,1,1,1
1624847457086312323,372.5,Entire home/apt,7,2,4,3,0,2.74530844413989,78702,House,1,10.333333333333334,41,7,0,1,0,0,1,1,0,1,0,1,1,1
53864423,121,Entire home/apt,5,2,2,1,0,16.57088832391424,Other,House,1,6.416666666666667,1,31,0,2,0,0,1,1,0,0,0,0,1,0
30540254,125.53,Entire home/apt,2,1,1,1,0,2.1345326030206953,78702,Unique/other,1,10.333333333333334,1,26,0,1,0,0,1,1,0,0,0,0,0,1
923265042339136215,150,Entire home/apt,2,1,1,1,0,10.154544970568809,78745,Unique/other,0,12.333333333333334,1,7,0,1,0,0,1,1,0,0,0,0,0,0
638904542538427260,230,Entire home/apt,2,1,1,1,0,2.234139880960371,78702,Guesthouse/Guest suite,1,4,1,19,0,1,0,0,1,1,0,1,0,0,0,1
1366274656817399786,152.5,Entire home/apt,3,1,2,1,0,1.8970034643101468,78702,House,1,6.833333333333333,4,43,0,2,0,0,1,1,0,1,0,0,0,1
1601678573726711148,174.5,Entire home/apt,7,3,1,1.5,0,8.814689992114117,78745,House,0,0.4166666666666667,1,10,0,1,0,0,1,1,0,1,0,1,1,0
776034017777247109,105,Entire home/apt,3,1,1,1,0,7.108809752247533,78745,House,1,3.5,1,23,0,1,0,0,1,0,0,1,0,0,1,1
1670423998815512086,227.2,Entire home/apt,4,1,1,1,0,5.814131142402317,78704,Apartment/Condo,1,4.5,178,0,1,1,1,0,1,0,0,1,0,0,1,1
671165301568461983,503,Entire home/apt,5,2,2,1.5,0,8.167273828549462,78745,House,0,3.9166666666666665,1,0,0,1,0,0,1,1,0,1,0,1,1,1
866869994217583860,259,Private room,12,3,6,3,0,7.97119734111113,78752,Hotel-like,0,3.25,92,0,0,1,1,0,1,1,1,0,0,1,1,1
1313150484405916135,327,Entire home/apt,6,2,3,2,0,2.089150012788641,78702,House,1,10.333333333333334,41,21,0,1,0,1,1,1,0,1,0,0,0,1
1294483489128860565,459,Private room,6,2,4,2,0,0.7041497785547673,78701,Hotel-like,0,1.75,5,2,0,1,1,1,1,0,0,1,0,1,0,0
1233621800191309265,336.4,Entire home/apt,4,2,2,2.5,0,2.7840493467822016,78702,House,0,2.5,3,10,0,1,0,0,1,1,1,1,0,1,1,1
1669222434269553280,91.29,Private room,1,1,1,1,0,17.105038402046034,Other,House,0,7.416666666666667,2,0,1,1,0,0,1,1,0,1,0,1,0,0
1698807269824699875,228,Entire home/apt,5,2,2,2.5,0,3.6962033962162377,78704,House,1,3,24,1,0,2,0,0,1,1,0,1,0,1,0,0
1648850962287356665,1136,Entire home/apt,16,9,25,6.5,0,4.946598054645257,78721,House,0,2.6666666666666665,5,2,0,1,1,0,1,1,0,1,0,1,1,1
881892845255138214,222,Entire home/apt,6,3,4,2,0,8.10249468159064,78745,House,0,4.333333333333333,1,6,0,3,0,0,1,1,0,1,0,1,0,1
942734,1227,Entire home/apt,4,2,3,1,0,1.93988732671677,78703,House,0,13.25,1,0,0,1,0,0,1,1,0,1,0,0,0,0
653715313991045421,245.33,Entire home/apt,4,2,2,1.5,0,7.728138881539573,78724,House,1,5.25,2,28,0,2,0,0,1,1,0,1,0,1,1,1
1608043679556136918,322.5,Entire home/apt,9,4,4,3.5,0,9.087115076426986,78744,House,0,0.4166666666666667,1,6,0,2,0,0,1,1,0,1,0,0,1,0
1404389905385244663,416.33,Private room,6,2,3,2,0,0.9043720950721792,78701,Hotel-like,0,3,60,0,1,3,1,0,1,1,1,1,0,0,0,0
1466930726361019379,419.5,Entire home/apt,12,4,6,2,0,9.470420129597969,78745,House,1,3.3333333333333335,1,27,0,1,1,0,1,1,1,1,0,1,0,1
52190541,265.33,Entire home/apt,4,2,2,1,0,1.3699845157955353,78702,Guesthouse/Guest suite,0,8.333333333333334,2,0,0,1,0,0,1,0,0,1,0,1,0,1
1405895667514617528,256,Entire home/apt,4,2,2,1.5,0,7.571969257728936,78752,House,1,1.4166666666666667,1,63,0,1,0,0,1,1,0,1,0,0,1,1
1356673819399212048,180,Entire home/apt,3,1,2,1,0,20.85848610198599,Other,Apartment/Condo,0,1.3333333333333333,10,9,0,1,1,0,1,1,1,0,0,1,1,1
51346596,383,Entire home/apt,8,4,4,2.5,0,4.064405423221084,78704,House,1,6.583333333333333,2,15,0,2,1,0,1,1,0,1,0,1,0,0
34574891,165,Entire home/apt,4,2,2,1,0,10.072054369213065,78724,Unique/other,1,14.166666666666666,9,13,0,2,1,1,1,1,1,1,1,0,0,1
2994424,240.35000000000002,Entire home/apt,4,2,3,1,0,3.7297340813813173,78704,House,1,12.083333333333334,9,14,0,2,0,0,1,1,1,1,0,0,1,1
5580439,360,Entire home/apt,8,3,7,2,0,3.1698195204909076,78704,House,1,11.666666666666666,1,9,0,1,0,1,1,1,0,0,1,1,0,1
1147206619145701431,280,Hotel/shared room,2,1,1,1,0,26.113937906418407,78734,Hotel-like,0,3.1666666666666665,48,0,0,1,1,0,1,0,1,0,0,1,1,1
1633814247520676373,257,Entire home/apt,8,3,5,2,0,6.43110952935058,Other,House,1,1.25,19,3,0,1,1,0,1,1,0,1,1,1,1,1
1126950750572795082,160.5,Entire home/apt,3,1,2,1,0,4.397905938505725,78741,Apartment/Condo,0,6.833333333333333,43,26,0,1,0,0,1,1,0,1,0,1,0,1
39532206,263,Private room,7,3,7,2,1,13.007721424149338,Other,House,0,6.75,6,0,0,1,1,1,1,1,0,1,0,0,0,1
1087983913914513400,401.7,Entire home/apt,9,4,5,2.5,0,14.342546189206946,78758,House,1,2.3333333333333335,1,17,0,2,0,0,1,1,0,1,0,0,1,1
1523453443839438759,191.5,Private room,2,1,1,1,1,14.447414960200067,78758,Apartment/Condo,1,8.833333333333334,1,6,0,2,1,1,1,1,0,1,0,1,0,1
1291485737105188968,822,Entire home/apt,16,5,9,3,0,17.063503079913215,Other,House,1,3.75,3,10,0,1,1,1,1,1,0,1,0,1,1,1
42182687,371,Entire home/apt,5,2,3,1,0,2.243902328196068,78722,House,0,15.333333333333334,1,0,0,2,0,0,1,1,0,0,0,0,0,1
855782784648139934,461.67,Entire home/apt,8,4,4,2,0,6.555829062414999,78723,House,0,3.1666666666666665,1,0,1,3,0,0,1,1,0,1,0,1,1,0
800823392156256269,379,Entire home/apt,6,3,3,2,0,4.404752855943056,78704,House,0,4.25,37,5,0,2,0,0,1,1,0,1,0,1,0,1
48366805,2467.5,Entire home/apt,16,9,14,7.5,0,12.799119504085548,Other,House,1,7.833333333333333,3,15,0,2,1,1,1,1,0,1,0,1,1,1
967013167923069234,171.29,Entire home/apt,4,1,1,1,0,6.671625105984111,78741,Apartment/Condo,0,2.75,1,0,0,7,1,0,1,1,0,1,0,1,1,1
45950504,390,Entire home/apt,7,3,4,2,0,23.60772218006948,78734,House,0,7.083333333333333,5,28,0,1,1,0,1,1,0,1,0,0,1,1
1265330668245083335,192.96,Entire home/apt,6,4,4,2,0,15.900209769123057,Other,House,1,6.833333333333333,14,0,0,4,0,0,1,1,0,1,0,1,0,1
51991078,141.9,Entire home/apt,3,1,2,1,0,23.669080074271513,78734,Guesthouse/Guest suite,0,7.083333333333333,5,12,0,2,0,1,1,1,0,0,0,1,1,1
1292702737528294267,193,Entire home/apt,10,4,4,2,0,12.870660238532162,Other,House,0,1.5833333333333335,2,57,0,1,1,0,1,1,0,1,0,1,1,1
970182056991435402,288,Entire home/apt,16,5,8,3,0,6.969797480459994,78723,House,1,2.75,12,87,0,1,1,0,1,1,0,1,0,1,0,1
1547566717300939662,251,Entire home/apt,5,2,3,1,0,0.7475338454226683,78701,House,1,1.25,19,31,0,1,1,0,1,1,1,1,1,1,1,1
1673482369621510771,1455,Entire home/apt,3,1,1,1,0,1.8846803240831662,78704,Apartment/Condo,0,2.6666666666666665,1,1,0,1,1,1,1,1,0,1,0,1,0,0
844944808997006217,216.5,Entire home/apt,6,3,2,2,0,8.789053819249272,78745,House,0,6.75,1,4,0,2,0,0,1,1,0,1,0,1,1,1
802909071638336299,261,Entire home/apt,6,3,3,2,0,5.864241640214016,78723,House,1,11.25,2,24,0,1,0,0,1,1,0,1,0,1,0,1
1659566138632668009,310,Entire home/apt,5,3,3,2,0,6.580200825974807,78723,House,1,3.0833333333333335,4,0,1,1,0,0,1,1,0,1,0,1,0,0
17545365,237,Entire home/apt,4,2,2,2,0,2.0286039551651185,78702,House,1,11.25,2,51,0,1,0,0,1,1,0,1,0,0,0,1
1161544231932530626,338.63,Entire home/apt,6,3,4,1.5,0,5.281612147466354,Other,House,0,9.916666666666666,4,47,0,1,0,0,1,0,0,1,0,1,0,1
3720498,239,Entire home/apt,3,1,1,1,0,2.344986855813776,78702,House,0,11.833333333333334,1,3,0,1,0,0,1,1,0,0,0,1,1,1
1597687542230763074,524,Entire home/apt,16,4,7,4.5,0,20.900679406879267,78734,House,1,2.25,1,42,0,2,1,1,1,1,1,1,0,1,0,1
51712334,561.3299999999999,Entire home/apt,6,3,4,2,0,16.2030257680971,Other,House,1,5,1,5,0,3,0,1,1,1,0,1,0,1,0,1
1700428057813316101,133,Entire home/apt,3,1,1,1,0,1.364108557043673,78705,Apartment/Condo,1,3.6666666666666665,3,2,0,2,0,0,1,1,0,1,0,1,1,0
1686441917974995920,174,Private room,2,1,1,1,0,22.707072115487417,Other,Apartment/Condo,0,1.5833333333333335,1,0,1,1,1,0,1,1,1,1,1,1,1,0
912881220845867915,397,Entire home/apt,7,4,4,2,0,3.970328515260783,78702,House,1,13.75,1,10,0,2,0,0,1,1,0,1,1,1,0,1
1469639316429155198,620,Entire home/apt,12,4,6,3.5,0,18.20965753118121,Other,House,0,0.75,1,13,0,1,1,1,1,1,0,1,0,1,0,1
1557392397506570144,114.5,Entire home/apt,4,1,2,1,0,9.989215482813268,78745,Apartment/Condo,1,1.75,3,28,0,1,1,0,1,1,0,0,0,1,1,1
1624224980021797330,200,Entire home/apt,3,2,1,1,0,3.104723302674646,78702,Unique/other,0,0.25,1,2,0,2,0,0,1,1,0,1,0,0,0,0
1570596040280707072,1198,Entire home/apt,16,5,8,4.5,0,5.109348384533084,78704,House,1,3.25,3,6,0,1,1,1,1,1,1,1,1,1,1,1
1359783304220166911,285,Entire home/apt,8,4,5,2,0,16.817034433356596,78753,House,0,1.9166666666666665,1,20,0,2,0,0,1,1,0,1,1,0,0,1
1448532252490661239,311,Entire home/apt,7,3,4,1,0,4.388478134447607,Other,House,0,0.9166666666666666,1,11,0,2,0,0,1,1,0,1,1,1,1,0
42401834,126.7,Entire home/apt,2,1,1,1,0,7.241851820253759,78757,Guesthouse/Guest suite,0,15.416666666666666,1,0,0,4,0,0,1,1,0,0,0,1,1,0
1628289619913350533,220,Entire home/apt,4,2,2,2,0,5.814131142402317,78704,Apartment/Condo,1,4.5,178,2,0,1,1,0,1,0,0,1,0,0,1,1
1663120015491308887,249,Entire home/apt,4,1,2,1,0,11.451457914954299,78758,Apartment/Condo,1,0.25,1,7,0,1,1,1,1,1,1,1,1,1,0,1
749974280237201167,203.5,Entire home/apt,4,1,2,1,0,1.6130436936182249,78703,Apartment/Condo,1,5.25,23,0,1,2,1,0,1,0,1,1,0,1,0,1
1600867491797254070,271.6,Entire home/apt,4,1,2,1,0,6.682092430147983,78746,House,0,0.3333333333333333,2,19,0,1,1,0,1,1,0,1,1,1,1,1
809727357076230029,95.66999999999999,Entire home/apt,1,1,1,1,0,11.234854566738703,Other,Unique/other,0,8.666666666666666,1,5,0,3,0,0,0,1,0,0,0,1,0,1
1308175451008855236,205.5,Entire home/apt,6,2,3,2,0,2.1979258048343446,78702,House,1,1.4166666666666667,1,16,0,2,0,0,1,1,0,1,0,1,1,1
988979700496748063,392,Entire home/apt,6,2,3,2,0,0.6286769979311218,78701,Apartment/Condo,1,2.75,26,0,1,1,1,0,1,0,1,1,0,0,0,1
1130450416226792915,1095.53,Entire home/apt,3,1,1,1,0,0.6219985222174063,78701,Apartment/Condo,0,8.333333333333334,1,0,1,2,1,0,1,1,0,1,0,1,0,0
4855450,341,Entire home/apt,7,3,3,2.5,0,3.915836037861976,78704,House,1,9.75,33,8,0,2,0,0,1,1,0,1,0,0,1,1
343258,179.5,Entire home/apt,4,2,2,1,0,9.052549026979488,78745,House,1,14.333333333333334,1,30,0,2,0,0,1,1,0,1,0,1,1,1
1262537799804941463,124,Private room,2,1,1,1,0,9.410491877023265,78745,House,0,1.6666666666666665,2,0,0,1,0,0,1,1,0,1,0,1,0,0
727518926019583730,258.47999999999996,Entire home/apt,4,1,1,1,0,2.1602090667425,78701,House,0,3.6666666666666665,1,14,0,2,1,0,1,0,1,1,0,1,0,0
953843790329551804,228,Entire home/apt,4,2,2,2,0,14.495071045913228,78758,House,1,2.6666666666666665,1,40,0,2,0,0,1,1,0,1,0,1,0,1
1466852040088295011,723,Entire home/apt,9,4,4,3.5,0,3.0532615411231365,78704,House,0,0.8333333333333334,1,0,1,1,0,0,1,1,0,1,0,0,1,0
879233447196605697,458.19,Entire home/apt,6,2,3,2,0,21.40248422696254,78734,House,1,3.0833333333333335,1,30,0,2,0,0,1,1,0,1,0,1,0,1
913140928208497452,488,Entire home/apt,10,3,5,2,0,1.7099536458905973,78702,House,0,10.916666666666666,40,17,0,1,0,0,1,1,0,1,0,1,1,1
1446462414462530104,183,Entire home/apt,3,1,2,1,0,2.042165307722094,78705,Apartment/Condo,0,6.916666666666667,25,3,0,1,0,0,1,1,0,1,0,1,0,1
50259839,309,Entire home/apt,2,1,1,1,0,23.188764241460163,78734,Apartment/Condo,1,4.916666666666667,1,5,0,1,1,0,1,1,0,1,0,0,0,0
1668146952825824835,76,Hotel/shared room,2,1,1,1,0,4.408830613253564,78741,Hotel-like,0,0.9166666666666666,6,0,1,1,1,0,1,0,0,0,0,1,1,0
1632064319723031554,221.5,Entire home/apt,5,2,3,2,0,10.552365005871946,78745,House,1,2.3333333333333335,1,4,0,2,0,0,1,1,0,1,0,0,1,1
630410965465693740,165.93,Entire home/apt,7,4,5,2,0,6.72422675046635,78723,House,1,4.083333333333333,1,3,0,1,0,0,1,1,0,1,0,1,1,1
858637867168746631,177,Entire home/apt,3,1,2,1,0,7.567915747608643,78757,Guesthouse/Guest suite,1,3.0833333333333335,1,36,0,2,0,0,1,1,0,1,0,0,0,1
1683410385543390383,87.2,Hotel/shared room,2,1,1,1,0,9.381092256810952,Other,Hotel-like,0,8.25,15,0,1,1,0,0,1,1,1,1,0,1,1,1
1633440845032558229,417,Entire home/apt,10,5,8,3,0,8.70027057005096,78745,House,1,9.416666666666666,15,8,0,1,1,0,1,1,0,1,0,1,1,1
26079316,187,Entire home/apt,6,2,2,2.5,0,18.122517441322668,Other,House,0,8,2,8,0,2,0,0,1,1,0,1,0,0,1,1
1238021826580700811,436.76,Entire home/apt,7,3,5,3,0,12.115813448065996,78745,House,1,4.5,14,23,0,1,0,0,1,1,0,1,0,1,1,1
1123963047534143849,285.33,Entire home/apt,4,2,2,1,0,5.58004366722788,78751,House,1,2.1666666666666665,1,13,0,3,0,0,1,1,0,1,0,1,0,1
952831627807153062,879,Entire home/apt,16,7,17,4.5,0,22.320162875022998,78734,House,1,4.916666666666667,6,17,0,2,1,1,1,1,0,1,0,1,0,1
23529922,59.67,Private room,1,1,1,1.5,1,16.013788098026872,78753,House,0,10.25,4,0,0,2,0,0,1,1,0,1,0,1,0,1
547849558554536285,1295.25,Entire home/apt,6,3,3,3,0,3.804319807180272,78704,House,0,4.333333333333333,1,1,0,4,1,1,1,1,1,1,0,1,0,1
683465997105039000,316.67,Entire home/apt,4,2,2,2,0,2.7006598863980322,78702,House,1,3.3333333333333335,1,9,0,3,0,0,1,1,1,1,0,1,0,1
737721101684686309,433,Entire home/apt,15,5,15,3.5,0,5.221681248187653,Other,House,1,9.75,33,36,0,1,0,0,1,1,0,1,0,1,0,1
1153668716205095021,192,Entire home/apt,3,1,2,1,0,3.5065194559129065,78704,Apartment/Condo,1,2.0833333333333335,1,6,0,1,1,0,1,1,0,0,0,1,1,1
1456521978020399512,424,Entire home/apt,7,4,5,2,0,6.382101875661473,78741,House,1,0.9166666666666666,1,35,0,1,0,0,1,1,0,1,0,1,1,1
26464524,422.5,Entire home/apt,10,4,6,3,0,9.776933682838798,78745,House,0,6.416666666666667,2,0,0,2,0,0,1,1,0,1,0,0,1,1
1028578699542263400,590,Entire home/apt,14,4,8,2.5,0,1.2523098024912884,78702,House,0,3.4166666666666665,5,9,0,2,0,0,1,1,0,1,0,1,1,0
14127190,163,Entire home/apt,2,1,1,1,0,5.631897818854518,78741,Guesthouse/Guest suite,0,9.833333333333334,1,17,0,2,0,0,1,1,0,0,0,0,0,1
1502214506252029582,399,Entire home/apt,7,3,3,2,0,2.928042002319467,78704,House,0,5.166666666666667,23,12,0,1,0,0,1,1,0,1,0,1,1,0
731070,837,Entire home/apt,8,4,4,3,0,3.9075874060825333,78704,House,0,13.666666666666666,1,0,0,3,0,0,1,1,0,1,0,1,1,0
1488557224476199840,113,Entire home/apt,4,1,2,1,0,6.507010359043259,78745,Apartment/Condo,0,1.0833333333333333,3,22,0,1,0,0,1,1,0,1,0,1,1,1
45467282,309,Entire home/apt,6,2,3,2,0,0.704720811114668,78701,Apartment/Condo,0,10.333333333333334,3,0,0,2,1,0,1,0,0,1,0,1,0,0
1522496169407746768,212,Entire home/apt,4,1,2,0,0,6.104674014285236,78704,Apartment/Condo,0,9.333333333333334,47,3,0,1,0,0,1,1,0,0,0,0,0,1
43987007,1598,Entire home/apt,6,4,3,3.5,0,5.585601395436257,78746,House,0,13.916666666666666,1,0,1,2,0,1,1,1,0,1,0,1,0,0
1477571221975884326,314,Entire home/apt,8,4,4,2.5,0,22.332395013206884,78734,House,1,10,1,6,0,2,0,0,1,1,0,1,0,1,1,1
1541725887998411512,320,Entire home/apt,4,2,3,2,0,14.340828958104359,78758,Apartment/Condo,1,0.5833333333333334,1,21,0,1,1,0,1,1,0,1,0,1,0,1
1239344951396780455,371,Entire home/apt,5,3,3,2,0,11.535353961157382,78758,House,0,13.666666666666666,1,3,0,2,0,0,1,1,0,1,0,0,0,0
1628295851781992877,642.5,Private room,4,1,2,1,0,0.7487264114584683,78701,Hotel-like,1,0.5,3,0,1,2,1,0,1,0,1,1,0,0,0,1
1642796007582522029,100.9,Entire home/apt,2,1,1,1,0,4.538564169380368,78704,Apartment/Condo,0,0.25,2,0,1,2,0,0,1,1,0,1,0,0,0,0
20932887,120.66999999999999,Entire home/apt,2,1,1,1,0,4.256224120179404,78751,Guesthouse/Guest suite,1,8.75,1,28,0,3,0,0,1,1,0,0,0,0,0,0
839054805552691937,123.29,Entire home/apt,5,3,3,2,0,11.305326390205614,78744,House,0,3.25,1,1,0,1,0,0,1,1,0,1,0,1,1,1
35800909,163,Entire home/apt,4,2,2,2,0,13.280610315793334,Other,House,0,2.25,1,5,0,2,0,0,1,1,0,1,0,1,0,1
982199187558851798,382,Entire home/apt,8,4,5,2.5,0,13.381366643693248,Other,House,1,2.6666666666666665,1,13,0,2,0,0,1,1,0,1,0,1,0,1
1101351434905760611,572.5,Entire home/apt,9,4,5,2.5,0,3.4755224887649585,78704,House,1,4.833333333333333,4,52,0,1,0,0,1,1,0,1,0,0,1,1
32642588,152.16,Entire home/apt,2,1,1,1,0,7.570115586205793,78745,Guesthouse/Guest suite,1,6.5,1,2,0,3,0,0,1,1,0,0,0,1,0,1
882453204830579060,280,Entire home/apt,6,3,3,2.5,0,2.1524434988842844,78702,House,1,3.0833333333333335,1,34,0,1,0,0,1,1,0,1,0,1,0,1
995910614985570914,225,Entire home/apt,4,1,2,1,0,3.7260904463377154,78751,House,1,5.333333333333333,6,30,0,1,0,0,1,1,0,1,0,1,1,1
1619270083538794317,125.53,Entire home/apt,3,1,1,1,0,3.883878647415936,78741,Apartment/Condo,1,1,8,15,0,1,0,0,1,1,0,0,0,0,0,1
868057383232928697,294,Entire home/apt,8,4,4,2,0,5.201236320762434,78751,Apartment/Condo,0,6.833333333333333,16,28,0,1,0,0,1,1,0,1,0,1,0,1
620421353437495913,214.49,Entire home/apt,4,1,2,1,0,2.034456987676643,78701,Apartment/Condo,1,4.5,178,3,0,2,1,0,1,1,1,1,1,1,1,1
357529,246.10999999999999,Entire home/apt,5,2,2,1,0,3.4942888776013996,78704,House,1,14.25,1,43,0,3,0,0,1,1,0,1,0,1,0,1
1458620270531722047,205,Entire home/apt,6,1,3,1,0,2.0168739994659255,78701,Apartment/Condo,1,4.333333333333333,7,109,0,1,1,0,1,0,1,1,1,1,0,1
911727892958684405,172,Entire home/apt,2,1,2,1,0,4.244213563980597,78704,Unique/other,1,3,1,61,0,1,0,0,1,1,0,0,0,1,0,1
1640173184947810777,237,Entire home/apt,4,2,2,2,0,2.8154260714199735,78705,House,0,0.25,1,15,0,1,0,0,1,1,0,0,0,1,0,1
1519644401894765023,192.5,Entire home/apt,10,3,5,2.5,0,20.754040057585833,78729,House,1,2.25,8,38,0,2,0,0,1,1,0,1,0,1,0,1
1212825973031000133,252,Entire home/apt,5,1,3,1.5,0,22.25518803232057,78734,House,1,1.8333333333333335,1,21,0,1,0,0,1,1,0,1,0,1,1,1
1079137492814759265,675.5,Entire home/apt,4,2,2,2,0,4.129918943023565,78704,House,1,6.166666666666667,16,7,0,1,1,0,1,1,0,1,1,1,0,1
42881947,97.67999999999999,Entire home/apt,2,1,2,1,0,6.033518999400422,78741,Apartment/Condo,0,6.333333333333333,3,2,0,5,0,0,1,1,0,0,0,0,1,0
874038627364388309,348,Entire home/apt,5,2,2,1,0,3.344287301186515,78722,House,0,5.833333333333333,1,31,0,1,0,1,1,1,0,1,0,1,1,1
830212417586995595,117.72,Entire home/apt,3,2,2,1,0,4.331339297795887,78751,House,1,15.083333333333334,10,12,0,5,0,0,1,1,0,1,0,1,0,1
632659,280,Entire home/apt,4,2,2,1,0,2.416130302401984,78722,Guesthouse/Guest suite,1,13.833333333333334,1,53,0,1,1,1,1,1,0,0,0,1,1,1
1228506234763015558,216.33,Entire home/apt,6,2,3,2.5,0,4.4958247811373075,78704,House,1,1.8333333333333335,1,17,0,2,0,0,1,1,0,1,0,0,1,1
18405855,240,Entire home/apt,6,2,3,1,0,2.8898030951930593,78702,House,1,11.833333333333334,5,57,0,1,0,0,1,1,0,1,0,0,1,1
1275461779916548394,714,Entire home/apt,6,3,3,2,0,3.9175506351509966,78702,House,0,10.916666666666666,40,0,0,1,0,0,1,1,0,1,0,1,0,0
1335469276957857550,166,Entire home/apt,4,1,1,1,0,1.8962969719342508,78705,Apartment/Condo,0,9.333333333333334,47,27,0,1,0,0,1,1,0,1,0,1,0,1
1627833656339499703,232,Entire home/apt,4,1,2,1,0,5.814131142402317,78704,Apartment/Condo,1,4.5,178,1,0,1,1,0,1,0,0,1,0,0,1,1
918797649373351083,437,Private room,8,2,4,2,0,19.12343240822804,Other,Hotel-like,0,3.25,92,0,0,1,1,0,1,1,1,0,0,1,1,1
1112310937425904822,2727.5,Entire home/apt,6,3,5,3,0,24.34760900601271,78737,House,1,7.083333333333333,6,0,0,2,1,0,1,1,0,1,1,1,1,0
233930,152.92000000000002,Entire home/apt,4,2,2,1,0,3.301355638963022,78751,House,1,15.083333333333334,10,10,0,5,0,0,1,1,0,1,0,1,0,1
624414304918454716,159,Entire home/apt,2,1,1,1,0,17.975217948944927,Other,Apartment/Condo,0,4.083333333333333,1,0,1,1,1,0,1,1,0,1,0,1,1,0
691315777010081155,224.81,Entire home/apt,6,3,3,2,0,11.174090659373027,78753,House,1,3.8333333333333335,2,10,0,2,0,0,1,1,0,0,0,0,0,1
668801282388403782,132,Private room,1,1,1,1.5,1,12.908570286324442,78744,House,0,3.9166666666666665,1,4,0,1,0,0,1,1,0,1,0,1,1,0
975372427607545640,369,Entire home/apt,6,2,3,2,0,1.9200331099129402,78701,Apartment/Condo,1,8.833333333333334,38,17,0,1,1,0,1,0,1,1,1,1,1,1
1636600324972013473,1197,Entire home/apt,16,7,12,4.5,0,9.54627302483333,78745,House,1,8.833333333333334,10,10,0,2,1,1,1,1,1,1,1,1,0,0
1578272520395023738,236,Entire home/apt,4,1,1,1,0,2.2898858238636346,78722,Guesthouse/Guest suite,1,3.25,4,26,0,1,0,1,1,1,0,1,0,1,0,1
33319633,289,Entire home/apt,6,2,3,2.5,0,3.132239213308646,78702,House,1,7.166666666666667,1,25,0,1,0,0,1,1,0,1,0,1,1,1
1686347187085879648,58,Private room,2,1,1,1,0,10.539559446682642,78745,Apartment/Condo,0,0,1,0,1,1,0,0,1,1,0,1,0,1,0,0
1608360947803145814,94.25,Private room,2,1,1,1,0,20.781963443943184,78729,House,0,1.6666666666666665,17,2,0,2,0,0,1,1,1,1,0,1,0,1
1312615099018968243,901,Entire home/apt,14,4,7,3.5,0,6.295107039232477,78704,House,1,2.0833333333333335,7,16,0,1,1,0,1,1,0,1,1,0,0,1
911908328118815356,270,Entire home/apt,5,2,3,2,0,18.45070107172125,Other,Apartment/Condo,0,3,6,12,0,1,1,1,1,1,0,1,0,1,1,1
949071952369378793,123.59,Entire home/apt,4,3,3,2,0,15.150024962285967,78724,House,1,2.75,1,15,0,7,0,0,1,0,0,1,1,1,0,0
1285643110647043062,352.5,Private room,4,1,2,1,0,0.8232255321701566,78701,Hotel-like,0,6.75,30,0,0,2,1,0,1,0,1,1,0,1,0,1
1467424972652974201,671,Entire home/apt,10,5,5,3.5,0,3.648558763662257,78704,House,0,9.25,47,3,0,2,1,0,1,1,0,1,0,1,0,1
923744644322963438,238.95000000000002,Entire home/apt,5,3,3,2,0,10.148149494483798,78745,House,1,10.916666666666666,2,42,0,2,0,0,1,1,0,0,0,1,1,1
1524971801062154260,354,Entire home/apt,10,4,4,4,0,20.747398264542518,78729,House,0,1.6666666666666665,17,1,0,2,0,0,1,1,1,1,0,1,1,1
681608869834395419,246,Entire home/apt,6,2,3,2,0,1.6130436936182249,78703,Apartment/Condo,1,4.333333333333333,28,0,1,2,1,0,1,0,1,1,0,1,0,1
628141286891454400,258.5,Entire home/apt,5,1,3,1,0,3.6094388114478533,78704,House,1,4,2,26,0,2,0,1,1,1,0,1,0,1,0,1
567518037444959755,133,Entire home/apt,4,2,2,1,0,4.070224969681558,78702,House,1,9.166666666666666,3,32,0,2,0,0,1,1,0,1,0,1,1,1
1514277278056670961,137,Entire home/apt,8,3,3,2,0,19.03211249305548,Other,House,1,0.6666666666666666,1,8,0,1,0,0,1,1,0,1,0,0,1,1
1087949052416077735,569,Entire home/apt,8,3,5,2,0,24.43450354616986,78734,House,1,9,5,2,0,1,0,0,1,1,0,1,0,0,1,0
53343043,285.5,Entire home/apt,5,2,2,1,0,3.8477703579753633,78704,House,1,12.5,3,5,0,2,0,0,1,1,0,1,0,1,0,1
994891443428671223,199,Entire home/apt,2,1,2,1,0,5.289993623582612,78751,Guesthouse/Guest suite,1,2.6666666666666665,1,16,0,2,0,0,1,1,0,1,0,1,0,1
912421644932986908,307.55,Entire home/apt,5,2,3,1.5,0,2.3531628594389207,78702,House,0,2.9166666666666665,1,25,0,2,0,0,1,1,0,1,0,0,1,1
42537433,120,Entire home/apt,4,1,2,1,0,4.656279988082553,78704,Apartment/Condo,0,10.75,9,14,0,2,0,0,1,1,0,1,0,1,0,1
1607555218462984125,182.5,Entire home/apt,4,1,3,1,0,4.226427214808051,78751,Apartment/Condo,0,0.4166666666666667,1,12,0,2,1,0,1,1,0,1,0,1,1,1
1633006773036786291,129,Entire home/apt,2,1,1,1,0,7.370088176775028,78745,Guesthouse/Guest suite,0,0.25,3,6,0,1,0,0,1,1,0,1,0,1,0,1
53813408,941.5,Entire home/apt,8,3,8,3,0,10.521700996280932,Other,House,1,11.833333333333334,1,0,0,2,0,0,1,1,0,1,0,1,0,1
1056576102534640080,581,Entire home/apt,16,8,10,7,0,2.3118642431713132,78702,House,0,12.333333333333334,20,12,0,1,0,0,1,1,0,1,0,0,0,0
1875121,189,Entire home/apt,4,1,2,1,0,1.2467009526587933,78702,Guesthouse/Guest suite,1,13.666666666666666,1,31,0,2,0,0,1,1,0,0,0,0,0,1
1440158371895941920,358,Entire home/apt,9,4,4,2,0,4.797373122067137,78721,House,1,0.8333333333333334,1,41,0,1,1,0,1,1,1,1,0,1,1,1
1402152355010889745,219,Entire home/apt,2,1,1,1,0,19.123293820033325,Other,Apartment/Condo,0,3.25,92,3,0,1,1,0,1,1,1,0,0,1,1,1
1089292467052111795,176.67,Entire home/apt,4,1,2,1,0,14.547326054462525,78744,Guesthouse/Guest suite,1,2.3333333333333335,1,10,0,1,0,0,1,1,0,1,1,1,1,1
800622169890243077,287.33,Entire home/apt,4,2,4,1,0,3.2715612579879405,78704,House,1,3.25,1,9,0,3,0,0,1,1,0,1,0,1,1,1
1505441757071807754,343,Entire home/apt,2,1,1,1,0,1.4177278493094418,78703,Guesthouse/Guest suite,0,0.6666666666666666,1,2,0,1,0,0,1,1,0,0,0,0,1,1
15453731,144.93,Entire home/apt,2,1,1,1,0,4.623848037792473,78751,House,0,1.5,1,21,0,1,0,0,1,0,0,1,0,0,0,1
553939726410142110,347.38,Entire home/apt,16,6,11,3,0,18.823192247308448,78729,House,1,3.3333333333333335,8,17,0,2,1,1,1,1,0,1,0,1,1,1
1076275109620097124,335,Entire home/apt,6,4,4,2.5,0,14.573444389128621,78724,House,1,6.833333333333333,14,4,0,1,0,0,1,1,0,1,0,1,0,1
1161147137915001924,346.91999999999996,Entire home/apt,8,4,5,2.5,0,13.372478227752556,Other,House,1,3,3,54,0,1,0,0,1,1,0,1,0,1,1,1
1535227871684482410,212.33,Entire home/apt,4,2,2,2,0,10.563256133684643,78744,House,0,7.083333333333333,1,3,0,3,0,0,1,1,0,1,0,1,1,0
962449859889994741,2197,Entire home/apt,14,5,8,6,0,3.668175387704709,78704,House,1,11.083333333333334,9,0,0,1,1,0,1,1,0,1,1,1,1,1
49384908,255,Entire home/apt,4,2,3,1,0,7.929192723674991,78752,House,1,5.083333333333333,1,32,0,1,0,0,1,1,0,1,0,1,1,1
1642790194860985105,262.5,Entire home/apt,4,1,1,1,0,1.9622276656502613,78701,Apartment/Condo,1,2.3333333333333335,4,8,0,2,1,0,1,0,1,1,1,1,1,0
38726831,336,Entire home/apt,2,1,1,1,0,2.2451302319789206,78705,Apartment/Condo,0,7.833333333333333,1,2,0,1,1,0,1,1,0,1,0,0,0,1
1138411277263534424,125,Entire home/apt,2,1,1,1,0,1.4003820762886483,78702,Hotel-like,0,2.0833333333333335,42,4,0,1,1,0,1,0,0,0,0,0,1,1
854346834290244897,241,Private room,2,1,1,1,0,0.6465404865493488,78701,Hotel-like,0,3.25,92,1,0,1,1,0,1,0,1,0,0,1,1,1
45223807,178,Entire home/apt,6,2,3,1,0,3.385654955414803,78704,Apartment/Condo,0,7.166666666666667,18,55,0,1,0,0,1,1,0,1,0,1,1,1
857895687050303274,49.05,Private room,2,1,2,1,1,3.135401105995157,78704,House,0,8.583333333333334,9,2,0,2,0,0,1,0,0,1,0,1,0,1
30577487,157,Entire home/apt,4,2,2,2,0,3.8410803266719573,78741,House,1,9.5,2,6,0,2,0,0,1,1,0,1,0,1,0,1
23644254,456.67,Entire home/apt,12,4,9,3,0,1.8248539047285812,78702,House,1,13.75,5,8,0,3,0,0,1,1,0,1,0,1,0,1
1647349928441554501,164.33,Entire home/apt,4,2,2,1,0,3.936065009385001,78722,Apartment/Condo,0,0.16666666666666666,1,3,0,1,1,0,1,1,0,1,0,1,1,1
1674029405465400215,306,Entire home/apt,8,3,4,2.5,0,8.244003974364972,78744,House,0,0,1,0,1,1,0,0,1,1,0,1,0,1,0,1
734260635695300150,977.9,Entire home/apt,10,5,5,4.5,0,3.110658360577282,78705,House,0,12.833333333333334,1,0,0,1,1,0,1,1,0,1,0,0,1,0
910250,196.5,Entire home/apt,3,1,2,1,0,2.6178461370081503,78704,Guesthouse/Guest suite,1,13.25,2,9,0,2,0,0,1,1,0,0,0,1,0,0
41983088,111.5,Entire home/apt,4,1,2,1,0,5.592810871366659,78704,House,0,6.333333333333333,2,19,0,2,0,0,1,1,0,1,0,0,0,1
1295002354545859198,214.65,Private room,4,1,2,1,0,19.123293820033325,Other,Hotel-like,0,3.25,92,0,1,1,1,0,1,1,1,0,0,1,1,1
1564751390127557806,135.32000000000002,Entire home/apt,6,3,4,2,0,11.198598295099265,Other,House,0,2.1666666666666665,1,1,0,1,0,0,1,1,0,1,0,1,1,0
1611057716678469127,384.01,Entire home/apt,11,3,6,2.5,0,3.3958802941116337,78702,House,1,8.333333333333334,3,9,0,2,0,0,1,1,0,1,1,1,1,0
1528275024246035712,224.8,Entire home/apt,4,2,2,2.5,0,8.016961703055298,78752,House,0,3.9166666666666665,48,8,0,2,0,0,1,1,0,1,0,1,0,1
1083495170801513622,133,Entire home/apt,4,1,2,1,0,5.166582586973799,Other,Apartment/Condo,0,4,38,27,0,1,1,0,1,1,0,1,0,1,1,1
1532095234163144398,703,Entire home/apt,14,6,7,4,0,11.576846020965421,Other,House,1,9.75,33,2,0,1,0,1,1,1,0,1,0,1,0,1
1953384,306.5,Entire home/apt,2,1,1,1,0,23.981317029524984,Other,Unique/other,0,12.416666666666666,1,5,0,2,0,0,1,1,0,1,0,1,0,1
884053950341707573,115,Private room,1,1,1,1,1,18.366665872999757,Other,House,1,4.333333333333333,3,4,0,2,0,0,1,1,1,1,0,1,1,1
809425473813549519,203.5,Entire home/apt,2,1,1,1,0,1.4744886776517725,78703,Apartment/Condo,1,5.583333333333333,6,30,0,2,0,0,1,1,0,1,0,1,1,1
12813585,201.67,Entire home/apt,2,1,2,1,0,6.648039321056265,78745,Guesthouse/Guest suite,0,0.8333333333333334,1,1,0,3,0,0,1,1,0,0,0,0,1,0
1484810213597469785,865.6700000000001,Entire home/apt,10,5,5,3.5,0,13.596719873358971,Other,House,1,11,2,2,0,3,0,0,1,1,1,1,0,0,0,1
1111158091075903436,337.5,Entire home/apt,16,6,10,2.5,0,17.410349263859793,Other,House,1,4.583333333333333,5,29,0,2,1,1,1,1,0,1,0,1,0,1
1596739751354934017,137,Private room,2,1,1,1,0,17.07847693145371,Other,Apartment/Condo,0,0.3333333333333333,1,3,0,1,0,0,1,1,0,1,0,0,0,1
831414501926494776,160,Entire home/apt,2,1,1,1,0,14.39990285280789,78744,Guesthouse/Guest suite,1,8.833333333333334,1,11,0,2,0,0,1,1,0,1,0,1,0,1
1367036327212232809,251.2,Entire home/apt,6,2,3,1,0,2.6671386806550763,78704,House,1,2.8333333333333335,3,15,0,1,0,0,1,1,0,1,0,1,0,0
915949349413225423,479,Entire home/apt,16,5,13,2,0,2.5083933582331186,78703,House,0,14.5,2,0,0,1,0,0,1,1,0,1,0,1,1,1
1622004318603219562,768,Entire home/apt,14,5,8,4,0,1.3668597120006762,78702,House,1,10.333333333333334,41,8,0,1,1,1,1,1,1,1,0,1,1,1
831160777336985313,142.65,Entire home/apt,2,1,1,1,0,5.748812533563659,78741,Apartment/Condo,1,14.25,1,74,0,1,0,0,1,1,0,0,0,1,0,1
1114504856988158019,187,Entire home/apt,6,2,2,2.5,0,3.385067518881724,78702,House,0,4.416666666666667,2,44,0,2,0,0,1,1,0,1,1,0,0,1
1523074008000864676,200,Entire home/apt,7,3,5,2,0,2.773900984358042,78702,House,1,1.25,19,43,0,1,0,0,1,1,0,1,0,1,1,1
1613265357596979023,128,Entire home/apt,4,1,1,1,0,4.018805315547224,78751,Apartment/Condo,0,0.3333333333333333,4,9,0,2,0,0,1,1,0,1,0,1,1,1
1355325876806401309,761.37,Entire home/apt,12,5,7,4,0,3.7426340755636427,78702,House,1,4.416666666666667,6,14,0,1,1,0,1,1,0,1,0,1,1,1
1684968644304096443,220,Entire home/apt,5,2,2,2,0,10.527948384420093,78745,House,0,3.4166666666666665,5,4,0,2,0,0,1,1,0,1,0,0,0,0
1684851890986977221,40,Private room,1,1,1,1,1,3.636914069279562,78704,House,0,10.666666666666666,3,0,1,1,0,0,1,1,0,0,0,1,0,0
1596500611059318614,252.8,Entire home/apt,4,2,2,2,0,5.814131142402317,78704,Apartment/Condo,1,4.5,178,0,1,1,1,0,1,0,0,1,0,0,1,1
1585951413592382929,618.5,Private room,4,1,2,1,0,0.8405602294288547,78701,Hotel-like,0,0.6666666666666666,6,0,1,2,1,0,1,0,1,1,0,0,0,1
1424772623459427861,370,Entire home/apt,16,7,13,4,0,1.8639193308478004,78722,House,1,8.333333333333334,1,37,0,2,0,1,1,1,0,1,0,1,0,1
347654,628,Entire home/apt,7,3,3,2.5,0,4.210957053345636,78704,House,1,14.333333333333334,2,4,0,1,1,0,1,1,0,1,0,1,0,1
656434072510939831,394,Entire home/apt,6,2,3,2,0,2.001282731370991,78701,Apartment/Condo,1,9.75,7,48,0,1,1,0,1,0,1,1,1,1,0,1
1000797929335000571,817,Entire home/apt,8,3,4,2.5,0,13.058806074530983,Other,House,0,2.6666666666666665,1,0,0,3,1,0,1,1,0,1,0,1,0,1
42074207,120,Entire home/apt,2,1,1,1,0,11.5463097679257,Other,Guesthouse/Guest suite,1,6.333333333333333,1,45,0,1,0,0,1,1,0,0,0,1,0,0
24735383,236.8,Entire home/apt,6,2,4,2,0,4.112931055091058,78751,Guesthouse/Guest suite,1,7.75,1,17,0,2,0,0,1,1,0,1,0,1,0,1
1396812198516440354,346,Entire home/apt,6,3,3,3,0,5.963726099278374,78723,Apartment/Condo,0,1.0833333333333333,1,4,0,1,1,0,1,0,1,1,0,0,0,1
1111492099572510580,384,Entire home/apt,10,3,5,2,0,15.327582082520504,Other,House,1,4.666666666666667,1,12,0,1,0,1,1,1,0,1,0,1,1,1
707975399724103689,1198,Entire home/apt,4,1,2,1.5,0,3.4209328962859864,78704,House,0,3.75,1,0,1,2,0,0,1,1,0,1,0,0,0,1
1527551890452019621,115.2,Entire home/apt,2,1,2,1,0,6.875582837911596,78745,Guesthouse/Guest suite,1,0.6666666666666666,1,19,0,2,0,0,1,1,0,1,0,1,0,1
17387404,140.36,Entire home/apt,2,1,1,1,0,3.6335745160313873,78704,Guesthouse/Guest suite,1,14.583333333333334,1,65,0,1,0,0,1,1,0,0,0,0,0,1
11099786,272.74,Entire home/apt,9,3,6,2.5,0,3.8278837045647354,78704,House,1,11.916666666666666,1,49,0,2,0,0,1,1,0,1,0,1,1,1
1338829546966678124,250,Entire home/apt,3,1,1,1,0,2.1925972725187,78704,Apartment/Condo,0,5.583333333333333,10,4,0,1,1,0,1,1,1,1,0,1,1,1
1087935284309604900,478,Entire home/apt,4,2,4,2,0,24.30864597025124,78734,House,1,9,5,6,0,1,0,0,1,1,0,1,0,0,1,0
840830137540145526,82.24000000000001,Entire home/apt,3,1,2,1,0,2.121777717221652,78704,Apartment/Condo,0,0.16666666666666666,15,13,0,1,1,0,1,1,0,1,0,1,0,1
1613806270609856608,459.5,Entire home/apt,8,4,4,2,0,11.81009101338317,78758,House,0,0.3333333333333333,1,4,0,1,0,0,1,1,0,1,0,0,0,0
587888889833124888,260,Entire home/apt,10,4,4,2.5,0,15.540981058078767,78724,House,1,6.833333333333333,14,4,0,2,0,0,1,1,0,1,0,1,0,1
48425879,628,Entire home/apt,6,3,4,3,0,18.703158434802987,Other,House,0,6.083333333333333,2,3,0,1,0,0,1,1,0,1,0,1,1,0
1252093471555880402,290,Entire home/apt,12,4,6,2,0,5.7468452487275865,78741,House,1,4.166666666666667,20,95,0,1,1,0,1,1,0,1,1,1,0,1
717978224221566708,1062,Entire home/apt,16,4,9,4,0,25.845778595117334,78734,House,0,9.25,47,2,0,2,1,1,1,1,0,1,0,1,1,1
1508130470672650057,144.5,Entire home/apt,4,1,2,1,0,4.390726690231787,78741,Apartment/Condo,0,2.1666666666666665,2,9,0,2,0,0,1,1,0,1,0,1,1,1
54246345,155,Entire home/apt,3,1,2,1,0,2.895724503767919,78705,Apartment/Condo,1,2.0833333333333335,1,40,0,1,0,0,1,1,0,0,0,1,0,1
649890343586097157,166,Entire home/apt,2,1,1,1,0,22.625539713965743,78737,Guesthouse/Guest suite,0,3.6666666666666665,1,0,0,1,0,0,1,1,0,0,0,1,0,1
2989481,274.85,Entire home/apt,4,2,3,1,0,3.707235085650003,78704,House,1,12.083333333333334,9,17,0,1,0,0,1,1,1,1,0,0,1,1
702802891879233030,68.5,Private room,2,3,1,1,1,13.731351347713806,Other,House,1,9.583333333333334,3,5,0,1,0,0,1,0,0,1,0,0,0,0
1661074195499117986,125.6,Entire home/apt,2,1,1,1,0,5.814131142402317,78704,Apartment/Condo,1,4.5,178,0,1,1,1,0,1,0,0,1,0,0,1,1
13631037,221,Entire home/apt,4,2,3,2,0,7.981425499712802,78745,House,0,14.25,9,4,0,3,0,0,1,1,0,1,1,1,1,1
1482322304042958894,363.59,Entire home/apt,9,3,5,2.5,0,2.090780345408661,78702,House,1,12.583333333333334,4,15,0,1,0,0,1,1,0,1,0,1,1,1
1540020186055817259,300,Entire home/apt,10,4,5,2,0,15.201653302239851,78724,House,0,11.5,1,7,0,2,0,0,1,1,0,1,1,1,1,0
688204710902648318,744.5,Entire home/apt,8,4,5,3,0,10.961209199962058,Other,House,0,3.75,1,5,0,2,1,0,1,1,0,1,0,1,1,1
861748382551055399,405.12,Entire home/apt,6,3,3,2.5,0,12.393080885507183,Other,House,1,3,3,43,0,1,1,0,1,1,0,1,0,1,1,1
989237651915751533,331,Entire home/apt,8,3,3,2,0,9.382411625855104,78745,House,1,7.75,7,38,0,1,1,0,1,1,0,1,0,0,1,1
1612603937778971952,112.98,Private room,2,1,2,1,0,1.513560399735041,78705,Apartment/Condo,1,3.4166666666666665,5,25,0,1,0,0,1,1,0,1,0,0,0,1
1192211786624135126,150,Entire home/apt,4,1,2,1,0,13.38054685016721,Other,Apartment/Condo,0,4,38,9,0,1,1,0,1,1,1,1,0,1,1,1
1178912935006821554,163.10999999999999,Private room,4,1,2,1,0,0.9129054285019367,78702,Hotel-like,1,2,3,260,0,1,1,0,1,0,1,0,0,1,0,0
1517445861365552980,194.82000000000002,Entire home/apt,3,1,1,1,0,4.3045117465922065,78741,Apartment/Condo,0,1.3333333333333333,10,1,0,1,1,0,1,1,1,1,0,1,0,0
37052599,167,Entire home/apt,4,2,2,2,0,5.252621335772774,78704,House,0,6.333333333333333,1,0,0,2,0,0,1,1,0,1,1,0,0,1
718015324542589379,194,Entire home/apt,3,1,1,1,0,3.7095030396599613,78704,Guesthouse/Guest suite,1,8.333333333333334,1,9,0,2,0,0,1,1,0,1,0,1,0,1
53631833,852.58,Entire home/apt,10,4,6,2.5,0,21.476583177053268,Other,House,1,4.5,178,8,0,2,1,1,1,1,0,1,0,1,1,1
1118926841459931871,250.5,Entire home/apt,8,4,3,2.5,0,19.204050565231213,Other,House,0,4.5,3,10,0,5,0,0,1,1,0,1,0,1,1,1
1285575575690340147,362.74,Private room,6,2,3,2,0,0.7664078643162153,78701,Hotel-like,0,6.75,30,0,0,2,1,0,1,0,1,1,0,1,0,1
1091585467984114985,292.67,Entire home/apt,4,2,3,2,0,4.783219317650668,78704,Guesthouse/Guest suite,0,2.3333333333333335,1,7,0,3,0,0,1,1,0,1,0,0,0,1
1219029024645447987,236.5,Entire home/apt,7,4,4,2.5,0,20.99390801641439,78729,House,1,1.8333333333333335,1,28,0,2,0,0,1,1,0,1,0,1,0,1
20826811,145.5,Entire home/apt,2,1,1,1,0,3.8341534363769494,78704,Guesthouse/Guest suite,1,8.75,1,11,0,2,0,0,1,1,0,1,1,1,0,1
1664070872485815537,279,Entire home/apt,4,2,2,2,0,5.813581637426155,78704,Apartment/Condo,1,4.5,178,0,1,1,1,0,1,0,0,1,0,0,1,1
1050063868176012070,369,Entire home/apt,6,2,3,2,0,2.1254264622575265,78701,Apartment/Condo,1,8.833333333333334,38,5,0,1,1,0,1,0,1,1,1,1,1,1
49776582,288.5,Entire home/apt,8,3,4,2,0,9.944332974710017,78744,House,1,10.333333333333334,1,19,0,2,0,0,1,1,0,1,0,1,1,1
29096662,155,Private room,2,2,1,1,0,22.953294715439394,78737,House,0,7.666666666666667,1,7,0,1,1,0,1,1,0,1,0,1,0,1
1239118551758948461,200,Entire home/apt,8,3,6,2.5,0,9.19805226103195,78745,House,1,1.6666666666666665,1,99,0,1,0,0,1,1,0,1,0,1,1,1
1597596176664513853,83,Entire home/apt,1,1,1,1,0,7.93359211520203,78723,Unique/other,0,0.4166666666666667,1,9,0,1,0,0,1,1,0,0,0,0,0,1
1617489805638300726,406,Entire home/apt,6,3,4,2,0,14.565815629783533,78744,House,0,9.416666666666666,1,7,0,1,1,0,1,1,1,1,0,0,0,1
54380614,285,Entire home/apt,14,2,6,1,0,1.4699635106853535,78702,House,1,14.333333333333334,2,48,0,1,0,0,1,1,0,0,0,1,1,1
4764568,596,Entire home/apt,4,3,3,2.5,0,7.0799720133490265,78757,House,0,15.25,1,4,0,3,1,0,1,1,0,1,0,1,0,0
1687717925298463940,94,Entire home/apt,5,1,3,1,0,4.135890949742747,78751,Apartment/Condo,0,1.9166666666666665,4,0,1,1,1,0,1,1,0,1,0,1,1,1
963998650343727515,105.47,Private room,4,2,2,1,0,15.111559077392478,Other,House,0,8.083333333333334,3,0,0,7,0,0,1,1,0,0,0,0,0,1
844957615074043387,193,Entire home/apt,4,1,2,1,0,1.6130436936182249,78703,Hotel-like,1,3.6666666666666665,30,0,1,2,1,0,1,0,1,1,0,1,0,1
708815216592672796,427,Entire home/apt,10,5,5,4,0,3.0613699343155485,78704,House,1,9.916666666666666,5,27,0,1,1,0,1,1,0,1,0,1,1,1
1619248180962725720,126,Entire home/apt,3,1,1,1,0,4.740069172841612,78741,Apartment/Condo,1,1,8,21,0,1,0,0,1,1,0,0,0,0,0,1
1218907783262907650,336,Entire home/apt,6,3,3,2.5,0,7.579095596743178,78752,House,1,1.8333333333333335,1,31,0,1,1,1,1,1,0,1,0,1,0,1
612533930369064799,352.06,Entire home/apt,5,2,2,1,0,22.166615571056244,78737,House,0,4.083333333333333,1,7,0,2,0,0,1,1,0,1,0,1,1,0
1247001792062805838,196,Entire home/apt,2,1,1,1,0,2.0142914930362426,78702,Guesthouse/Guest suite,1,1.5833333333333335,1,33,0,2,0,0,1,1,0,1,0,1,0,1
1470568492153995773,192.33,Entire home/apt,2,1,1,1,0,2.1781896558677234,78703,Apartment/Condo,1,3.75,3,8,0,1,0,0,1,1,0,0,0,1,0,1
48691651,322,Entire home/apt,4,2,3,2,0,2.067461577977341,78702,House,1,12.333333333333334,1,16,0,2,0,1,1,1,0,1,0,0,0,1
842716380572687295,254,Entire home/apt,5,2,3,2.5,0,6.400222430991407,78757,House,0,0.4166666666666667,1,19,0,1,0,0,1,1,0,1,1,1,1,1
1654421679351465251,265,Entire home/apt,6,2,3,1.5,0,2.1514205560675537,78701,Apartment/Condo,0,5.166666666666667,23,5,0,1,1,0,1,0,1,1,1,1,0,1
1562504323941198369,920,Entire home/apt,6,3,4,2,0,26.25296260507589,78734,Apartment/Condo,0,6.5,5,0,1,1,1,1,1,1,0,1,0,1,0,0
1367452062228680701,364.5,Entire home/apt,12,5,6,3,0,9.619970328056514,78745,House,1,8,5,31,0,1,1,0,1,1,0,1,0,1,1,1
1546763959815731260,417.33,Entire home/apt,8,4,5,2,0,13.785171304145456,78753,House,1,0.5833333333333334,1,13,0,3,0,0,1,1,0,1,0,1,0,0
604613792795053730,436.5,Entire home/apt,10,4,6,2,0,2.556067382686356,78704,House,0,9.25,47,6,0,2,0,0,1,1,0,1,0,1,0,1
647865170934883835,341.5,Entire home/apt,4,1,2,1,0,0.6090721731168531,78701,Apartment/Condo,0,7.583333333333333,1,1,0,2,1,0,1,1,1,1,0,0,0,0
8668966,108.66999999999999,Entire home/apt,2,1,1,1,0,25.675019716943304,78737,Unique/other,1,10.666666666666666,1,10,0,3,0,0,1,1,0,0,0,1,0,1
1146457007877088193,207.2,Entire home/apt,4,1,2,1,0,0.6077252737126855,78701,Apartment/Condo,0,2.0833333333333335,1,30,0,1,0,0,1,1,0,1,0,0,0,1
1167317553037195833,313,Entire home/apt,4,1,2,1,0,2.031239973204237,78701,Apartment/Condo,1,4.666666666666667,47,22,0,1,1,0,1,0,1,1,1,1,0,1
1496008280358884860,267.5,Entire home/apt,6,3,3,2.5,0,7.956021788136923,78745,House,0,0.75,1,17,0,2,0,0,1,1,0,1,0,1,1,1
1646451807029981757,207,Entire home/apt,2,1,1,1,0,2.652291807781503,78702,House,0,0.3333333333333333,3,13,0,1,0,0,1,0,0,1,0,1,1,1
867579611782687206,173,Entire home/apt,2,1,1,1,0,1.5100861004876407,78705,Apartment/Condo,1,4.666666666666667,4,15,0,1,0,0,1,1,0,1,0,1,1,1
1399469681791197874,233,Entire home/apt,5,2,2,1,0,8.024283467160156,78752,House,1,1.1666666666666667,2,21,0,2,0,0,1,1,0,1,1,1,1,1
1285253059732987957,155,Entire home/apt,4,1,2,1,0,5.933459792339584,78741,Apartment/Condo,0,1.6666666666666665,1,0,1,1,1,0,1,0,0,1,0,1,0,0
1344297929476982648,148.41,Entire home/apt,3,1,1,1,0,4.364432693927071,78741,Apartment/Condo,0,1.3333333333333333,10,4,0,1,1,0,1,1,1,1,0,1,1,1
1373552159991750565,205.5,Entire home/apt,5,2,4,1,0,25.894484622289692,78737,Unique/other,1,9.916666666666666,1,25,0,3,0,0,1,1,0,0,0,0,0,1
17219191,197,Entire home/apt,4,2,2,2,0,1.6788256288165047,78702,House,1,14.333333333333334,9,11,0,1,0,1,1,1,0,1,0,1,0,1
32635384,215,Entire home/apt,5,2,2,2,0,12.242348288152417,Other,House,1,7.5,2,27,0,1,0,0,1,1,0,0,0,0,1,1
1127028185356508014,296,Entire home/apt,2,1,1,1,0,1.9918181302655795,78701,Apartment/Condo,0,4.833333333333333,1,28,0,1,1,0,1,0,0,1,0,0,0,1
1441329120847147508,370.67,Private room,4,1,2,1,0,0.6761152322441384,78701,Hotel-like,0,3,60,0,1,3,1,0,1,0,1,1,0,0,0,0
42866299,167,Entire home/apt,4,2,2,1,0,2.325204793774807,78702,House,0,6.25,1,74,0,1,0,1,1,1,0,0,0,1,0,1
41772133,742,Entire home/apt,6,2,3,2,0,0.7680296324253173,78701,Apartment/Condo,0,12.083333333333334,3,0,0,2,1,0,1,1,1,1,0,0,0,1
45087904,644,Entire home/apt,14,4,7,3.5,0,2.37624157323174,78702,House,0,9.25,47,8,0,2,1,0,1,1,0,1,0,1,0,1
2521003,188.5,Entire home/apt,2,1,1,1,0,2.6243497498223536,78704,Guesthouse/Guest suite,1,12.25,1,13,0,2,0,0,1,1,0,1,0,0,1,0
1463258950346052527,183.67,Entire home/apt,4,2,2,1,0,5.961426508592521,78723,House,0,1.75,4,5,0,3,0,0,1,1,0,1,0,0,1,1
46255897,177,Entire home/apt,6,2,3,1,0,3.30515360447392,78702,Guesthouse/Guest suite,1,12.333333333333334,2,31,0,2,0,0,1,1,0,0,0,0,0,1
21622623,58.120000000000005,Entire home/apt,2,1,1,1,0,6.358937795766736,78741,Guesthouse/Guest suite,1,10.416666666666666,1,5,0,3,1,0,1,1,0,1,0,1,1,1
721219964805193336,252,Entire home/apt,8,2,4,1.5,0,2.0168739994659255,78701,Apartment/Condo,1,4.166666666666667,20,74,0,1,1,0,1,0,1,1,1,1,0,1
1687997483487983439,406,Entire home/apt,4,1,2,1,0,2.084423791144483,78701,Apartment/Condo,0,0.08333333333333333,1,2,0,1,1,0,1,1,1,1,1,1,1,1
1330617469612514385,370.88,Entire home/apt,8,3,3,2.5,0,2.8289147616247687,78704,House,0,9.333333333333334,47,9,0,1,1,0,1,1,0,1,0,0,0,1
1629258998600571616,481.5,Entire home/apt,8,4,5,4,0,5.291979174174451,78746,House,1,3.75,2,0,1,2,0,0,1,1,0,0,0,0,0,0
1154296099568409014,1005,Entire home/apt,16,8,16,7.5,0,2.0168739994659255,78701,Apartment/Condo,1,4.166666666666667,20,4,0,1,1,0,1,0,1,1,1,1,0,1
1006725232625192894,280,Entire home/apt,3,1,1,1,0,22.584739929130112,78734,Unique/other,0,2.75,4,18,0,1,0,1,1,1,0,1,0,1,1,1
1691001164490796605,432,Entire home/apt,16,6,10,4,0,4.095287827112,78702,House,1,4.083333333333333,12,5,0,1,1,1,1,1,0,1,1,1,0,1
978916552900280498,142,Entire home/apt,2,1,1,1,0,4.328314319030752,78751,Apartment/Condo,0,2.75,4,10,0,1,1,0,1,1,0,1,0,1,1,1
649890371316134245,295.5,Entire home/apt,6,3,3,2.5,0,23.70434704254118,78734,House,1,10.333333333333334,12,7,0,2,0,0,1,1,0,1,0,1,1,1
626143042203717921,180,Entire home/apt,2,1,1,1.5,0,3.7501921479760676,78751,House,1,4.083333333333333,1,46,0,2,0,0,1,1,0,1,0,1,1,1
1285648231904114292,322.39,Private room,4,1,2,1,0,0.7798704764585049,78701,Hotel-like,0,6.75,30,0,1,2,1,0,1,0,1,1,0,1,0,1
57187,141.31,Entire home/apt,6,1,3,1,0,3.4185154340818142,78704,Guesthouse/Guest suite,1,15.416666666666666,2,31,0,1,0,0,1,1,0,0,0,1,0,0
895682396928370349,485,Entire home/apt,12,6,7,3,0,9.430234663273763,78724,House,1,3.75,1,30,0,1,0,0,1,1,0,1,0,1,1,1
1130765187830555898,603.69,Entire home/apt,6,3,2,2,0,9.205253539968021,78745,House,0,2.1666666666666665,1,1,0,2,1,1,1,1,0,0,0,1,0,0
1599861713970729422,224,Entire home/apt,4,1,2,1,0,17.771570856666337,Other,Apartment/Condo,1,0.4166666666666667,1,13,0,1,1,0,1,1,1,1,1,1,1,1
590765764255326899,257,Entire home/apt,13,5,8,3,0,5.167898007420936,78721,House,1,4.916666666666667,11,51,0,1,0,0,1,1,0,1,0,1,0,1
832150614641137573,381.67,Entire home/apt,8,3,3,2,0,1.3550773181732443,78702,House,1,9.75,3,38,0,3,0,0,1,1,0,1,0,1,1,1
1311057153931720622,454,Entire home/apt,10,4,10,2,0,4.277685544530521,78704,House,1,3.8333333333333335,2,23,0,1,1,1,1,1,0,1,0,0,1,1
1200204300991323037,254.14,Entire home/apt,6,2,3,1,0,2.1700032688183133,78704,Apartment/Condo,0,2.1666666666666665,19,12,0,1,1,0,1,1,0,1,0,1,1,1
943543081962379704,1266,Entire home/apt,10,4,6,4,0,4.1408741715845645,78703,House,0,10.916666666666666,40,12,0,1,1,0,1,1,0,1,0,1,0,1
52246175,324,Entire home/apt,8,3,3,2,0,14.96755693558627,Other,House,0,4.75,1,7,0,2,0,0,1,1,0,1,0,1,0,1
722381964292649671,550,Entire home/apt,8,3,3,2,0,9.463379141472675,78724,House,0,2.25,1,0,0,2,0,0,1,1,0,1,0,1,1,1
919850725493166224,370.5,Entire home/apt,6,3,3,2,0,4.449813743551619,Other,House,0,2.9166666666666665,1,0,0,2,1,0,1,1,0,1,0,1,0,1
1435409107633927181,280,Entire home/apt,2,1,1,1,0,7.419088282282264,Other,Apartment/Condo,0,1,1,5,0,1,1,0,1,1,0,1,0,1,0,0
1511983356217744887,155,Entire home/apt,4,1,2,1,0,1.8382571851295346,78705,Apartment/Condo,0,6.916666666666667,25,6,0,1,0,0,1,0,0,1,0,0,0,0
36072039,233,Entire home/apt,4,3,2,1,0,6.597086459621522,78752,House,1,9.166666666666666,2,26,0,2,0,0,1,1,0,1,0,1,0,1
7345104,810.5,Entire home/apt,14,4,7,3.5,0,3.2989809178186507,78704,House,1,12,17,12,0,1,0,0,1,1,0,1,0,0,0,1
1173173551104256593,456.67,Entire home/apt,2,1,1,1,0,3.741516589083066,78704,Guesthouse/Guest suite,0,2,1,0,0,3,1,0,0,0,0,0,0,0,0,0
1244278382559513972,165.67,Entire home/apt,4,1,2,1,0,2.5720054015773863,78702,Guesthouse/Guest suite,0,13.833333333333334,1,20,0,2,0,0,1,1,0,1,1,0,1,1
1043341678191802981,149,Entire home/apt,4,1,2,1,0,10.499651804483022,78745,Unique/other,0,13.666666666666666,1,0,0,1,0,0,1,1,0,0,0,1,0,0
44892708,277.5,Entire home/apt,6,3,4,2,0,13.268679328895965,78758,House,1,5.75,2,19,0,2,1,0,1,1,0,1,0,1,1,1
1541487422655804179,116,Hotel/shared room,2,1,1,1,0,14.737860710382387,78758,Hotel-like,0,1,22,6,0,1,1,0,1,1,1,0,0,1,1,1
1389056399283826784,256,Entire home/apt,8,3,4,2.5,0,18.910585859173644,78729,House,0,0.5,1,9,0,1,0,0,1,1,0,1,0,0,1,1
36766311,229,Private room,7,3,3,1,1,12.902442287067382,Other,House,0,7,2,0,0,1,1,0,1,1,0,1,0,0,0,0
1166543697040921446,451,Entire home/apt,8,3,4,2.5,0,2.4546810167806137,78703,House,1,10.416666666666666,23,38,0,1,0,0,1,1,0,1,0,1,1,1
1512367863408419291,148,Entire home/apt,3,1,2,1,0,4.383129549835221,78751,Apartment/Condo,0,0.6666666666666666,1,33,0,1,0,0,1,1,0,1,0,1,0,1
1658094517449514295,146.4,Entire home/apt,4,1,2,1,0,5.814131142402317,78704,Apartment/Condo,1,4.5,178,0,1,1,1,0,1,0,0,1,0,0,1,1
23304367,173,Entire home/apt,6,2,3,1,0,5.82335785432189,78741,Apartment/Condo,1,11.083333333333334,23,55,0,1,0,0,1,1,0,1,0,1,0,1
1205023401871918101,155.67,Entire home/apt,4,1,1,1,0,4.1608733889324085,78741,Apartment/Condo,0,8.666666666666666,53,16,0,1,1,0,1,1,0,1,1,1,1,1
919672320705687051,431.5,Entire home/apt,4,1,2,1,0,1.7081852564026527,78703,Apartment/Condo,1,5.666666666666667,2,0,0,2,1,0,1,0,0,1,0,1,0,0
1037007054090781162,294.33,Entire home/apt,4,2,2,1,0,5.378697923253929,78704,House,0,4.75,7,3,0,3,0,0,1,1,0,1,0,1,1,1
734041380297708967,662.5,Entire home/apt,8,3,4,2.5,0,26.909597949822373,78737,House,1,8.583333333333334,2,0,0,2,0,0,1,1,0,1,0,1,1,1
1615456100976486284,169,Entire home/apt,2,1,1,0,0,1.4248544835513015,78702,Apartment/Condo,0,2.0833333333333335,42,0,1,1,1,0,1,0,1,0,0,0,1,1
1434950598479671371,161,Entire home/apt,6,1,2,1,0,6.582381668261322,78745,Apartment/Condo,0,1.75,8,26,0,1,1,0,1,1,0,1,0,1,1,1
776153134129479283,442.25,Entire home/apt,6,3,4,2.5,0,10.0594409023022,Other,House,1,3.5,1,12,0,4,1,0,1,1,0,1,0,1,0,1
1404351115138059962,370.67,Private room,4,1,2,1,0,0.7179317922215309,78701,Hotel-like,0,3,60,0,1,3,1,0,1,1,1,1,0,0,0,0
48353761,1746,Entire home/apt,4,2,2,1.5,0,4.9263184624265515,78741,Apartment/Condo,0,5.416666666666667,2,0,0,2,0,0,1,1,0,0,0,0,0,1
1668884497162012909,80,Entire home/apt,2,1,1,1,0,9.33213361832223,78744,Guesthouse/Guest suite,0,4.25,1,8,0,1,0,0,1,1,0,1,0,0,0,1
501861,305.5,Entire home/apt,4,2,2,1,0,2.4596370165667913,78704,Guesthouse/Guest suite,1,14,3,23,0,2,0,0,1,1,0,1,0,0,0,1
1690106005713948187,183,Private room,2,1,1,1,0,14.48632179247037,78724,Apartment/Condo,0,0.08333333333333333,1,0,1,1,1,0,1,1,0,1,0,0,0,0
968243460291763755,450,Entire home/apt,16,5,8,3,0,6.52056409763005,78723,House,1,2.75,12,37,0,1,1,0,1,1,0,1,0,1,0,1
1404361519334808254,231.28,Entire home/apt,2,1,1,1,0,3.554925639292244,78704,Guesthouse/Guest suite,1,8.833333333333334,1,47,0,2,0,0,1,1,0,0,0,1,0,1
1482766259817812879,137.3,Entire home/apt,4,2,2,1,0,3.873143025079948,78751,House,0,1.75,4,3,0,3,0,0,1,1,0,1,0,1,1,1
1528413843831834077,309,Entire home/apt,4,2,3,1.5,0,14.412570144020181,Other,Apartment/Condo,1,0.6666666666666666,2,13,0,1,0,0,1,1,0,0,0,0,0,1
54004445,184.5,Entire home/apt,2,1,1,1,0,2.6723320900751286,78705,Guesthouse/Guest suite,1,14.25,1,25,0,2,0,0,1,1,0,0,0,1,0,0
791948010727788012,239.65,Entire home/apt,4,2,3,1,0,7.590342095999263,78745,House,0,3.75,2,12,0,1,0,0,1,1,0,1,0,0,1,1
730196221845706622,308.5,Entire home/apt,10,4,5,3.5,0,9.613441197247399,78724,House,1,3.5833333333333335,1,40,0,1,0,1,1,1,0,1,0,0,1,1
646285532012585512,355,Entire home/apt,5,2,2,2,0,4.21295321162903,78704,House,1,4,1,17,0,2,0,0,1,1,0,1,1,0,0,1
979688191395461758,195.5,Entire home/apt,4,2,2,2,0,6.9841111485431515,78745,House,0,4.25,37,14,0,2,0,0,1,1,0,1,0,1,1,1
49367684,132.57,Entire home/apt,4,1,2,1,0,22.06108176734127,78734,Unique/other,0,5.166666666666667,1,0,0,7,0,0,1,1,0,1,0,1,1,0
1267637475285086147,101.39,Entire home/apt,6,2,2,2,0,2.1361387231116638,78702,Apartment/Condo,1,1.6666666666666665,1,17,0,1,0,0,1,1,0,1,0,1,1,1
685529181499073927,371,Entire home/apt,4,2,2,1,0,3.0637702492546164,78704,House,0,3.8333333333333335,1,1,0,2,0,0,1,1,0,1,0,1,0,1
48134851,741,Entire home/apt,10,4,6,3.5,0,4.3707443732773985,78704,House,1,9.25,1,36,0,1,0,0,1,1,0,1,1,1,1,1
1685053296775376652,126.33,Entire home/apt,5,2,2,2,0,5.765078562209316,78746,Apartment/Condo,0,0.08333333333333333,1,1,0,3,1,1,1,1,0,1,0,0,0,0
571677283584468521,290.5,Entire home/apt,6,3,3,2,0,3.688034771124763,78704,House,1,8.916666666666666,2,36,0,2,0,0,1,1,0,1,0,1,0,1
1604787190582237867,140.33,Entire home/apt,3,1,1,1,0,1.8251062943001315,78705,Apartment/Condo,0,0.25,1,4,0,2,0,0,1,1,0,0,0,0,0,1
878129459060139239,452,Entire home/apt,6,3,4,2,0,6.407701949188402,78723,House,1,5.333333333333333,11,21,0,2,0,0,1,1,0,1,0,1,1,1
547868867101550720,214,Entire home/apt,4,2,2,1,0,5.881406120736192,78741,House,1,3.8333333333333335,1,8,0,1,0,0,1,1,0,1,0,1,0,1
679022714102876068,1438,Entire home/apt,6,3,2,3,0,6.414394171725502,78741,House,0,3.75,1,0,1,3,0,0,1,1,0,1,0,1,0,0
631354339059807503,200.33,Entire home/apt,6,2,4,1,0,7.442404466148844,78752,House,0,3.6666666666666665,1,5,0,3,0,0,1,1,0,1,0,1,0,1
569563479325968707,182.5,Entire home/apt,2,1,1,1,0,4.963490470076727,78704,Unique/other,1,11.583333333333334,3,4,0,2,1,0,1,1,0,1,0,1,0,1
574788023827011065,208.07,Entire home/apt,4,1,2,1,0,2.034456987676643,78701,Apartment/Condo,1,4.5,178,1,0,2,1,0,1,1,1,1,1,1,1,1
592250778925785108,398,Entire home/apt,7,3,4,2,0,12.713302344117453,Other,House,1,4.25,4,28,0,1,1,0,1,1,0,1,0,1,0,1
208897,289,Entire home/apt,6,3,3,1,0,4.100630303735038,78702,House,1,14.333333333333334,1,18,0,3,0,0,1,1,0,1,0,1,0,1
1371343336167940947,386,Entire home/apt,8,3,3,2,0,11.555632874508685,Other,House,1,9.75,33,35,0,1,0,1,1,1,0,1,0,1,0,1
738454498156740941,387,Entire home/apt,9,4,5,3,0,25.907786387396108,Other,House,0,3.6666666666666665,1,5,0,5,1,0,1,1,0,1,0,1,1,0
1059510719378936896,152.35000000000002,Entire home/apt,2,1,1,1,0,4.961227046569305,78751,Guesthouse/Guest suite,1,3.8333333333333335,2,32,0,1,0,0,1,1,0,1,0,1,1,1
778370358360742174,216,Entire home/apt,2,1,1,1,0,5.360385071292008,78741,Unique/other,1,10.333333333333334,1,29,0,1,0,0,1,1,0,0,0,1,0,1
1173524563808539694,349.5,Entire home/apt,8,3,3,2,0,5.680817637920663,78704,House,1,2,1,23,0,2,0,0,1,1,0,1,0,1,0,1
1234390433913802614,1626.33,Entire home/apt,8,3,3,4,0,3.417297832934749,78704,House,0,7.833333333333333,2,0,1,3,1,1,1,1,1,1,1,1,0,1
51290219,107.27,Entire home/apt,2,1,1,1,0,4.069146676567679,78751,Unique/other,1,8.666666666666666,2,65,0,2,0,0,1,1,0,0,0,1,1,0
53307294,194,Entire home/apt,6,2,3,1,0,18.303015257224256,Other,Guesthouse/Guest suite,0,4.583333333333333,1,1,0,2,0,0,1,1,0,0,0,0,0,0
53061430,171.63,Entire home/apt,6,2,5,2,0,16.019111484605368,78758,House,0,10.083333333333334,2,6,0,5,0,0,1,1,0,1,0,1,1,1
1588052908866270096,176.88000000000002,Entire home/apt,6,3,3,2,0,13.91490925440864,78758,House,0,1.5,1,22,0,2,0,0,1,1,0,0,0,0,1,0
35870872,358,Entire home/apt,4,1,2,1,0,0.9611003592196552,78701,Apartment/Condo,1,10.833333333333334,4,2,0,1,1,0,1,0,1,1,0,0,0,1
568707065652630388,514,Entire home/apt,7,3,3,2,0,14.02249528583886,78744,House,0,4.166666666666667,1,5,0,1,0,0,1,1,0,1,0,0,0,1
1538547581653247300,470.5,Entire home/apt,14,5,9,3,0,17.462552991745987,78737,House,1,0.5833333333333334,1,18,0,1,1,1,1,1,0,1,0,1,1,1
864638323922330066,107,Private room,4,1,2,1,0,13.184981871802915,Other,Hotel-like,0,3.25,92,2,0,1,1,0,1,0,1,0,0,1,1,1
1591275736927423387,294.65000000000003,Entire home/apt,6,3,4,1,0,3.2013240394352107,78722,House,0,0.4166666666666667,1,1,0,2,0,0,1,1,0,1,0,1,1,1
1273387503192325841,519.5,Entire home/apt,14,5,10,3.5,0,1.3616751916105634,78703,House,1,1.6666666666666665,6,27,0,2,0,0,1,1,0,1,0,1,1,1
51690679,1722.5,Entire home/apt,10,3,8,2,0,2.5166775751469217,78704,House,1,12.25,5,2,0,2,1,1,1,1,0,1,0,1,0,1
1139594918368352976,520.4,Entire home/apt,7,2,3,2.5,0,5.232985764522836,78704,House,0,2.1666666666666665,1,11,0,5,0,0,1,1,0,1,1,1,1,1
1669592677758855588,1143.6699999999998,Hotel/shared room,2,1,1,1,0,1.9756706334360723,78704,Hotel-like,0,0.16666666666666666,47,0,1,1,1,0,1,0,1,0,1,1,1,1
27082674,257,Entire home/apt,6,3,2,2,0,2.94265284153776,78703,House,0,0,1,0,1,1,0,0,1,1,0,1,0,0,1,1
24993347,285,Entire home/apt,10,3,3,1,0,7.318735670058907,78745,House,0,8.083333333333334,1,2,0,1,0,0,1,1,0,1,0,0,0,1
1095623016277090382,445,Entire home/apt,8,3,5,2,0,12.92912540842649,Other,House,1,10.333333333333334,41,19,0,1,1,1,1,1,0,1,0,1,0,1
1227262470875829866,658,Entire home/apt,15,4,9,3.5,0,5.976095652074496,78721,House,1,1.8333333333333335,1,9,0,1,0,0,1,1,0,1,1,1,0,1
1669636973400480297,1456,Hotel/shared room,2,1,1,1,0,1.9752223417939487,78704,Hotel-like,0,0.16666666666666666,47,0,1,1,1,0,1,0,1,0,1,1,1,1
44588257,284,Entire home/apt,2,1,1,1,0,2.9832073220213773,78704,Unique/other,0,8.166666666666666,1,27,0,2,0,1,1,1,0,0,0,1,1,1
963217785379491056,202,Entire home/apt,4,2,2,1,0,13.221153403564626,78758,House,0,3.75,2,19,0,2,0,0,1,1,0,1,0,1,1,1
1660323503655102902,292.4,Entire home/apt,2,1,1,1,0,5.814131142402317,78704,Apartment/Condo,1,4.5,178,0,1,1,1,0,1,0,0,1,0,0,1,1
40173703,351,Entire home/apt,10,3,6,2.5,0,2.8990517748080022,78702,House,1,12.333333333333334,3,10,0,3,0,0,1,1,0,1,0,1,0,1
1484939179932245040,189,Entire home/apt,6,3,3,1.5,0,8.799783557235356,78745,House,1,1.0833333333333333,1,20,0,2,0,0,1,1,0,1,0,0,0,1
1338562187907831023,342.5,Entire home/apt,4,2,2,1,0,21.34004586350099,78734,Unique/other,1,6.833333333333333,1,55,0,2,0,1,1,1,0,1,0,0,0,1
1395145420609325913,290,Entire home/apt,16,4,8,3.5,0,7.230204143565503,78723,House,0,3.75,31,62,0,1,0,0,1,1,0,1,0,1,0,1
579180367165080022,251,Entire home/apt,6,3,3,2,0,7.287739392678515,78723,House,1,11.416666666666666,1,6,0,3,0,0,1,1,0,1,0,1,0,1
1448553277785574138,242,Private room,4,2,2,1,0,1.4556828485046809,78702,Unique/other,1,1.8333333333333335,36,5,0,1,0,0,1,0,0,1,0,1,0,0
32161243,142,Entire home/apt,6,2,2,1,0,7.825280214257348,78757,Apartment/Condo,1,7.916666666666667,6,16,0,1,0,0,1,1,0,0,0,1,0,1
20994703,294,Entire home/apt,6,3,3,2,0,5.51872956262126,78741,House,1,10.083333333333334,1,2,0,2,0,1,1,1,0,1,0,1,1,1
1411979635641537228,103.85,Entire home/apt,3,1,1,1,0,14.910189334312953,Other,Apartment/Condo,0,1.0833333333333333,1,3,0,2,0,0,1,1,0,1,1,0,0,1
21026388,188,Entire home/apt,2,1,1,1,0,3.2657302349879256,78702,Unique/other,1,14.333333333333334,9,65,0,1,0,0,1,1,0,1,0,1,0,1
1624148860712677550,186.01,Entire home/apt,4,2,2,1,0,1.6002500632642527,78703,House,0,0.3333333333333333,1,1,0,2,0,0,1,1,0,1,0,1,1,0
1643700183968338994,94,Entire home/apt,6,2,3,1,0,10.213384153435427,78744,House,1,8.25,35,0,1,1,0,0,1,1,0,1,0,0,0,0
48449085,312.27,Entire home/apt,7,2,3,1,0,2.667274179499317,78722,House,1,5.25,2,13,0,1,0,0,1,1,0,1,0,1,1,1
1441356530688240250,416.33,Private room,6,2,3,2,0,0.8536069398149599,78701,Hotel-like,0,3,60,0,1,3,1,0,1,0,1,1,0,0,0,0
978362603986870331,660.5,Entire home/apt,10,4,6,2.5,0,2.9891239177839384,78722,House,1,2.75,1,20,0,1,0,1,1,1,0,1,0,1,0,1
22181357,436,Entire home/apt,6,3,3,2,0,1.2693315920691899,78702,House,1,11.25,9,20,0,2,0,0,1,1,0,1,0,1,0,1
1260187526045589862,314,Entire home/apt,8,4,4,3.5,0,3.4321196229102657,78702,House,1,1.3333333333333333,1,26,0,2,0,0,1,1,0,1,0,1,0,1
1703323686534031903,165,Private room,1,1,1,1,0,5.706568799971488,78746,House,0,5.916666666666667,23,0,1,1,0,0,1,1,0,0,0,1,0,1
899986525189066397,137.5,Entire home/apt,4,1,1,1,0,1.5100807570169619,78705,Apartment/Condo,1,4.666666666666667,4,17,0,2,0,0,1,1,0,1,0,1,1,1
1202081001393900500,695.5,Entire home/apt,12,2,6,2,0,26.178342570712992,78737,House,0,1.75,2,26,0,2,1,1,1,1,0,1,0,1,0,1
1644401553594361417,156,Entire home/apt,5,2,3,2,0,7.867876253390092,78723,Apartment/Condo,0,6.833333333333333,43,20,0,1,1,0,1,1,1,1,0,1,0,1
1513203786114560886,384,Entire home/apt,8,3,4,2,0,5.456309213053072,78704,House,0,9.25,47,4,0,2,0,0,1,1,0,1,0,1,0,1
695718136075127698,570,Entire home/apt,8,3,4,2,0,1.7618218410005513,78702,House,1,3.3333333333333335,1,110,0,1,1,1,1,1,0,1,0,1,0,1
28640193,142.65,Entire home/apt,2,1,1,1,0,3.1389202755708374,78702,Unique/other,1,7.75,2,54,0,1,0,0,1,1,0,0,0,1,0,1
1453724842324752389,171,Entire home/apt,16,2,4,2,0,1.6437423483346814,78705,Apartment/Condo,1,0.9166666666666666,9,15,0,1,0,1,1,1,0,1,0,0,0,1
1532673174586725247,250,Entire home/apt,6,1,3,1,0,1.9415292996086222,78703,House,0,9.25,47,3,0,2,0,0,1,1,0,1,0,1,0,1
569616696803759668,359.5,Entire home/apt,6,3,3,2.5,0,4.635959103829055,78723,House,0,10.333333333333334,2,0,0,2,0,0,1,1,0,1,0,1,1,0
49116798,474,Entire home/apt,6,3,3,2,0,3.7068099730146455,78704,House,0,10.916666666666666,40,21,0,1,0,0,1,1,0,1,0,1,0,1
1270005521766230328,610,Entire home/apt,4,2,2,1,0,7.718753711055194,78757,House,0,10.75,2,5,0,2,0,0,1,1,0,0,1,1,0,1
44334720,298,Entire home/apt,4,1,2,1,0,1.1544086236025597,78701,Apartment/Condo,0,9.833333333333334,28,180,0,1,1,0,1,0,1,1,1,1,1,1
610830274629233687,290,Entire home/apt,7,3,3,2,0,12.215472087645901,Other,House,0,4.916666666666667,1,10,0,1,0,0,1,1,0,1,0,1,1,1
22843720,1084.5,Entire home/apt,8,4,4,3.5,0,4.997051686064512,78704,House,0,8.416666666666666,1,8,0,2,1,1,1,1,1,1,0,1,0,1
685526072540174911,198.57,Entire home/apt,8,4,5,3,0,9.069666499873449,78744,House,1,4.666666666666667,1,34,0,2,0,0,1,1,0,1,0,1,0,1
834223604243960752,1095,Entire home/apt,16,5,9,4.5,0,1.638837908866889,78702,House,1,4.833333333333333,4,2,0,1,1,1,1,1,0,1,0,1,1,1
675351063989042906,209.98000000000002,Entire home/apt,6,2,2,1,0,1.7716962453902672,78705,Apartment/Condo,1,3.8333333333333335,1,31,0,1,0,0,1,1,0,1,0,1,1,1
54404425,132,Entire home/apt,2,1,1,1,0,2.1516606855618217,78702,House,1,7.166666666666667,23,42,0,2,0,0,1,1,0,1,0,1,0,1
899296976223154209,151.5,Entire home/apt,2,1,1,1,0,23.183476941449612,78737,Unique/other,0,9.25,1,0,0,2,0,0,1,1,0,0,0,1,0,0
1240911639171543089,191.15,Entire home/apt,4,1,2,1,0,11.290235378882016,78758,Apartment/Condo,1,2.9166666666666665,3,10,0,2,1,0,1,1,1,1,1,1,0,1
1104736600963411074,2357,Entire home/apt,16,7,11,5.5,0,10.834786896454462,Other,House,1,12,17,2,0,1,1,0,1,1,0,1,0,0,0,1
859216633846254878,106.5,Private room,2,1,1,1,1,3.3308662147090646,78704,House,0,8.583333333333334,9,0,0,2,0,0,1,0,0,1,0,1,0,1
1555647259421831539,602,Entire home/apt,13,4,13,3,0,15.459889910920475,Other,House,0,1.75,2,19,0,1,0,0,1,1,0,1,0,1,1,1
1389531650642198436,165.47,Entire home/apt,4,1,1,1,0,6.09061486269694,78704,Apartment/Condo,0,9.333333333333334,47,11,0,1,0,0,1,1,0,1,0,1,0,1
588438558809839401,129.10999999999999,Entire home/apt,5,2,2,2.5,0,7.617634951214588,78752,House,1,4.25,1,2,0,1,0,0,1,1,0,1,0,1,1,1
30414000,362,Entire home/apt,8,3,6,2,0,21.543381583512524,78734,House,1,7.333333333333333,1,8,0,2,0,0,1,1,0,1,0,1,1,1
977875162918505761,224,Entire home/apt,4,1,2,1,0,1.4183671642113185,78703,Apartment/Condo,1,9.666666666666666,5,3,0,1,0,0,1,1,0,0,1,1,1,0
1344190678352237197,234,Entire home/apt,6,1,4,1,0,23.403754945346787,78737,Unique/other,1,2.4166666666666665,2,14,0,2,0,0,1,1,0,1,0,0,0,1
52005750,174.5,Entire home/apt,2,1,1,1,0,2.994532121721125,78751,Apartment/Condo,0,4.833333333333333,2,0,0,2,0,0,1,0,0,0,0,1,0,1
664638044776998313,208,Entire home/apt,6,2,3,1,0,24.049208608577196,78734,Unique/other,1,3.9166666666666665,3,22,0,2,1,1,1,1,1,1,0,0,0,1
18547601,177,Entire home/apt,10,2,3,2,0,5.072719036252615,78704,House,0,9.083333333333334,3,14,0,2,0,0,1,1,0,1,0,1,1,1
1228964271530240048,180,Entire home/apt,6,2,2,2,0,5.112026743833555,78741,Apartment/Condo,0,3.9166666666666665,26,14,0,1,0,0,1,1,1,1,0,1,1,1
1527685784767076116,237.5,Entire home/apt,8,3,4,2,0,15.608113232813308,Other,House,1,2.25,1,7,0,2,0,0,1,1,0,1,0,1,1,1
1022363657414601589,124.5,Entire home/apt,2,1,1,1,0,8.553348494378461,Other,Guesthouse/Guest suite,1,2.3333333333333335,1,12,0,1,0,0,1,1,0,0,0,1,0,1
1294413076637498855,146.5,Entire home/apt,2,1,1,1,0,1.5505397953368856,78705,Apartment/Condo,1,2,1,24,0,1,0,0,1,1,0,1,0,1,1,1
586093665694871526,238.5,Entire home/apt,4,1,2,1,0,2.0344506760781464,78701,Apartment/Condo,1,4.25,1,43,0,1,1,0,1,0,1,1,1,1,0,1
618047203537373100,152.33,Entire home/apt,2,1,1,1,0,1.6193766254422792,78703,Apartment/Condo,0,4.083333333333333,1,0,0,2,0,0,1,1,0,1,0,0,0,0
987786132063085995,136.5,Entire home/apt,3,1,1,1,0,3.039697914416861,78722,Guesthouse/Guest suite,1,2.6666666666666665,1,50,0,2,0,1,1,1,0,1,0,0,0,1
551480734328584282,280,Entire home/apt,4,1,1,1.5,0,8.30180806218933,78745,House,0,7.833333333333333,2,0,0,2,0,0,1,1,1,1,0,0,1,1
1525454125045753558,88,Private room,2,1,1,1,1,15.617884264471886,Other,House,1,5.5,8,13,0,1,0,0,1,1,0,1,0,1,0,0
545682315450858340,180,Entire home/apt,4,1,2,1,0,2.879805966685309,78705,Apartment/Condo,0,6.833333333333333,3,38,0,1,0,0,1,1,0,1,0,1,1,1
29919160,360,Entire home/apt,5,3,3,2,0,6.6333305499110695,Other,Guesthouse/Guest suite,1,3.3333333333333335,1,30,0,1,1,0,1,1,0,1,0,1,0,1
1676254344832417286,155,Entire home/apt,3,1,1,1,0,11.195496914243018,78745,Apartment/Condo,1,1.75,2,9,0,1,1,0,1,1,0,1,0,1,0,0
52621351,202,Entire home/apt,4,1,2,1.5,0,5.053333898175769,78704,House,1,5.5,3,18,0,2,0,0,1,1,0,1,0,1,1,1
39253639,251.63,Entire home/apt,6,2,2,1,0,2.8409402596711186,78704,House,1,6.75,10,51,0,2,0,0,1,1,0,1,0,0,1,1
18594935,232,Entire home/apt,12,2,7,2,0,1.3219738089410613,78702,Apartment/Condo,1,9.833333333333334,18,49,0,1,0,0,1,1,0,1,0,1,0,0
50901766,226,Entire home/apt,4,2,2,1,0,3.650188659222066,78704,House,1,15.416666666666666,6,25,0,1,0,0,1,1,0,1,0,1,0,1
1688885805835680206,120.66999999999999,Entire home/apt,4,2,2,2,0,6.345574262253648,78741,Apartment/Condo,0,0,1,0,1,3,1,0,1,1,0,1,0,1,1,0
52773926,419,Entire home/apt,4,2,2,1,0,21.140187014391397,Other,Unique/other,1,5.166666666666667,1,66,0,1,0,0,1,1,0,0,0,1,0,1
1400942971686433959,184,Entire home/apt,4,1,2,1,0,3.0372761800594423,78751,Apartment/Condo,0,1.5833333333333335,2,15,0,1,0,0,1,1,0,1,0,1,1,1
922364727652967993,394,Private room,9,3,3,3,0,12.652508568276351,Other,Hotel-like,0,3.25,92,1,0,1,0,0,1,0,1,0,0,1,1,1
1332759268684158109,359,Entire home/apt,6,3,3,2,0,6.2293901698151615,78741,House,0,3.5833333333333335,2,19,0,2,1,0,1,1,0,1,0,1,1,1
54112258,212.83,Entire home/apt,6,3,3,3.5,0,10.460086030589514,78745,House,0,4.416666666666667,1,10,0,3,0,0,1,1,0,1,0,1,1,1
988983118645160828,845,Entire home/apt,6,2,3,2,0,0.7091294830903706,78701,Apartment/Condo,1,2.75,26,0,1,1,1,0,1,0,1,1,0,0,0,1
1669610765531332525,431,Entire home/apt,4,2,2,2,0,13.984541051590329,Other,Guesthouse/Guest suite,0,0.16666666666666666,1,1,0,1,0,1,1,1,0,1,0,1,0,1
995244005689597407,210.7,Entire home/apt,12,3,6,2,0,4.621992472759121,78721,House,0,5.75,9,32,0,2,0,0,1,1,0,1,0,1,1,1
1044139197223894248,348.67,Entire home/apt,13,5,8,3,0,7.599884000574862,78745,House,0,11.583333333333334,6,30,0,2,1,0,1,1,0,1,0,1,0,1
679200883407187110,756.5,Entire home/apt,12,6,8,4,0,4.900641979935652,78741,House,1,7.75,7,0,0,2,0,0,1,1,0,1,0,1,1,1
1600860760424559721,206,Entire home/apt,4,2,2,2.5,0,4.449591006251982,78751,Guesthouse/Guest suite,1,11.083333333333334,1,34,0,1,0,0,1,1,0,1,1,1,1,1
20122299,173.46,Entire home/apt,2,1,1,1,0,4.34108510411938,78751,Guesthouse/Guest suite,1,8.416666666666666,1,64,0,1,0,0,1,1,0,0,0,1,0,1
1263014816476786645,156.5,Entire home/apt,3,1,1,1,0,14.331080033814965,78758,Apartment/Condo,0,1.6666666666666665,1,6,0,2,1,0,1,1,1,1,0,0,0,1
1462607803946033709,1027.5,Entire home/apt,6,3,3,3.5,0,2.52054935248889,78702,House,1,13.833333333333334,7,20,0,2,1,1,1,1,0,1,0,0,0,0
747109959260512523,192.83,Entire home/apt,4,2,2,2,0,12.592529225458486,Other,House,0,3.9166666666666665,48,4,0,6,0,0,1,0,0,1,0,1,1,0
1500012843295795353,220,Entire home/apt,6,2,4,2,0,10.317574658483483,Other,House,1,4.25,4,12,0,2,0,0,1,1,0,1,0,0,1,1
1254467128799821589,1717.33,Entire home/apt,16,5,8,5,0,3.8186047965037795,78741,House,1,1.8333333333333335,5,21,0,2,1,1,1,1,0,1,0,1,1,1
1700048677416198985,1021.5,Private room,8,3,4,3,0,0.8181518347015008,78701,Hotel-like,0,0.25,6,0,1,2,1,0,1,0,1,1,0,0,0,1
1141672346178801812,142,Entire home/apt,2,1,1,1,0,22.21350966416913,78734,Guesthouse/Guest suite,1,10.083333333333334,1,18,0,2,0,0,1,1,0,1,0,0,0,0
1627833853310014083,194,Entire home/apt,4,1,2,1,0,5.814131142402317,78704,Apartment/Condo,1,4.5,178,2,0,1,1,0,1,0,0,1,0,0,1,1
621872235168696588,299.67,Entire home/apt,4,2,3,2.5,0,17.64434829290353,Other,House,0,4.083333333333333,1,2,0,3,0,0,1,1,0,1,0,1,1,1
1441326090756871753,285,Private room,4,1,2,1,0,0.6837829017416226,78701,Hotel-like,0,3,60,0,1,3,1,0,1,0,1,1,0,0,0,0
1121921827189628331,1722.5,Entire home/apt,10,3,6,2,0,2.4198360637083427,78704,House,1,12.25,5,0,0,2,1,1,1,1,0,1,0,1,0,1
1098741935585121564,275.5,Entire home/apt,6,3,3,2,0,2.344201900315611,78703,House,1,10.416666666666666,23,44,0,1,0,0,1,1,0,1,0,1,1,1
1659009628810385411,342.35,Entire home/apt,10,3,5,3,0,6.103653276963133,78723,House,1,3.5833333333333335,1,6,0,1,0,1,1,1,1,1,0,1,1,1
1209036803400870906,123,Entire home/apt,2,1,1,1,0,14.976850139417847,78744,Guesthouse/Guest suite,1,1.8333333333333335,2,15,0,2,0,0,1,0,0,0,0,0,0,0
1357406703662530956,357,Entire home/apt,12,4,7,2,0,19.137846845155604,Other,House,1,1.3333333333333333,1,8,0,2,1,0,1,0,0,1,0,1,1,1
53548261,407,Entire home/apt,3,1,1,1,0,12.329520146718801,Other,Guesthouse/Guest suite,1,4.833333333333333,2,3,0,1,1,1,1,1,0,0,0,1,0,1
1518287265840856656,59.37,Entire home/apt,3,1,3,1,0,7.0312962070086416,78752,Apartment/Condo,0,1.4166666666666667,38,4,0,2,1,0,1,1,0,0,0,1,1,1
41999462,1141.2,Entire home/apt,6,3,4,2.5,0,3.2251931888095133,78704,House,0,11.25,1,0,1,5,0,0,1,1,0,1,0,0,1,0
27933897,273,Entire home/apt,4,2,2,1.5,0,2.171345723362008,78702,House,1,12.666666666666666,1,25,0,1,1,0,1,1,0,1,0,1,0,1
1405752198726347321,193.5,Entire home/apt,2,2,2,1,0,3.330900951091828,78704,House,1,3.0833333333333335,4,13,0,2,0,0,1,1,0,1,0,1,0,0
856675294255509291,329.12,Entire home/apt,5,2,4,2.5,0,2.278284713550669,78702,House,1,12.583333333333334,4,11,0,1,0,0,1,1,0,1,0,1,1,1
1074735531629229894,286,Entire home/apt,2,1,2,1,0,2.033767253689002,78701,Apartment/Condo,0,12.333333333333334,20,22,0,1,1,0,1,0,1,1,1,0,0,0
1515904070447016468,314,Entire home/apt,4,4,2,3.5,0,3.760320854156555,78723,Apartment/Condo,1,15.25,1,17,0,2,0,0,1,1,0,1,0,1,1,0
45035105,156.4,Entire home/apt,5,2,3,1,0,16.043292715403762,78758,House,0,7.333333333333333,3,2,0,5,0,0,1,1,0,1,0,1,1,1
1548022792589929364,149.67,Entire home/apt,4,1,2,1,0,3.45751198650442,78751,Apartment/Condo,1,0.5833333333333334,2,14,0,1,0,0,0,1,0,1,0,1,0,1
550952617262262842,257,Entire home/apt,13,5,8,3,0,4.976097850206306,78721,House,1,4.916666666666667,11,57,0,1,0,0,1,1,0,1,0,1,0,1
1182638961082582412,207.31,Hotel/shared room,2,1,1,1,0,1.0901504103393052,78705,Hotel-like,0,3.1666666666666665,48,0,1,1,1,0,1,0,1,0,0,1,1,1
1124982647196130326,316,Entire home/apt,4,1,2,1,0,6.352970949671399,78741,House,1,5.333333333333333,11,7,0,1,0,0,1,1,0,0,0,1,1,1
829649054709714196,283,Entire home/apt,16,5,8,2.5,0,3.8115157476051618,78702,House,1,4.083333333333333,12,67,0,1,1,0,1,1,0,1,0,1,0,1
952139812670773518,238.93,Entire home/apt,4,2,2,2,0,2.9584776899594614,78702,House,1,10,8,8,0,3,0,0,1,1,0,1,1,1,0,1
8118902,460.33,Entire home/apt,6,3,3,2.5,0,3.814556497013593,78704,House,0,8.166666666666666,1,6,0,3,0,0,1,1,0,1,0,0,0,1
1512438447430737331,319.5,Entire home/apt,4,1,2,1,0,3.4044107978264937,78704,House,0,3.9166666666666665,48,0,1,2,0,0,1,1,0,1,0,0,1,1
920267763216260859,237,Entire home/apt,6,2,3,2,0,2.3927087028645824,78705,Apartment/Condo,0,2.8333333333333335,1,7,0,2,0,0,1,1,0,1,0,1,0,1
849966356070604953,2649,Entire home/apt,16,9,15,7,0,2.3277190128987977,78704,House,1,8.833333333333334,10,2,0,2,1,1,1,1,1,1,0,1,1,1
978184624580256843,204.69,Entire home/apt,9,4,7,2,0,12.508397557850499,Other,House,0,7.916666666666667,12,3,0,7,0,0,1,1,0,1,0,1,1,1
669400369336400804,306.97999999999996,Entire home/apt,6,3,4,2,0,12.763495836711423,78758,House,1,3.9166666666666665,4,7,0,2,0,0,1,0,0,1,0,0,1,1
19962072,841,Entire home/apt,16,5,9,4.5,0,14.053293621613268,Other,House,0,9.25,47,9,0,2,1,1,1,1,0,1,0,1,0,1
1711086466513889705,100,Hotel/shared room,4,1,2,1,0,22.830669804267583,Other,Hotel-like,0,1,22,0,1,1,1,0,1,1,1,0,0,1,1,1
1668944154028770443,249,Entire home/apt,8,4,4,2,0,11.302955504284737,78745,House,1,6.333333333333333,3,3,0,2,1,1,1,1,0,0,0,0,0,1
1470934098896187730,217.64,Entire home/apt,4,2,2,1,0,2.27316003752685,78703,House,0,9.916666666666666,4,48,0,1,0,0,1,1,0,0,0,1,0,1
1192860261482569737,332.5,Entire home/apt,6,3,3,2,0,2.952417951912436,78702,House,1,1.9166666666666665,1,29,0,2,0,0,1,1,0,1,0,1,1,1
43069021,683.5,Entire home/apt,16,9,14,5.5,0,2.0092915680362164,78702,House,1,6.666666666666667,14,6,0,2,0,1,1,1,0,1,0,0,1,1
30043996,228.23999999999998,Entire home/apt,4,2,2,1.5,0,3.171345177047678,78702,House,1,7.75,2,86,0,1,0,0,1,1,0,1,0,1,0,1
1475539764992615178,786,Entire home/apt,16,6,8,5.5,0,3.049215516015686,78704,House,1,9.083333333333334,3,1,0,1,1,1,1,1,0,1,0,1,1,1
1213906154538584307,382.4,Entire home/apt,5,3,3,2.5,0,4.267336433825413,78704,House,0,10.333333333333334,1,1,0,4,0,0,1,1,0,1,0,1,0,1
1443784220540218743,342,Entire home/apt,7,2,3,2,0,1.8128899681874333,78705,Apartment/Condo,0,1.6666666666666665,9,16,0,1,1,1,1,1,0,1,0,1,0,0
629064902183184270,215.5,Entire home/apt,10,4,5,2,0,8.547696583501013,78744,House,0,4.166666666666667,3,22,0,2,0,0,1,1,0,1,0,0,0,1
754965056358787882,173.83,Entire home/apt,4,2,2,2.5,0,2.214259680235977,78722,House,1,3.5833333333333335,1,4,0,3,0,0,1,1,0,1,0,1,0,1
731024,427.94,Entire home/apt,6,3,3,2,0,2.668407494527819,78702,House,1,14.333333333333334,3,7,0,2,0,0,1,1,0,1,0,0,0,0
1197906327730004267,673.5,Entire home/apt,6,2,2,2.5,0,14.134593377815714,78758,Unique/other,0,11.25,1,0,0,4,1,0,1,1,0,1,0,0,1,0
994326447703174533,237,Entire home/apt,3,1,2,1,0,2.033767253689002,78701,Apartment/Condo,0,12.333333333333334,20,42,0,1,1,0,1,0,1,1,1,0,0,0
1231747041834864266,394,Private room,2,1,1,2,0,3.5242721211019266,78702,House,0,0.9166666666666666,1,1,0,1,0,0,1,1,0,1,0,1,0,0
1639392435834335838,183,Entire home/apt,4,1,2,1,0,1.9711004728765913,78705,Apartment/Condo,0,6.916666666666667,25,2,0,1,0,0,1,0,0,1,0,0,0,0
12309900,616.5,Entire home/apt,6,3,3,2.5,0,2.2772360712035353,78702,House,0,11.333333333333334,1,2,0,2,0,0,1,1,0,1,0,0,0,1
1285595992337503416,362.74,Private room,6,2,3,2,0,0.8166492089778419,78701,Hotel-like,0,6.75,30,0,1,2,1,0,1,0,1,1,0,1,0,1
1638507079813798630,229,Private room,2,1,1,2,0,25.254044399323455,78734,Hotel-like,0,0.25,1,0,1,1,1,0,1,1,0,1,0,0,0,0
1024934208421903468,85.2,Entire home/apt,2,1,1,1,0,13.559481191721638,78758,House,0,2.5833333333333335,1,19,0,5,0,0,1,1,0,1,0,1,1,1
22477918,159.76999999999998,Entire home/apt,2,1,1,1,0,1.3693873419113776,78703,Apartment/Condo,1,11.666666666666666,10,16,0,2,0,0,1,1,0,1,0,1,1,1
1496445543657928326,275.5,Entire home/apt,6,2,3,2,0,4.087730673076647,78704,House,1,0.6666666666666666,3,23,0,2,0,0,1,1,0,1,0,1,0,1
39174984,276.67,Entire home/apt,6,3,4,2,0,4.617662409955014,78723,House,1,6.666666666666667,1,15,0,3,0,0,1,1,0,1,0,0,0,1
987056219947733811,582,Private room,4,1,2,1,0,0.8108687895402519,78701,Hotel-like,0,4.666666666666667,4,0,1,5,1,0,1,0,0,1,0,1,0,1
1664545942907044443,142,Entire home/apt,4,2,4,1,0,0.5564994342856728,78701,Apartment/Condo,0,15,2,0,1,1,0,0,1,0,0,1,0,1,0,1
39675747,124,Entire home/apt,4,1,3,1,0,1.5944005374027737,78702,Guesthouse/Guest suite,1,9.083333333333334,7,91,0,2,0,0,1,1,0,0,1,1,0,1
1470465380083090399,288.5,Private room,4,1,2,1,0,0.7568537114432737,78701,Hotel-like,0,0.9166666666666666,6,2,0,2,1,0,1,0,0,1,0,0,0,1
711641405390594123,293,Entire home/apt,16,6,10,3,0,4.9149454247361755,78721,House,1,9.833333333333334,18,75,0,1,1,0,1,1,0,1,0,1,0,1
11008164,387,Entire home/apt,4,2,3,1,0,2.5442202674391328,78705,House,0,10.916666666666666,1,2,0,2,0,0,1,1,0,1,0,0,1,0
1563862029069133855,178.02,Entire home/apt,7,2,3,1,0,13.0903477264072,78753,House,0,0.9166666666666666,2,8,0,1,0,0,1,1,0,0,0,0,1,1
23682481,185.5,Entire home/apt,2,1,1,1,0,4.363639605572599,Other,Guesthouse/Guest suite,1,8.25,1,11,0,2,0,0,1,1,0,1,0,1,0,0
1495113618066585740,294,Entire home/apt,6,2,2,2.5,0,11.7674659527576,Other,House,0,3.5,1,1,0,1,0,0,1,1,0,1,0,1,0,0
11605217,977.6700000000001,Entire home/apt,10,4,5,2,0,6.628129993405217,Other,House,0,5.666666666666667,1,2,0,3,1,1,1,1,0,1,0,1,1,1
1479684481348519347,316,Entire home/apt,10,4,5,2,0,12.55752232012603,Other,House,1,0.8333333333333334,1,24,0,2,1,0,1,1,0,1,0,1,1,1
1308232700574334134,206.57,Entire home/apt,4,2,2,1,0,5.17987300291819,78721,House,0,10.916666666666666,40,6,0,1,0,0,1,1,0,1,0,1,1,0
42338770,538.6700000000001,Entire home/apt,4,2,2,1.5,0,13.779316371509932,Other,House,0,6.25,2,0,1,3,1,0,1,1,0,1,0,0,0,1
1442976037709782314,201,Entire home/apt,5,2,3,2,0,19.550082402854663,Other,House,0,1,1,27,0,2,0,0,1,1,0,1,0,1,0,1
765920298027564953,209.6,Entire home/apt,6,2,3,2,0,1.6129109247995204,78703,Apartment/Condo,1,4.916666666666667,27,0,1,2,1,0,1,0,1,1,0,1,0,1
1646539968588116911,430,Entire home/apt,10,4,5,2,0,8.677795647066075,78723,House,1,10.333333333333334,41,7,0,1,0,0,1,1,0,1,0,1,0,1
1669596849993863260,131,Private room,2,1,1,1,0,7.982262080183336,78744,Hotel-like,0,0.16666666666666666,2,6,0,1,1,1,1,1,0,1,0,1,0,0
1386639082025351579,159,Entire home/apt,6,1,3,1,0,19.541699770313887,78729,House,0,3.75,31,25,0,1,0,0,1,1,0,1,0,1,0,1
1393844170857497250,205,Entire home/apt,6,2,2,1,0,5.490599040561302,78704,House,1,1.1666666666666667,4,38,0,1,0,0,1,1,0,1,0,0,0,1
53413902,214,Entire home/apt,8,3,4,2,0,3.736148855712938,78704,House,0,7.166666666666667,18,24,0,2,0,0,1,1,0,1,0,1,1,1
4030864,332,Entire home/apt,8,3,4,2.5,0,2.1399382018270496,78702,House,1,14.083333333333334,2,23,0,2,0,0,1,1,0,1,0,0,0,1
700651363800432061,239.65,Entire home/apt,4,2,2,1,0,7.597436555552766,78745,House,0,3.75,2,16,0,1,0,0,1,1,0,1,0,0,1,1
1463144059647078266,208,Entire home/apt,3,1,1,1,0,6.128278050865741,78723,Apartment/Condo,0,6.416666666666667,5,2,0,1,1,0,1,1,1,1,0,1,0,1
1329173026931438171,237,Entire home/apt,5,2,2,1,0,5.834515551028077,78723,Apartment/Condo,1,1.8333333333333335,36,4,0,1,0,0,1,1,0,1,0,1,0,1
28081355,174,Entire home/apt,4,1,2,1,0,14.787415576157587,Other,House,0,9,15,8,0,2,1,0,1,1,0,1,0,1,0,1
1115273815577279125,503,Entire home/apt,8,4,5,2.5,0,20.759885529812628,78734,House,1,2.0833333333333335,1,20,0,1,0,0,1,1,0,1,0,1,0,1
1486293912148450046,401,Entire home/apt,8,3,4,2,0,12.073997103852546,78758,House,1,0.75,1,43,0,1,1,0,1,1,0,1,0,1,0,0
29797445,494,Private room,4,2,1,1,1,6.534403035466343,78723,House,0,9.416666666666666,1,0,0,2,0,0,1,1,0,1,0,1,0,0
23529911,54.15,Private room,1,1,1,1,1,15.939433698938387,78753,House,0,10.25,4,1,0,2,0,0,1,1,0,1,0,1,0,1
705858111330823711,414.67,Entire home/apt,4,1,1,1,0,4.887954471649,78751,Apartment/Condo,0,3.75,1,0,1,3,0,0,1,0,0,1,0,1,0,0
1153060013112811223,79.53,Entire home/apt,3,1,2,1,0,2.121777717221652,78704,Apartment/Condo,0,0.16666666666666666,15,29,0,1,1,0,1,1,0,1,0,1,0,1
45001128,172.33,Entire home/apt,4,2,2,1.5,0,4.421589428495322,78704,House,1,5.833333333333333,1,27,0,3,1,0,1,1,0,1,0,1,0,1
49735845,844.5,Entire home/apt,12,3,8,3,0,26.17772230665204,78734,House,1,5.166666666666667,1,27,0,2,1,1,1,1,0,1,0,0,1,0
1136096521300035771,318,Entire home/apt,6,2,3,2,0,2.033767253689002,78701,Apartment/Condo,0,12.333333333333334,20,28,0,1,1,0,1,0,1,1,1,0,0,1
1565635320512465918,590,Entire home/apt,10,4,5,2,0,3.4362381048170896,78704,House,1,8.916666666666666,4,17,0,1,0,0,1,1,0,1,1,1,1,0
1633091025193433439,81.69,Private room,2,1,1,1,1,8.727709442051431,78745,House,1,7,6,1,0,2,0,0,1,1,0,1,0,0,1,1
3689085,191,Entire home/apt,2,1,1,1,0,6.554102508768341,78757,Guesthouse/Guest suite,1,11.666666666666666,1,27,0,1,0,0,1,1,0,0,0,0,0,0
1222499235791077807,130.94,Entire home/apt,4,1,3,1,0,5.283550622747445,78704,Apartment/Condo,0,5.75,9,29,0,2,0,0,1,1,0,1,0,1,1,1
729009073320401189,327,Entire home/apt,8,3,4,2,0,8.616941748043685,78753,House,0,4.833333333333333,2,5,0,2,0,0,1,1,0,1,0,1,1,1
1157941744625769116,152.5,Entire home/apt,2,1,1,1,0,3.809289539538835,78704,Guesthouse/Guest suite,1,14.083333333333334,1,30,0,2,0,0,1,1,0,0,0,0,0,1
3840726,223,Entire home/apt,3,1,2,1,0,23.43690208094481,78737,House,1,11.75,1,17,0,2,0,0,1,1,0,0,0,0,0,0
41904069,474,Entire home/apt,8,3,3,2.5,0,9.29038810894067,78724,House,0,6.333333333333333,1,3,0,1,0,0,1,1,0,1,0,0,0,1
1458018431779497170,499.84000000000003,Entire home/apt,16,5,10,2,0,24.36146424402014,Other,House,0,2.5,2,8,0,1,0,0,1,1,0,1,0,0,1,1
1560425327564748698,115.66999999999999,Entire home/apt,4,1,1,1,0,2.2833018438271564,78704,Apartment/Condo,0,3.0833333333333335,1,0,1,3,1,0,1,1,0,1,0,0,1,1
1615399962186570925,101,Entire home/apt,2,1,1,1,0,15.515985144962507,78758,Apartment/Condo,0,0.25,1,0,1,1,1,0,1,1,0,1,0,0,0,0
11583653,331,Entire home/apt,6,3,4,1,0,8.867383903306905,78757,House,0,10.25,1,0,0,2,0,0,1,1,0,1,0,1,0,1
1355927500778366289,371,Entire home/apt,8,4,5,2.5,0,14.05303630995958,Other,House,1,1.3333333333333333,1,21,0,1,0,0,1,1,0,1,0,0,1,1
23326905,181,Entire home/apt,4,1,1,1.5,0,2.211703677408975,78702,House,0,13.916666666666666,2,7,0,1,0,0,1,1,0,1,0,1,0,1
53326418,306.5,Entire home/apt,2,1,1,1,0,3.1862120611830207,78704,Unique/other,0,8.333333333333334,2,7,0,2,1,1,1,1,0,0,0,1,1,1
1513755058696919092,984,Entire home/apt,16,6,9,4,0,1.7794858674979546,78702,House,1,0.75,1,18,0,1,1,1,1,1,0,1,0,1,1,1
1668318566058140597,141,Entire home/apt,4,1,1,1,0,3.269919645450902,78751,Apartment/Condo,0,0.3333333333333333,4,4,0,2,0,0,1,1,0,0,0,1,1,0
1460827850567399336,295.06,Entire home/apt,2,1,1,1,0,12.732102656405067,Other,Apartment/Condo,1,3.3333333333333335,1,0,1,4,1,0,1,1,1,1,0,1,0,1
969090225060567467,288,Entire home/apt,16,5,8,3,0,7.332323806578511,78723,House,1,2.75,12,38,0,1,1,0,1,1,0,1,0,1,0,1
1638479139722983061,359,Entire home/apt,10,3,7,2,0,12.165354596797052,Other,House,1,2.4166666666666665,3,9,0,1,0,0,1,1,0,1,0,1,1,1
1678466120953298253,311.2,Entire home/apt,8,3,4,3,0,0.8737261422830369,78701,Apartment/Condo,0,0.08333333333333333,4,0,1,2,1,0,1,0,1,1,0,1,0,0
802673809026795037,341,Entire home/apt,6,2,2,2,0,0.6399499670707599,78701,Apartment/Condo,1,4.333333333333333,9,0,0,2,1,1,1,0,0,1,0,1,0,1
1642664182268400649,494,Private room,4,2,2,2,0,1.6516880898965913,78701,Hotel-like,0,1.8333333333333335,8,0,1,1,1,0,1,0,0,1,0,1,1,0
48150209,169,Entire home/apt,5,2,2,1,0,12.113344734566306,78745,House,1,5.333333333333333,2,14,0,1,0,0,1,1,0,1,0,1,1,1
50102125,167.5,Private room,2,1,1,1,0,4.705693262877431,78723,House,1,6.75,2,23,0,2,0,0,1,1,0,0,0,1,0,1
1229948985782096397,501,Entire home/apt,12,5,6,4,0,7.360492162417464,78723,House,0,3.75,31,6,0,1,0,0,1,1,0,1,0,1,0,1
1711086466158671966,100,Hotel/shared room,4,1,2,1,0,22.830669804267583,Other,Hotel-like,0,1,22,0,1,1,1,0,1,1,1,0,0,1,1,1
52363437,169,Entire home/apt,7,3,3,2.5,0,18.844330680279707,78729,House,1,4.666666666666667,1,24,0,2,0,1,1,1,0,1,0,1,1,1
1614609133024411061,359,Entire home/apt,4,2,2,0,0,1.3961347236511203,78701,Apartment/Condo,0,2.0833333333333335,42,0,1,1,1,0,1,0,1,1,0,0,1,1
1596752329577702149,167,Entire home/apt,4,1,1,1,0,4.186709654395405,78751,Apartment/Condo,1,0.5,1,24,0,1,1,0,1,1,0,1,1,1,1,1
32667583,80.5,Entire home/apt,2,1,1,1,0,10.113201151258798,78745,Guesthouse/Guest suite,0,3.9166666666666665,1,33,0,2,0,0,1,1,0,0,0,1,0,1
1413039588082662352,286,Entire home/apt,2,1,1,1,0,13.882019757919087,Other,Apartment/Condo,1,1.0833333333333333,1,15,0,1,1,0,1,1,1,1,0,1,0,1
982863534700336419,343,Entire home/apt,3,1,1,1,0,5.783706262471026,78746,Apartment/Condo,0,0.6666666666666666,1,9,0,1,1,1,1,1,1,1,0,0,0,1
1610563484055511801,377,Entire home/apt,10,3,6,2.5,0,20.926188018778767,78734,House,0,0.3333333333333333,1,0,1,2,1,0,1,1,0,1,0,1,0,0
1582771516314888610,132.38000000000002,Entire home/apt,3,1,1,1,0,1.8586654427324591,78705,Apartment/Condo,0,0.5,1,10,0,1,0,0,1,1,0,0,0,1,0,0
974917930198728065,299,Entire home/apt,8,4,4,2,0,22.10698508176189,78729,House,1,2.6666666666666665,1,21,0,2,0,0,1,1,0,1,0,1,0,1
31903670,456.5,Entire home/apt,8,3,3,2.5,0,5.12027358934086,78704,House,0,7.333333333333333,2,8,0,2,1,0,1,1,0,1,0,0,0,1
1441375600495828045,416.33,Private room,6,2,3,2,0,0.8846688937493907,78701,Hotel-like,0,3,60,0,1,3,1,0,1,0,1,1,0,0,0,0
1311613738227488239,1182.43,Entire home/apt,16,8,11,4,0,6.593757748834418,78745,House,1,7.833333333333333,5,13,0,1,0,0,1,1,0,1,0,1,1,1
889841572585748905,230,Entire home/apt,4,1,2,1,0,0.7073841044797875,78701,House,0,4.25,37,1,0,1,0,0,1,1,0,0,0,1,0,1
41591740,905,Entire home/apt,16,9,27,8,0,1.135179190619779,78702,Apartment/Condo,1,9.833333333333334,18,9,0,1,0,0,1,1,0,1,0,0,0,1
26894880,171.18,Entire home/apt,2,1,1,1,0,4.345246219700581,78751,Guesthouse/Guest suite,1,7.833333333333333,1,9,0,1,0,0,1,1,0,0,0,1,0,1
705009572588341529,173,Entire home/apt,6,2,3,2,0,5.959700031769931,Other,Apartment/Condo,0,6.833333333333333,16,47,0,1,1,0,1,1,0,1,0,1,1,1
811066389849846508,168.89000000000001,Entire home/apt,2,1,2,1,0,4.7549811239522315,Other,Unique/other,1,10.666666666666666,1,15,0,3,0,0,1,1,0,1,0,1,0,1
1701691310646956563,180,Entire home/apt,6,2,3,1,0,3.176416892467978,78751,Apartment/Condo,0,3.9166666666666665,26,0,1,1,0,0,1,1,0,1,0,1,1,1
1673372493824110677,103,Private room,2,1,1,1,0,15.856818339778489,78753,Hotel-like,0,0.08333333333333333,2,0,1,1,1,0,0,1,1,1,0,1,0,0
1531981487371050188,202,Entire home/apt,6,2,3,2,0,3.123658231463157,78704,Apartment/Condo,0,4.25,37,4,0,3,0,0,1,1,0,1,0,1,0,0
962534603271030489,147,Entire home/apt,5,2,2,2,0,9.10853327799283,78744,Apartment/Condo,1,3.8333333333333335,2,16,0,1,0,0,1,1,0,1,0,1,1,1
1212283609993402124,171.5,Entire home/apt,2,1,1,1,0,7.960230464976509,78752,Guesthouse/Guest suite,1,1.8333333333333335,1,23,0,1,0,0,1,1,0,0,0,1,0,1
1500941727374506877,172,Entire home/apt,4,2,2,1,0,3.377159228598115,78722,House,0,4.333333333333333,1,8,0,2,0,0,1,1,0,0,0,0,1,1
1405256626369772283,97,Entire home/apt,1,1,1,1,0,9.906301644176654,78757,Guesthouse/Guest suite,1,3.25,2,48,0,1,0,0,1,1,0,1,0,0,0,0
714177208712439800,328,Private room,4,1,2,1,0,0.7704450056369456,78701,Hotel-like,0,3.6666666666666665,25,0,0,2,1,1,1,0,1,1,0,1,0,1
52454477,152.33,Entire home/apt,3,1,2,1,0,12.99831196334053,Other,Guesthouse/Guest suite,1,4.666666666666667,1,11,0,3,0,0,1,1,0,1,0,1,0,1
4174180,182,Entire home/apt,3,1,1,1,0,2.0315964626387766,78702,House,1,13.75,1,40,0,1,0,0,1,1,0,1,0,1,0,1
1545643528463403364,704.5,Entire home/apt,10,4,5,3,0,2.526999872235238,78702,House,1,3.5,4,18,0,2,1,0,1,1,0,1,0,1,0,0
1515552275279521045,555,Entire home/apt,16,6,9,3,0,2.526317901921049,78722,House,1,0.75,2,59,0,1,1,1,1,1,0,1,0,0,1,1
1353644234015684937,391.5,Entire home/apt,6,3,3,2.5,0,19.08692127226495,Other,House,0,3.9166666666666665,48,7,0,2,0,0,1,1,0,1,0,1,1,1
1247791270317451717,358,Entire home/apt,4,2,2,2,0,4.431515640346273,78721,House,0,10.916666666666666,40,16,0,1,0,0,1,1,0,1,0,1,0,0
207054,214,Entire home/apt,5,2,2,1,0,3.502325769976597,78741,House,1,14.75,1,5,0,2,0,0,1,1,0,0,0,1,0,1
1337781807907910640,314,Entire home/apt,6,3,3,2.5,0,3.5089194317520294,78702,House,1,0.6666666666666666,1,25,0,2,0,0,1,1,0,1,0,1,1,1
1495686231109529862,188,Entire home/apt,2,1,1,1,0,1.2929342165169626,78702,Guesthouse/Guest suite,1,2.1666666666666665,2,66,0,1,0,0,1,1,0,1,0,1,0,1
1254417493178447859,249.6,Private room,8,2,4,2,0,7.928942318938001,78752,Hotel-like,0,3.25,92,0,1,1,1,0,1,1,1,0,0,1,1,1
47515383,203.5,Entire home/apt,4,1,2,1,0,0.7679483395818422,78701,Apartment/Condo,1,5.583333333333333,5,0,0,2,1,0,1,0,1,1,0,1,0,1
688817885563912150,156.34,Entire home/apt,4,1,2,1,0,3.1383979370494917,78705,Apartment/Condo,1,3.8333333333333335,1,25,0,2,0,0,1,1,0,1,0,1,0,1
681607732520899659,201,Entire home/apt,4,1,2,1,0,0.7542600020707663,78701,Apartment/Condo,1,4.333333333333333,28,0,1,2,1,0,1,0,1,1,0,1,0,1
315239,713.3299999999999,Entire home/apt,6,3,3,2,0,7.636204127757398,78745,House,0,14.416666666666666,1,0,0,3,0,0,1,1,0,1,0,0,0,0
1220387766964333040,289.86,Entire home/apt,8,3,4,2,0,11.786504273635963,78758,House,1,1.8333333333333335,1,53,0,1,1,0,1,1,0,1,0,1,0,1
765920155442409084,249,Entire home/apt,6,2,3,2,0,1.6130436936182249,78703,Apartment/Condo,1,4.916666666666667,27,0,0,2,1,0,1,0,1,1,0,1,0,1
770319526599372515,299,Entire home/apt,4,1,2,1,0,1.9104172011406133,78701,Apartment/Condo,1,8.833333333333334,38,3,0,1,1,0,1,0,1,1,1,1,0,1
790551685658861778,270,Entire home/apt,15,5,8,2.5,0,4.893967093509752,78721,House,1,9.833333333333334,18,46,0,1,1,0,1,1,0,1,0,1,0,1
5819674,276,Entire home/apt,4,2,2,1,0,2.952998611395792,78704,House,1,11.166666666666666,4,31,0,1,0,0,1,1,0,1,0,0,1,1
50644820,850,Entire home/apt,12,8,12,4,0,4.9424374871570835,78721,House,1,6.333333333333333,3,7,0,1,0,0,1,1,0,1,0,1,1,1
1369020699026613051,215.34,Entire home/apt,6,3,3,2.5,0,19.092755158104563,Other,House,0,0.6666666666666666,1,1,0,2,1,0,1,1,0,1,0,1,0,0
1591642433339506609,95.33,Private room,3,1,1,1,1,6.312095310440366,78741,Apartment/Condo,0,2.6666666666666665,3,1,0,3,0,0,1,1,0,1,0,1,0,1
1269943078223373072,1728.21,Entire home/apt,16,10,15,6,0,8.382431195593627,78745,House,1,8.333333333333334,18,30,0,1,1,1,1,1,0,1,1,1,0,1
812354613613891316,233.26,Entire home/apt,4,2,2,2,0,15.683428292224082,Other,House,1,3.3333333333333335,1,55,0,1,0,0,1,1,0,1,1,0,1,1
1679069344048286531,296,Entire home/apt,2,1,1,2,0,0.6809627644679245,78701,Apartment/Condo,0,11.416666666666666,1,0,1,3,0,0,1,1,0,1,0,0,0,0
1335570182474556298,471,Entire home/apt,6,3,4,3,0,3.777422394030204,78702,House,0,9.333333333333334,1,2,0,2,0,0,1,1,0,1,0,0,1,0
965348820234356843,399.5,Entire home/apt,2,1,1,1,0,2.3432461569262886,78705,Guesthouse/Guest suite,0,8.333333333333334,1,2,0,2,1,0,1,1,0,0,0,1,0,1
1227592226998546836,183.67,Entire home/apt,2,1,1,1,0,2.1133231923996365,78722,Apartment/Condo,1,15.25,3,1,0,2,0,0,1,1,0,1,0,1,0,1
1477587704662461467,310.5,Private room,4,1,2,1,0,0.7559543718669878,78701,Hotel-like,0,2.25,7,2,0,2,1,0,1,0,0,1,0,0,0,1
16768495,209.33,Entire home/apt,6,2,2,1,0,8.89885181421433,78757,House,0,9.416666666666666,1,0,0,3,0,0,1,1,0,1,0,0,0,1
37686296,251,Entire home/apt,4,2,3,1,0,1.3484392592496623,78702,Apartment/Condo,1,6.833333333333333,1,52,0,1,0,0,1,0,0,0,0,1,1,1
1638617311681646500,122.33,Entire home/apt,3,1,1,1,0,5.767432723488666,78746,Apartment/Condo,0,3.25,1,7,0,2,1,1,1,0,0,1,0,0,0,1
46820079,232,Entire home/apt,12,3,8,2,0,1.3521497440350314,78702,Apartment/Condo,1,9.833333333333334,18,64,0,1,0,0,1,1,0,1,0,1,0,1
1681997571624691893,264,Entire home/apt,8,4,4,3,0,2.6571805149083714,78702,House,0,0.3333333333333333,1,1,0,3,0,0,1,1,0,1,0,1,0,1
1460999360491293084,131.38000000000002,Entire home/apt,6,3,3,2,0,12.983554145124456,Other,House,1,0.9166666666666666,1,3,0,6,0,0,1,1,0,1,0,1,1,1
23768043,217,Entire home/apt,4,2,2,1,0,6.119324686707529,78704,Apartment/Condo,0,1.3333333333333333,1,9,0,2,1,0,1,0,0,1,0,1,0,1
54160013,826,Entire home/apt,16,7,10,5,0,1.5464230223017095,78703,House,0,9.25,47,8,0,2,1,0,1,1,0,1,0,1,0,1
1092912782099654655,51.6,Entire home/apt,2,1,1,1,0,20.554430069675306,Other,Apartment/Condo,0,11.916666666666666,1,1,0,5,0,1,1,1,0,1,0,1,0,0
1338829665235894746,252,Entire home/apt,3,1,2,1,0,2.1925972725187,78704,Apartment/Condo,0,5.583333333333333,10,7,0,1,1,0,1,1,1,1,0,1,1,1
1533509689221874978,466.67,Entire home/apt,10,2,5,2,0,1.9082860303252116,78703,House,0,9.25,47,0,1,3,0,0,1,1,0,1,0,1,0,1
835314130398411911,148,Entire home/apt,4,1,2,1,0,10.012615807253633,78745,Unique/other,0,2.25,1,10,0,1,0,0,1,1,0,0,0,0,1,1
1139954254350519996,546,Entire home/apt,16,4,8,4,0,2.0168739994659255,78701,Apartment/Condo,1,4.333333333333333,7,17,0,1,1,0,1,0,1,1,1,1,0,1
1100165317197202007,1312.5,Entire home/apt,10,4,4,3.5,0,5.707521968773521,78741,House,1,12.583333333333334,3,2,0,2,1,1,1,1,0,1,0,1,0,0
45831240,346.5,Entire home/apt,12,4,7,3,0,3.1353472677837364,78702,House,1,6.666666666666667,14,15,0,2,0,0,1,1,0,1,0,0,1,0
657873824599504532,262.5,Entire home/apt,4,1,2,1,0,2.034456987676643,78701,Apartment/Condo,1,3.9166666666666665,1,56,0,1,1,0,1,1,1,1,1,1,0,0
1405948669570147338,174,Entire home/apt,2,1,1,1,0,15.46451477049553,78753,Apartment/Condo,1,1.3333333333333333,25,21,0,1,1,0,1,1,1,1,0,1,0,1
988086190474859442,95,Entire home/apt,2,1,1,1,0,2.244432526951163,78702,Apartment/Condo,1,9.75,18,101,0,1,0,0,1,1,0,0,0,1,0,1
857318953215202505,363,Entire home/apt,4,1,1,1,0,17.982485210675915,Other,Apartment/Condo,0,3.1666666666666665,1,0,0,1,1,0,1,1,1,1,0,1,1,0
840469092451936820,228,Entire home/apt,6,2,3,1,0,4.932501020009378,Other,Apartment/Condo,0,6.833333333333333,16,33,0,1,1,0,1,1,1,1,0,1,1,1
20033689,142.65,Entire home/apt,7,2,2,2,0,4.8406213590646585,78704,House,0,9.083333333333334,3,24,0,2,0,0,1,1,0,1,0,1,1,1
1614630281855218078,142.5,Entire home/apt,4,2,2,2,0,2.3818711835895905,78705,House,0,13.333333333333334,3,2,0,1,0,0,1,1,0,1,0,1,1,1
844957580771428201,193,Entire home/apt,4,1,2,1,0,1.6130436936182249,78703,Hotel-like,1,3.6666666666666665,30,0,1,2,1,0,1,0,1,1,0,1,0,1
8502,84.25,Entire home/apt,2,1,1,1,0,4.465503578813284,78741,Guesthouse/Guest suite,0,15.416666666666666,1,2,0,4,0,0,1,1,0,0,0,0,1,0
1654435251179602039,279.5,Entire home/apt,7,3,3,2.5,0,3.3530862047683536,78702,House,0,5.166666666666667,23,3,0,1,0,0,1,1,0,1,0,1,0,0
52049989,274,Entire home/apt,4,2,2,2.5,0,4.379775492099439,78704,Guesthouse/Guest suite,1,10.333333333333334,1,16,0,3,0,0,1,1,0,1,1,1,0,1
741642803344240276,195.14,Entire home/apt,6,2,2,2,0,5.415615684648603,78741,Apartment/Condo,0,3.6666666666666665,1,55,0,1,0,0,1,1,0,1,0,1,0,1
53483536,204.18,Entire home/apt,2,1,1,1,0,10.148462379689553,78745,Unique/other,1,10.916666666666666,2,68,0,1,0,0,1,1,0,0,0,1,1,1
710130069860901089,328,Entire home/apt,6,3,3,2,0,10.845805712232703,78744,House,1,3.5833333333333335,9,21,0,2,0,0,1,1,0,1,0,1,1,1
609257463171472520,352,Entire home/apt,4,1,2,1,0,1.9436060099909698,78701,Apartment/Condo,1,8.666666666666666,8,45,0,1,1,0,1,1,1,1,1,1,1,1
1201755580046710626,147,Entire home/apt,4,2,2,1,0,8.509600055594797,78745,Guesthouse/Guest suite,1,3.6666666666666665,1,63,0,1,0,0,1,1,0,1,0,1,1,1
1472691124229676985,346,Entire home/apt,2,1,1,1,0,0.6961805969723336,78701,Apartment/Condo,0,9.833333333333334,28,27,0,1,0,0,1,0,1,1,1,0,0,1
28513815,154.5,Entire home/apt,2,1,1,1,0,3.8448938759359756,78704,Guesthouse/Guest suite,1,12,2,11,0,2,0,0,1,1,0,0,0,0,0,0
1698853860880248670,649,Entire home/apt,12,5,6,3.5,0,4.4036103090051375,78741,House,0,3.9166666666666665,48,0,1,2,1,1,1,1,0,1,0,0,0,0
889831767371295908,330.5,Entire home/apt,10,3,5,3,0,0.7073841044797875,78701,House,0,4.25,37,1,0,2,0,0,1,1,0,0,0,1,0,1
1088407116220761314,1075,Entire home/apt,16,5,9,4,0,5.824053858178314,78741,House,1,1.6666666666666665,1,30,0,1,1,0,1,1,1,1,0,1,1,1
53080356,190,Entire home/apt,4,2,2,2,0,7.459646015207501,78723,House,1,15.333333333333334,2,35,0,2,0,1,1,1,0,1,0,0,1,1
673744977258146730,230,Entire home/apt,4,1,1,1,0,6.456691812982351,78741,Apartment/Condo,0,8.666666666666666,53,24,0,1,0,0,1,1,1,1,1,1,0,1
14069620,317.5,Entire home/apt,6,2,2,2,0,26.065579943230738,78734,House,0,10.25,17,0,0,2,1,0,1,1,0,1,0,1,0,0
958680236374407322,261.5,Entire home/apt,8,4,4,2,0,11.453594617448838,78745,House,1,2.8333333333333335,1,18,0,2,0,0,1,1,0,1,0,1,1,1
1069634339878407277,270,Entire home/apt,6,3,3,2.5,0,3.4189345550392862,78722,House,1,8.25,35,1,0,1,0,0,1,1,0,1,0,1,0,1
840926273829781090,145,Entire home/apt,3,1,2,1,0,2.121777717221652,78704,Apartment/Condo,0,3.4166666666666665,2,20,0,1,0,0,1,1,0,1,0,1,0,1
1704680582632961499,360.61,Entire home/apt,7,3,5,2,0,13.645903948160498,Other,House,0,3.5833333333333335,1,1,0,1,1,0,1,1,0,1,0,1,1,1
763084,2281.3300000000004,Entire home/apt,10,5,5,4,0,3.9789214366294576,78703,House,0,13.583333333333334,1,0,0,3,0,0,1,1,0,1,0,0,0,0
2174970,285.5,Entire home/apt,9,4,6,2.5,0,1.5293338748748078,78702,House,1,13.666666666666666,3,23,0,2,0,0,1,1,0,1,0,1,1,1
48483409,203.5,Entire home/apt,5,3,2,1,0,12.101061292789232,Other,House,0,9.833333333333334,1,8,0,2,0,0,1,1,0,1,0,1,1,1
5928709,164,Entire home/apt,2,1,1,1,0,2.808357028294741,78702,House,1,10.666666666666666,1,48,0,1,0,0,1,1,0,0,0,1,0,1
1368842101958709336,280.1,Entire home/apt,8,4,4,2,0,12.657489249140005,78758,House,0,2.75,2,9,0,3,1,1,1,1,0,1,0,1,1,1
15232948,480.57,Entire home/apt,14,5,9,2,0,3.0746732596216844,78702,House,1,9.666666666666666,2,46,0,1,1,0,1,1,0,1,0,1,1,1
51285826,275,Entire home/apt,6,2,4,2,0,2.249131247688238,78702,House,0,4.666666666666667,2,31,0,1,0,0,1,1,0,1,0,1,1,1
1501079629275660330,666,Entire home/apt,14,6,10,3,0,13.81716589677692,78753,House,1,4.666666666666667,4,23,0,1,0,0,1,1,0,1,1,1,1,1
1577740254752356235,567.8,Entire home/apt,8,3,4,2,0,22.260421397098707,78734,House,1,3,24,0,1,2,0,0,1,1,0,1,0,1,0,0
780031572821900714,282.72999999999996,Entire home/apt,12,4,6,2.5,0,20.249208618797432,Other,House,1,10.5,1,4,0,3,0,0,1,1,0,1,0,1,1,1
47239274,856.6700000000001,Entire home/apt,6,4,5,2,0,12.140795588706979,Other,House,1,14.416666666666666,7,5,0,3,1,0,1,1,0,1,0,1,0,0
1430011081139436108,131.25,Entire home/apt,5,1,3,1,0,2.35754105860924,78705,Apartment/Condo,1,4.583333333333333,7,22,0,2,0,0,1,1,0,1,0,1,1,1
1351508221323237235,137,Entire home/apt,2,1,1,1,0,5.300401496442745,78751,Apartment/Condo,1,1.3333333333333333,1,6,0,2,0,0,1,1,0,1,0,0,0,1
913955118542961914,219.68,Entire home/apt,6,3,3,1,0,3.3511557437999833,78702,House,0,2.5833333333333335,1,3,0,2,0,0,1,1,0,1,0,1,0,1
1579328994794759230,304,Entire home/apt,6,3,3,2,0,9.008921681366779,78724,House,0,3.9166666666666665,2,9,0,1,0,0,1,1,0,1,0,1,1,1
746379165445261757,285.52,Entire home/apt,6,3,4,1.5,0,12.375804790419451,78753,House,1,6.666666666666667,11,24,0,1,0,0,1,1,0,0,0,1,0,1
935505612040052675,203,Entire home/apt,3,1,2,1,0,4.148796587266315,78704,Apartment/Condo,1,8.833333333333334,10,28,0,1,0,0,1,1,0,1,0,0,1,1
1598070268991071584,216,Entire home/apt,4,1,2,1,0,5.814131142402317,78704,Apartment/Condo,1,4.5,178,0,1,1,1,0,1,0,0,1,0,0,1,1
1003881093066787583,310.5,Entire home/apt,8,4,4,3,0,15.559989175486177,78758,House,1,2.75,1,30,0,2,0,0,1,1,0,1,0,1,0,1
882640577006754255,582,Entire home/apt,4,2,2,2,0,2.3703616393635705,78703,House,1,3.0833333333333335,1,14,0,1,0,0,1,1,0,1,0,1,1,1
22687970,732.3299999999999,Entire home/apt,8,4,3,2.5,0,3.468677130862366,78722,House,0,13.25,1,0,0,3,0,0,1,1,0,1,0,0,1,0
1144902376851190964,219,Entire home/apt,6,2,4,2,0,6.496462600200005,78741,Apartment/Condo,0,2.0833333333333335,7,2,0,2,1,0,1,1,1,1,0,1,1,1
1669636780362471058,1671,Hotel/shared room,4,1,2,1,0,1.9756706334360723,78704,Hotel-like,0,0.16666666666666666,47,0,1,1,1,0,1,0,1,0,1,1,1,1
1208615433921006926,171.5,Entire home/apt,4,1,2,1,0,12.316613969384296,Other,Guesthouse/Guest suite,0,1.8333333333333335,1,9,0,2,1,0,1,1,0,0,0,0,0,0
53749371,208,Entire home/apt,6,3,4,2,0,2.341671932588615,78702,House,1,9.75,18,69,0,1,0,0,1,1,0,1,0,1,1,1
1323400592626373323,244.49,Entire home/apt,4,2,3,2,0,3.5174874377118703,78704,House,1,4.666666666666667,47,52,0,2,0,0,1,1,0,1,1,0,0,1
1483395226851793519,173,Entire home/apt,3,1,2,1,0,14.709512877144137,78758,Apartment/Condo,0,6.833333333333333,43,23,0,1,1,0,1,1,1,1,0,0,0,1
764722654141939301,210.5,Entire home/apt,7,3,4,2,0,18.378044537400406,78729,House,1,3.5833333333333335,1,25,0,2,0,0,1,1,0,1,0,1,1,1
1340101903125286828,275,Private room,4,1,2,1,0,0.7196818320954406,78701,Hotel-like,0,0.4166666666666667,2,1,0,4,1,0,1,0,1,1,0,0,0,0
1141295056728563683,170,Entire home/apt,4,1,2,1,0,2.316481491865086,78702,Apartment/Condo,1,2.0833333333333335,1,9,0,1,0,0,1,1,0,0,0,1,0,1
899362834143821015,399.5,Entire home/apt,4,2,2,2,0,4.460861591251797,78703,House,1,3,1,12,0,2,0,0,1,1,0,1,0,1,1,1
46791390,958.59,Entire home/apt,14,7,8,6,0,21.079656767906414,78734,House,0,5.5,1,17,0,2,1,1,1,1,0,1,0,1,0,1
573750053587827891,437.67,Private room,5,2,2,2,0,3.765174989610649,78704,House,0,4.666666666666667,1,0,1,3,1,0,1,1,0,1,0,0,0,0
1544317131517936398,964,Entire home/apt,16,6,15,4,0,17.38918960519228,78737,House,1,1.5833333333333335,6,14,0,1,1,1,1,1,0,1,0,1,1,0
892275662289742522,296,Entire home/apt,4,2,2,2,0,5.018017973352969,78721,House,1,3.25,2,8,0,2,0,0,1,1,0,1,0,0,0,1
636231738737253617,282,Entire home/apt,8,3,4,2,0,1.9196679552464857,78701,Apartment/Condo,1,4.166666666666667,20,70,0,1,1,0,1,0,1,1,1,1,0,1
1585946850650202860,560,Private room,4,1,2,1,0,0.6546532873179695,78701,Hotel-like,0,0.6666666666666666,6,1,0,2,1,0,1,0,1,1,0,0,0,1
1700094062985062399,160,Entire home/apt,6,2,4,1,0,2.545190632669951,78722,House,0,0,3,0,1,2,0,0,1,1,0,1,0,0,1,0
1205927381495262091,142.54,Entire home/apt,4,1,1,1,0,2.3909846467414195,78702,Apartment/Condo,0,0.9166666666666666,1,40,0,2,0,0,1,0,1,1,1,1,1,1
38233198,292.5,Entire home/apt,4,2,2,1,0,3.416131571523847,78702,Guesthouse/Guest suite,0,6.416666666666667,1,0,0,4,0,0,1,1,0,0,0,0,0,1
1436387490359070903,416.33,Private room,6,2,3,2,0,0.7555445556394165,78701,Hotel-like,0,3,60,0,1,3,1,0,1,0,1,1,0,0,0,0
1628293296940479671,297,Entire home/apt,4,2,2,2,0,4.665017190827793,78704,Apartment/Condo,1,4.5,178,0,1,1,1,0,1,0,0,1,0,0,1,1
1506812564775527937,229,Entire home/apt,8,3,3,1,0,5.027431881325996,78721,House,1,0.75,1,47,0,1,0,0,1,1,0,1,0,1,0,0
1029685358559230054,266.33,Entire home/apt,11,4,10,3,0,4.180836786998224,78702,House,0,11.333333333333334,18,19,0,3,0,0,1,1,0,1,0,1,0,1
869545390456753971,170.04,Entire home/apt,2,1,1,1,0,2.9162854952817305,78704,House,1,6.75,10,54,0,1,0,0,1,0,0,1,0,1,0,1
608629651870832414,169,Entire home/apt,6,2,3,1.5,0,5.727789397385664,78741,House,1,1,1,13,0,3,0,0,1,1,0,1,0,1,1,1
1475736175634057593,403.5,Entire home/apt,6,2,3,2,0,1.9433023157592424,78701,Apartment/Condo,1,4,87,14,0,1,1,1,1,0,1,1,1,1,0,0
1638702131416039423,725,Entire home/apt,5,2,3,2,0,0.936204335416236,78701,Apartment/Condo,0,0.08333333333333333,1,1,0,2,1,1,1,1,0,1,0,1,0,0
19017960,1762,Entire home/apt,16,4,14,3.5,0,24.86068517765245,78734,House,1,9,5,20,0,1,1,1,1,1,0,1,0,1,1,1
909568535742294891,114,Entire home/apt,5,1,2,1,0,3.9161551686277947,78751,Apartment/Condo,1,1.5833333333333335,2,38,0,1,1,0,1,1,0,1,0,1,1,1
1489252059838302263,701.6,Entire home/apt,10,6,5,3.5,0,17.238389225267458,78737,House,1,13.666666666666666,2,1,0,4,1,1,1,1,0,1,0,1,1,0
1705278914883204029,1825,Entire home/apt,13,5,8,4,0,3.5234733369067963,78702,House,0,14.75,2,0,1,1,1,1,1,1,0,1,1,1,1,0
1224784560287872916,232.8,Entire home/apt,8,4,4,2,0,7.74500291750246,78724,House,0,3.75,18,31,0,1,0,0,1,1,0,1,0,1,0,1
1653786998013681797,263,Entire home/apt,4,2,2,2,0,4.665017190827793,78704,Apartment/Condo,1,4.5,178,41,0,1,1,0,1,0,0,1,0,0,1,0
26718562,286.67,Entire home/apt,6,2,3,2,0,2.388000510301081,78702,Apartment/Condo,0,7.916666666666667,1,22,0,3,1,0,1,1,0,1,1,0,0,1
1389455926642452416,428,Entire home/apt,6,2,3,2,0,6.595187089048682,78741,Apartment/Condo,1,1.1666666666666667,9,29,0,2,1,0,1,1,1,1,1,1,1,1
53389491,709.5,Entire home/apt,16,4,17,3.5,0,21.33589890284258,78729,House,1,6.666666666666667,3,21,0,2,1,0,1,1,0,1,1,1,0,1
1349416535412035972,323,Entire home/apt,6,3,3,2.5,0,1.3342049816625898,78702,House,0,1.3333333333333333,1,4,0,2,0,0,1,0,0,1,0,0,0,1
16842314,253.5,Entire home/apt,2,1,1,1,0,1.2865070814778017,78702,Guesthouse/Guest suite,1,9.416666666666666,1,10,0,2,0,0,1,1,0,0,0,1,0,1
747856506076140865,190.35000000000002,Entire home/apt,2,1,1,1,0,1.4054417585301255,78703,Apartment/Condo,1,5.5,2,18,0,1,0,0,1,1,0,1,0,1,1,1
1403171281168575100,723.5,Entire home/apt,16,5,13,2,0,8.813015385438247,Other,House,1,2.5833333333333335,4,28,0,1,0,0,1,1,0,1,0,1,1,1
1668087311772586569,114,Hotel/shared room,2,1,1,1,0,7.7045979333026215,78741,Hotel-like,0,0.8333333333333334,6,0,1,1,0,0,1,0,0,0,0,1,0,0
1056659296632004111,245,Entire home/apt,4,1,2,1,0,14.829209486426663,78758,Apartment/Condo,0,2.4166666666666665,7,0,1,1,1,0,1,1,0,1,0,1,1,1
28428513,415.71,Entire home/apt,6,3,3,2.5,0,6.170249305188378,78741,House,0,10.583333333333334,1,0,1,7,0,0,1,1,0,1,0,0,1,0
1099292666932891487,297,Entire home/apt,4,2,2,1,0,0.8619108434016636,78701,Apartment/Condo,1,5.5,1,11,0,2,0,0,1,1,0,0,0,0,1,1
574582741829434703,278.67,Entire home/apt,4,1,2,1,0,2.1561814342901284,78701,House,1,4.5,178,7,0,2,1,0,1,0,0,1,0,1,1,1
49436431,1477.59,Entire home/apt,16,5,13,4.5,0,25.030003469288502,78734,House,1,8.916666666666666,16,13,0,1,1,1,1,1,0,1,1,1,0,1
780624744724751864,298,Entire home/apt,3,1,2,1,0,21.760366750003435,78737,Unique/other,1,3.5,1,32,0,1,0,1,1,1,0,0,0,1,1,1
1321057916856880431,179.33,Entire home/apt,3,2,3,2,0,15.493121471262008,Other,House,0,1.4166666666666667,1,6,0,3,0,0,1,1,0,1,0,1,1,1
3561885,431.41999999999996,Entire home/apt,10,2,2,2,0,0.9913075155631554,78701,Apartment/Condo,0,13.25,1,0,0,2,1,0,1,1,1,1,0,0,0,0
1317032029364054767,1312,Entire home/apt,12,5,7,3.5,0,7.548739373612186,78746,House,1,8.333333333333334,18,28,0,1,1,1,1,1,0,1,0,1,1,1
712302911143514491,214,Entire home/apt,4,2,2,1,0,3.31783245327701,78703,Apartment/Condo,1,3.75,1,18,0,2,0,0,1,1,0,1,0,0,1,1
1624729761168252636,166,Entire home/apt,4,1,2,1,0,4.044935025279959,78722,Apartment/Condo,1,0.5,2,1,0,1,1,0,1,1,0,1,0,1,1,1
15035937,200,Entire home/apt,4,1,3,1,0,16.671342764343144,Other,Guesthouse/Guest suite,1,9.75,1,18,0,3,1,0,1,1,0,1,0,1,0,1
1465344250021957570,180,Entire home/apt,2,1,1,1,0,15.447132799842526,78753,Apartment/Condo,1,1.3333333333333333,25,6,0,1,1,0,1,1,1,1,0,1,0,1
7797703,157,Entire home/apt,4,2,2,2,0,3.688383022048125,78741,Apartment/Condo,1,9.5,2,1,0,2,0,0,1,1,0,1,0,1,0,0
1371272023126981524,179,Entire home/apt,2,1,1,1,0,2.2316806579118467,78702,House,1,5.833333333333333,12,42,0,3,0,0,1,1,1,1,0,0,0,1
1600094188097107220,162.72,Entire home/apt,4,1,2,1,0,5.814131142402317,78704,Apartment/Condo,1,4.5,178,0,1,1,1,0,1,0,0,1,0,0,1,1
694437964396344705,276.5,Entire home/apt,10,4,6,2.5,0,18.93378180931421,78729,House,1,3.8333333333333335,1,18,0,2,0,1,1,1,0,1,0,0,0,1
1379774059841121415,145,Entire home/apt,2,1,1,1,0,4.181939322582487,78722,Guesthouse/Guest suite,1,11.25,1,41,0,2,0,0,1,1,0,1,0,1,0,1
1435163581637210695,196.75,Entire home/apt,8,2,3,1.5,0,5.7570471718270335,78704,Apartment/Condo,1,3,24,7,0,2,0,0,1,1,0,1,0,1,0,0
13848702,71.33,Private room,1,1,1,2,1,9.566128994659467,78758,House,1,11.5,5,0,0,6,0,0,1,1,0,1,0,1,0,1
761583668741389597,300,Entire home/apt,10,3,6,2,0,7.150155878992364,Other,House,0,6.916666666666667,1,11,0,2,0,0,1,1,0,1,0,1,1,1
9471596,145.68,Entire home/apt,4,1,3,1,0,5.198685312812358,78751,House,1,4.75,2,37,0,1,0,0,1,1,0,1,0,1,0,1
1256880980055953900,97.76,Entire home/apt,2,1,1,1,0,2.952484651051987,78722,Guesthouse/Guest suite,1,0.8333333333333334,1,52,0,2,0,0,1,1,0,0,0,0,0,1
14969194,1099,Entire home/apt,12,5,9,3.5,0,3.216615035064836,78702,House,1,9.75,3,7,0,1,1,1,1,1,0,1,0,1,0,1
1526841034194330355,73.86,Entire home/apt,2,1,1,1,0,22.81705858088227,Other,Apartment/Condo,0,3.4166666666666665,1,0,1,5,1,0,1,1,0,1,0,1,0,0
1542403450498689146,150.54,Entire home/apt,4,1,2,1,0,10.044510207616,78745,Apartment/Condo,1,0.75,2,19,0,1,1,0,1,1,0,1,0,1,1,1
984394794079424896,371,Entire home/apt,8,1,4,2,0,24.056789163792292,78734,House,1,2.75,1,15,0,2,0,1,1,1,0,1,0,1,1,1
41963611,74.5,Private room,1,1,1,1,1,5.8087270413702,78741,House,0,6.333333333333333,3,1,0,4,0,0,1,1,0,0,0,0,0,0
978916827554377944,140,Entire home/apt,4,1,2,1,0,4.328314319030752,78751,Apartment/Condo,0,2.75,4,3,0,2,1,0,1,1,0,1,0,1,1,1
1239361792115677497,240.67,Entire home/apt,6,3,3,2.5,0,4.975261684689061,78721,House,1,1,1,51,0,2,0,0,1,1,0,1,0,1,1,1
29303326,367,Entire home/apt,6,2,2,1,0,3.440461317640453,78722,House,1,8.333333333333334,3,14,0,1,0,0,1,1,0,1,1,1,1,1
1344224065121065225,86,Private room,4,1,2,4,1,0.7701229629074404,78701,Hotel-like,0,6.583333333333333,10,17,0,1,0,0,1,0,0,1,0,1,0,0
913999278114826285,697,Entire home/apt,12,4,6,3.5,0,22.48483306748185,78734,House,1,2.9166666666666665,1,41,0,1,1,1,1,1,0,1,1,1,1,1
807163355662802523,165.5,Entire home/apt,2,1,1,1,0,20.582379880746174,78737,House,1,3.3333333333333335,1,22,0,2,0,0,1,1,0,1,0,1,0,1
47201344,805,Entire home/apt,6,3,4,2.5,0,15.858521444092663,Other,House,1,1.8333333333333335,36,5,0,1,1,0,1,1,0,1,0,1,1,0
1308120703430614242,541,Entire home/apt,6,3,3,2,0,3.4208495364479545,78704,House,0,10.916666666666666,40,9,0,1,0,0,1,1,0,1,0,1,0,0
46010410,1249,Entire home/apt,16,10,26,7,0,1.7118927968708915,78702,House,1,14.5,13,0,0,1,1,0,1,1,0,0,0,1,1,1
1613214993608353504,65.75,Private room,1,1,1,1,1,10.2822949986386,78745,House,0,0.3333333333333333,1,0,1,4,0,0,1,1,0,1,0,1,1,0
1669685812237724479,741.7700000000001,Private room,2,1,1,1,0,0.7196818320954406,78701,Hotel-like,0,0.16666666666666666,1,0,1,2,1,0,1,0,0,1,0,0,0,0
1637316857938345882,228,Entire home/apt,3,1,1,1,0,0.6188596913210384,78701,Apartment/Condo,1,1.8333333333333335,1,12,0,1,1,0,1,1,0,1,0,1,0,1
811766604883721670,310,Entire home/apt,12,3,5,2.5,0,21.926675650460712,78734,House,1,3.3333333333333335,1,18,0,2,0,0,1,1,0,1,0,1,1,1
28182587,867,Entire home/apt,16,5,14,3.5,0,1.5465747481648568,78702,House,1,14.5,13,3,0,1,1,0,1,1,0,0,0,1,1,1
1341529868729750750,232,Entire home/apt,3,1,1,1,0,10.742117157432784,78745,Apartment/Condo,1,1.25,1,20,0,1,1,0,1,1,1,1,0,1,0,1
45961023,588,Entire home/apt,15,4,12,3,0,15.949143549769168,78737,House,0,5.5,1,9,0,2,1,1,1,1,0,1,0,0,1,1
744841235451740492,705,Entire home/apt,11,4,6,3,0,3.394880641012626,78702,House,1,3.3333333333333335,5,13,0,2,1,0,1,1,0,1,0,1,1,1
1476269529013449548,137,Entire home/apt,3,1,1,1,0,6.7838169942933,78757,House,0,11.666666666666666,1,7,0,1,0,0,1,1,0,0,0,0,1,1
807327331025039638,289,Entire home/apt,15,4,8,3,0,5.3729384263133,78721,House,0,4,38,42,0,1,0,1,1,1,0,1,0,1,1,1
9713167,467,Entire home/apt,6,3,3,2,0,3.3625046196034596,78703,Apartment/Condo,0,10.333333333333334,1,8,0,1,0,0,1,1,0,1,0,1,0,1
868131911122777998,357.42999999999995,Private room,3,1,1,1,0,0.6465404865493488,78701,Hotel-like,0,3.25,92,0,1,1,1,0,1,0,1,0,0,1,1,1
856456166087960686,301.34000000000003,Entire home/apt,14,4,8,2,0,10.062082128572118,78744,House,1,3.6666666666666665,5,0,0,2,0,0,1,1,0,1,0,1,0,1
1545672449422071039,582,Entire home/apt,6,3,3,2.5,0,15.459726817983684,Other,House,1,14.416666666666666,7,0,1,2,0,0,1,1,0,1,0,1,0,0
1678465625675798355,165.6,Entire home/apt,4,1,2,1,0,0.754970464991424,78701,Apartment/Condo,0,0.08333333333333333,4,0,1,2,1,0,1,0,1,1,0,1,0,0
889127826959185349,132,Private room,3,1,1,1,0,12.652508568276351,Other,Hotel-like,0,3.25,92,0,0,1,0,0,1,0,1,0,0,1,1,1
1658926794654949292,127.2,Entire home/apt,2,1,1,1,0,5.814131142402317,78704,Apartment/Condo,1,4.5,178,0,1,1,1,0,1,0,0,1,0,0,1,1
1367721091034006196,203.67,Entire home/apt,6,2,2,1,0,4.849774992541728,78721,House,1,1.25,1,23,0,3,0,0,1,1,0,1,0,1,0,1
39444911,157.5,Entire home/apt,4,1,1,1,0,23.78904934022029,78734,Guesthouse/Guest suite,1,5.75,1,16,0,2,0,0,1,1,0,1,0,1,1,1
45804707,292,Entire home/apt,6,3,3,2,0,9.28193907010092,78745,House,1,5.666666666666667,1,15,0,2,0,0,1,1,0,1,0,1,1,1
955934739526332970,227,Entire home/apt,2,1,1,1,0,4.766990943345875,78723,House,1,2.8333333333333335,1,12,0,1,1,0,1,1,0,1,0,0,0,1
1305875120271840777,272,Entire home/apt,8,3,3,3.5,0,7.150527507601928,78723,House,0,1.5,3,69,0,1,0,0,1,1,0,1,0,1,0,1
1502983418354973012,131,Hotel/shared room,2,1,1,1,0,4.394798126446498,78704,Hotel-like,0,3.4166666666666665,23,0,1,1,1,0,1,1,1,1,1,1,1,1
16415063,300.40999999999997,Entire home/apt,8,4,4,3,0,9.338198884559267,78746,House,1,10.916666666666666,1,0,0,2,0,0,1,1,0,1,0,1,0,1
41682653,371,Entire home/apt,11,4,7,3,0,9.553436035001162,78745,House,0,6.416666666666667,2,20,0,1,0,0,1,1,0,1,0,0,0,1
837305979623084360,327,Entire home/apt,4,1,2,1,0,0.6998561500585184,78701,Apartment/Condo,0,3.9166666666666665,5,0,1,2,1,0,1,0,0,1,0,1,0,0
1708085713363672975,274,Entire home/apt,4,2,2,2.5,0,6.397920052968683,78741,House,0,11.583333333333334,1,0,1,2,0,0,1,1,0,1,0,1,0,0
1465979488707580585,271,Entire home/apt,4,2,2,2.5,0,3.5251239581924274,78702,House,1,3.25,9,44,0,1,0,0,1,1,0,1,1,1,1,1
32502524,328.5,Entire home/apt,2,1,1,1,0,4.3235177703854015,78704,Guesthouse/Guest suite,0,14.25,3,0,0,2,0,0,1,1,0,0,0,1,1,0
1359630679366955809,353.07,Entire home/apt,4,2,2,2,0,2.5648593882391673,78722,House,1,4.666666666666667,47,35,0,1,0,0,1,1,0,1,0,0,0,1
1615443864171245700,233,Entire home/apt,2,1,1,0,0,1.1956589946165126,78701,Apartment/Condo,0,2.0833333333333335,42,0,1,1,1,0,1,0,1,0,0,0,1,1
1042855583525423130,2029,Entire home/apt,16,3,15,3.5,0,24.10662641238055,78734,House,0,2.4166666666666665,1,7,0,1,0,0,1,1,1,1,0,1,1,1
5144584,400,Entire home/apt,4,2,2,2,0,8.238194075323415,78757,House,1,11.25,1,9,0,1,0,0,1,1,0,1,0,0,0,1
52496647,297,Entire home/apt,8,3,4,3,0,1.9671465290525825,78702,Apartment/Condo,0,8.666666666666666,53,30,0,1,0,0,1,1,0,1,1,1,1,1
1305107380085400850,152.33,Entire home/apt,4,2,3,1,0,2.8021158655051135,78702,Apartment/Condo,1,13.666666666666666,1,19,0,3,0,0,1,1,0,0,0,1,0,1
1425347875114978346,116,Entire home/apt,2,1,1,1,0,3.7493455931457134,78704,Guesthouse/Guest suite,1,13.333333333333334,1,9,0,2,0,0,1,1,0,0,0,1,0,1
16846660,522.5,Entire home/apt,12,5,7,3,0,1.9945146120631474,78702,House,1,11.25,9,2,0,2,0,0,1,1,0,1,0,1,0,1
854346664543569972,241,Private room,2,1,1,1,0,0.6465404865493488,78701,Hotel-like,0,3.25,92,2,0,1,1,0,1,0,1,0,0,1,1,1
1155778073697659775,550.5,Entire home/apt,14,5,7,2,0,11.836114446750178,78758,House,1,2,3,26,0,1,1,0,1,1,0,1,0,1,0,1
1551626117941823054,792,Entire home/apt,16,4,10,3,0,1.5987317617939554,78702,House,0,0.5,1,12,0,2,1,1,1,1,0,1,1,1,0,1
11548530,599.2,Entire home/apt,6,4,4,2,0,4.996165531975838,78704,House,0,13.083333333333334,2,0,0,5,0,0,1,1,0,1,0,1,0,0
1145970481657301704,189,Entire home/apt,3,1,1,1,0,13.987556756145285,78758,Apartment/Condo,0,2.5,1,2,0,1,1,0,1,1,1,1,0,1,0,1
1593105002062684114,349.5,Entire home/apt,5,2,2,1,0,2.1650316175010804,78702,Guesthouse/Guest suite,0,6.75,1,9,0,1,1,0,1,1,0,1,0,1,0,1
740811462980206915,461.04,Entire home/apt,8,4,4,3,0,3.2318859032061975,78751,House,1,3.5833333333333335,1,13,0,2,1,0,1,1,1,1,0,1,1,1
15956612,300,Entire home/apt,4,2,2,1,0,1.7583125685725045,78703,House,1,11,7,28,0,2,0,0,1,1,0,1,0,1,0,1
573804127603280541,302.40999999999997,Entire home/apt,4,1,2,1,0,2.0337686689317334,78701,Apartment/Condo,0,3.1666666666666665,4,29,0,1,1,0,1,0,0,1,0,1,1,0
1415266648310660525,69.33,Entire home/apt,4,2,2,1,0,6.87796453548075,78723,Apartment/Condo,0,1.5833333333333335,4,15,0,4,0,0,1,1,0,1,0,1,1,0
1471217900897744146,261,Entire home/apt,4,1,1,1,0,4.664328062877336,78704,Apartment/Condo,1,0.75,3,1,0,1,0,0,1,1,1,1,1,1,0,1
30694169,337,Entire home/apt,2,1,1,1,0,22.248605204938137,78734,Guesthouse/Guest suite,0,7.5,1,7,0,2,0,0,1,0,0,0,1,0,0,1
2198635,256,Entire home/apt,5,2,3,1.5,0,8.417767326552408,Other,Apartment/Condo,0,12.333333333333334,1,2,0,2,0,0,1,1,0,1,0,0,0,1
1511182067212538738,255,Entire home/apt,4,1,1,1,0,2.656472476507051,78704,Apartment/Condo,0,0.75,1,4,0,1,1,1,1,1,1,1,0,1,1,1
736130249497717205,650.6700000000001,Entire home/apt,5,3,3,2,0,2.526106909191264,78704,House,0,3.6666666666666665,1,0,0,3,0,0,1,1,0,1,0,0,1,1
1406601863391261156,81.01,Private room,4,1,2,1,0,20.24078785579416,Other,Hotel-like,0,1.0833333333333333,4,59,0,1,1,0,1,1,0,1,0,1,1,0
879082393748992449,205,Entire home/apt,2,1,1,1,0,2.938127500059253,78702,House,1,11.25,1,6,0,1,0,0,1,1,0,1,0,1,1,1
1704436,286.5,Entire home/apt,4,2,2,1,0,3.0693002793219812,78704,House,1,12.666666666666666,1,12,0,2,0,0,1,1,0,1,0,1,1,1
1471006579742548379,127,Entire home/apt,2,1,2,1,0,4.212966297277316,78702,Guesthouse/Guest suite,1,0.8333333333333334,1,41,0,2,0,0,1,1,0,0,0,1,0,1
1554617932807873689,171,Entire home/apt,4,1,1,1,0,3.194523726168045,78751,Apartment/Condo,0,0.25,1,3,0,1,0,0,1,1,0,1,0,1,1,1
31039810,1110,Entire home/apt,16,6,13,4.5,0,24.608198472437287,78737,House,0,8.083333333333334,3,4,0,1,1,1,1,1,0,1,0,1,1,1
1126852471025680393,262,Entire home/apt,5,2,2,2,0,5.111853265860997,78721,House,1,6.666666666666667,11,32,0,1,0,0,1,1,0,1,0,1,1,1
1600757945212119767,144.8,Entire home/apt,4,1,2,1,0,5.814131142402317,78704,Apartment/Condo,1,4.5,178,0,1,1,1,0,1,0,0,1,0,0,1,1
996491305554745187,340,Entire home/apt,10,3,8,2,0,5.377505869202767,78751,House,1,9.75,33,33,0,1,0,0,1,1,0,1,0,1,0,1
913298726884707929,110.79,Entire home/apt,4,2,2,1.5,0,7.893913097916779,78745,House,0,3,1,0,0,7,0,0,1,1,0,1,0,1,1,1
1645776347838589655,837.25,Entire home/apt,16,5,11,3.5,0,8.719886896511873,Other,House,0,6.583333333333333,3,4,0,2,1,1,1,1,0,1,0,1,0,1
1597504740350940092,270,Entire home/apt,8,3,4,2.5,0,2.6649815021564702,78702,House,1,11.416666666666666,5,12,0,2,0,0,1,1,0,1,0,1,1,1
7837707,181.5,Entire home/apt,4,2,2,1,0,1.8222390233598629,78705,Apartment/Condo,1,10.833333333333334,6,11,0,2,0,0,1,1,0,1,0,1,0,1
45048204,86.47,Entire home/apt,4,1,1,1,0,0.96162658732948,78701,Apartment/Condo,0,5.833333333333333,1,6,0,4,0,0,1,1,0,1,0,0,1,1
1606151295972746168,136.33,Entire home/apt,4,1,1,1,0,11.440473824825748,78758,Apartment/Condo,0,1.75,8,9,0,2,1,0,1,1,1,1,1,1,0,1
54228256,925,Entire home/apt,16,4,9,3.5,0,17.464741572271564,78737,House,0,8.083333333333334,3,1,0,1,1,1,1,1,0,1,0,1,1,1
1410778742911623048,375,Entire home/apt,10,4,9,2,0,2.736278091519938,78702,House,1,5.833333333333333,18,3,0,1,1,0,1,1,0,1,1,1,1,1
1372578001420905094,339,Entire home/apt,6,3,3,2.5,0,21.470740876596444,78734,House,1,6.25,1,18,0,1,0,0,1,0,0,1,0,1,1,1
1483670726379061816,265,Entire home/apt,12,3,6,2,0,4.5344879120696975,78721,House,0,3.75,31,43,0,1,0,0,1,1,0,1,0,1,0,1
46300402,159.76999999999998,Entire home/apt,8,3,3,2,0,14.25247724609206,78758,House,0,5.583333333333333,6,27,0,2,0,0,1,1,0,1,0,0,1,1
962200498139760784,228,Entire home/apt,4,2,2,1,0,13.187704773058751,78758,House,1,2.8333333333333335,3,16,0,1,0,0,1,1,0,1,0,1,1,1
1533641726550132040,126,Entire home/apt,3,1,1,1,0,3.869669335618137,78741,Apartment/Condo,1,1,8,47,0,1,0,0,1,1,0,1,0,1,0,1
1341456478884589929,446.15000000000003,Entire home/apt,8,3,4,2,0,3.948244980741656,78704,House,1,3,1,34,0,1,1,0,1,1,0,1,1,1,1,1
43817859,864.6700000000001,Entire home/apt,12,4,9,3.5,0,24.62139289875011,78734,House,1,8.25,13,11,0,2,1,1,1,1,0,1,0,1,0,1
959106396079258465,200,Private room,6,2,2,2,0,7.0580975699302675,78745,Hotel-like,0,3.25,92,2,0,1,0,0,1,0,1,1,0,1,1,1
2357311,214.33,Entire home/apt,4,1,2,1,0,5.437241597765125,Other,Guesthouse/Guest suite,1,15.083333333333334,2,10,0,3,0,0,1,1,0,1,0,1,0,1
26495184,550,Entire home/apt,16,5,10,3,0,6.232967005774124,78721,House,1,9.083333333333334,1,17,0,2,1,1,1,1,0,1,0,1,1,1
813945042274346008,232,Entire home/apt,4,2,2,3,0,5.232525239780445,78704,House,1,3.75,4,18,0,2,0,0,1,1,0,1,0,0,0,1
36807370,859,Entire home/apt,12,5,6,3.5,0,0.8571774849975469,78701,House,0,9.25,47,10,0,2,1,0,1,1,0,1,0,1,1,1
1192241759685152535,149,Entire home/apt,6,2,4,2,0,13.39339774740068,Other,Apartment/Condo,0,4,38,35,0,1,1,0,1,1,1,1,0,1,1,1
1124999664637984285,295.56,Entire home/apt,5,2,2,2.5,0,13.41128733734815,78744,House,1,6.583333333333333,1,33,0,1,0,0,1,1,0,1,0,1,0,1
1661675760398448341,78.74000000000001,Private room,5,1,3,1,1,1.7929341350761785,78705,Apartment/Condo,0,1.6666666666666665,9,8,0,1,0,0,1,1,0,1,0,0,0,0
48850243,346,Entire home/apt,4,1,2,1,0,1.1771381525781088,78701,Apartment/Condo,0,9.833333333333334,28,150,0,1,1,0,1,0,1,1,1,1,1,1
1075590183723915313,127,Entire home/apt,4,1,2,1,0,4.5866276741268015,78704,Apartment/Condo,0,4,38,33,0,1,0,0,1,1,0,1,0,1,1,1
870290900551469456,522,Entire home/apt,12,4,5,3,0,6.489723240481218,78757,House,1,13.916666666666666,7,8,0,1,0,0,1,1,0,1,0,1,1,1
1109736087686979649,673.5,Entire home/apt,4,1,1,1,0,3.763225394657816,78704,Apartment/Condo,0,1.6666666666666665,1,0,0,2,1,0,1,1,0,1,0,1,1,0
1021761257026385487,242,Entire home/apt,2,1,1,1,0,2.033767253689002,78701,Apartment/Condo,0,12.333333333333334,20,28,0,1,1,0,1,0,1,1,1,0,0,0
18110012,528,Entire home/apt,8,2,3,1.5,0,3.920048408193666,78704,House,1,9.166666666666666,1,1,0,2,0,0,1,1,0,1,0,1,0,1
47869382,486.28,Entire home/apt,12,4,6,2.5,0,7.613724696970148,78745,House,1,5.333333333333333,1,37,0,1,0,0,1,1,0,1,0,1,1,1
41332040,344,Entire home/apt,6,3,3,2,0,9.30665101212286,78744,House,1,8.25,35,5,0,1,1,0,1,1,0,1,0,1,0,1
883393628922567060,404.5,Entire home/apt,16,6,9,3,0,2.836140909516398,78702,House,1,6.666666666666667,14,29,0,2,0,0,1,0,0,1,0,0,1,1
725281801425916703,246,Entire home/apt,4,1,1,1,0,6.403428245671272,78741,Apartment/Condo,0,8.666666666666666,53,36,0,1,0,0,1,1,1,1,1,1,0,1
996487458603823581,128,Entire home/apt,2,1,1,1,0,2.3014639781724133,78722,Unique/other,1,13.916666666666666,7,22,0,1,0,0,1,1,0,0,0,1,1,1
1558799314298634410,136.94,Private room,2,1,1,1,0,6.306970579613248,78757,House,0,0.5833333333333334,1,0,1,1,1,1,1,1,0,1,0,0,0,0
48145916,175,Entire home/apt,2,1,1,1,0,1.9495962464125225,78702,Apartment/Condo,1,5.333333333333333,5,22,0,1,1,0,1,0,0,1,0,1,1,1
1627765792909973497,1548,Entire home/apt,16,12,12,12,0,2.1939077739541974,78702,Apartment/Condo,0,9.833333333333334,28,0,1,1,0,0,1,0,1,1,0,1,1,1
20171877,699.54,Entire home/apt,16,5,15,3.5,0,3.3757522554945627,78741,House,0,11.333333333333334,18,8,0,3,1,0,1,1,0,0,0,1,0,1
29986605,199,Entire home/apt,5,2,2,2,0,12.25419294356112,Other,House,1,7.5,2,31,0,1,0,0,1,1,0,0,0,0,1,1
28366970,495.5,Entire home/apt,10,3,6,2,0,4.901877218086524,78704,House,1,7.833333333333333,1,19,0,2,1,0,1,1,0,1,0,1,1,1
17498517,150.33,Entire home/apt,2,1,1,1,0,2.1441962999365156,78702,Guesthouse/Guest suite,1,7.333333333333333,3,131,0,1,0,0,1,1,0,0,0,1,0,1
1290198006125420835,165,Entire home/apt,2,1,1,1,0,9.140071253629495,78753,House,0,11.333333333333334,1,0,1,3,0,0,1,1,0,1,0,1,1,1
18720910,399.5,Entire home/apt,4,2,2,2,0,3.4997942291283435,78704,House,1,11.333333333333334,1,3,0,2,0,0,1,1,0,0,0,1,1,1
668917612278026760,1349,Entire home/apt,6,3,4,2,0,14.560165666685073,Other,House,1,3.9166666666666665,4,1,0,2,0,0,1,1,0,1,0,0,1,1
1461266,120.2,Entire home/apt,2,1,1,1,0,3.31958389715742,78751,Guesthouse/Guest suite,1,15.083333333333334,10,7,0,3,0,0,1,1,0,1,0,1,0,1
1462548626524965681,173,Entire home/apt,3,1,1,1,0,5.97136582499586,78723,Apartment/Condo,0,6.416666666666667,5,12,0,1,1,0,1,1,1,1,0,1,0,1
44334709,386,Entire home/apt,4,1,2,1,0,1.3566404752210208,78701,Apartment/Condo,0,9.833333333333334,28,82,0,1,1,0,1,0,1,1,1,1,1,1
1106647838650382338,414,Entire home/apt,6,2,3,2,0,4.972930186533012,78704,House,0,9.25,47,6,0,2,0,1,1,1,0,1,0,1,1,1
1614777759502810171,1640,Entire home/apt,16,10,10,10,0,2.1939077739541974,78702,Apartment/Condo,0,9.833333333333334,28,0,1,1,0,0,1,0,1,1,0,1,1,1
730572349830130345,102,Entire home/apt,2,1,1,1,0,7.4966134048983575,78745,Guesthouse/Guest suite,1,3.5833333333333335,1,113,0,1,0,0,1,1,0,0,0,0,0,1
1657543366231264852,311.33,Entire home/apt,7,3,3,3.5,0,6.7278911427052295,78741,House,0,1.3333333333333333,2,0,1,3,0,0,1,1,0,1,0,1,0,1
1519202120425761694,198,Entire home/apt,4,2,2,2,0,4.3367188725475465,78721,House,1,14.333333333333334,9,62,0,1,0,0,1,1,0,1,0,1,0,1
630624331006655039,308,Entire home/apt,16,7,12,3,0,4.089029992708339,78702,House,1,4.083333333333333,12,60,0,1,1,0,1,1,0,1,0,1,0,1
674826842240363358,86.73,Entire home/apt,2,1,1,1,0,14.835591238458862,78744,Guesthouse/Guest suite,1,3.9166666666666665,1,28,0,2,0,0,1,1,0,0,0,1,1,1
868089553442641006,249,Private room,2,1,1,1,0,0.6465404865493488,78701,Hotel-like,0,3.25,92,0,0,1,1,0,1,0,1,0,0,1,1,1
1655903453666712164,846,Entire home/apt,10,5,5,4,0,21.229256519239915,78734,House,1,1,1,5,0,2,1,1,1,1,0,1,0,1,0,1
34807587,217,Entire home/apt,11,2,7,2,0,1.2253388752734402,78702,Apartment/Condo,1,9.833333333333334,18,71,0,1,0,0,1,1,0,1,0,1,0,0
978369129441451005,204.26999999999998,Entire home/apt,6,2,3,1,0,2.495048406654554,78705,House,1,2.5833333333333335,1,36,0,1,0,0,1,1,0,1,0,0,1,1
48903773,269,Entire home/apt,6,3,3,1,0,5.9262578578204455,78741,House,1,5.166666666666667,3,21,0,1,0,0,1,1,0,1,0,0,1,1
21152440,212,Entire home/apt,2,1,1,1,0,2.423267755920854,78702,Guesthouse/Guest suite,1,13.833333333333334,7,22,0,1,0,0,1,1,0,1,0,1,0,1
1701654630464053860,153.49,Entire home/apt,2,1,1,1.5,0,2.91595289819587,78702,House,1,5.833333333333333,12,0,1,2,0,0,1,1,0,1,0,0,1,0
14991271,422.5,Entire home/apt,6,3,3,3,0,10.128400411673057,78746,House,1,9.75,3,16,0,2,0,0,1,1,0,1,0,1,1,1
1434253263413807084,253.34,Entire home/apt,4,2,2,2.5,0,7.247860243559557,78745,House,1,1.0833333333333333,1,46,0,2,1,0,1,1,0,1,0,1,0,1
826137465438428731,423.5,Entire home/apt,6,3,4,2,0,15.533512125795008,Other,House,1,8.25,13,4,0,2,0,0,1,1,0,1,0,1,0,1
54377948,263,Entire home/apt,7,3,3,2,0,13.834674221263773,Other,House,0,3.25,1,18,0,2,0,0,1,1,0,1,1,1,0,1
52127979,158.67,Entire home/apt,4,2,3,1,0,2.7635855090204786,78704,House,1,7.083333333333333,2,41,0,2,0,0,1,1,0,1,0,1,0,1
1242019445945410365,417,Entire home/apt,7,3,5,2,0,15.200802477868761,Other,House,0,4.25,37,4,0,2,1,0,1,1,0,1,0,1,0,1
1532844492789341072,269,Entire home/apt,5,2,2,2,0,4.6222223156769555,78741,Apartment/Condo,1,1.0833333333333333,2,27,0,1,1,1,1,1,0,1,1,1,0,1
41213255,190.58,Entire home/apt,5,2,4,2,0,20.278335203781747,78734,House,1,6.416666666666667,1,36,0,2,0,0,1,1,0,1,0,1,0,1
14073051,350,Entire home/apt,6,2,2,2,0,26.104252390962777,78734,House,0,10.25,17,0,0,2,1,0,1,1,0,1,0,0,0,0
48735683,708.5,Entire home/apt,16,9,15,5.5,0,6.462964363329136,78741,House,1,6.333333333333333,2,29,0,2,0,1,1,1,0,1,0,1,0,1
999463364304119916,331,Entire home/apt,5,2,2,2,0,2.6187281527060007,78705,House,0,2.6666666666666665,1,29,0,1,0,0,1,1,1,1,0,1,0,1
1545034860530172752,284.5,Entire home/apt,6,3,3,2.5,0,16.126787338111875,Other,House,0,0.5833333333333334,1,2,0,2,0,0,1,1,0,1,0,1,1,1
1417777444470809881,324.5,Entire home/apt,4,2,2,1,0,3.758107420230746,78702,House,0,1.0833333333333333,3,3,0,2,0,0,1,1,0,1,0,0,0,1
1521302306139511078,500,Entire home/apt,8,4,4,3.5,0,3.578701746345238,78704,House,1,9.083333333333334,6,9,0,1,0,0,1,1,0,1,0,1,1,1
1326179646686561572,450,Entire home/apt,16,4,10,2.5,0,2.070393719636349,78702,House,1,5.083333333333333,12,21,0,2,1,0,1,1,0,1,0,1,0,1
1581901253164836602,382,Entire home/apt,10,3,5,2,0,14.647456619717655,78758,House,1,3,24,9,0,2,1,0,1,1,0,1,0,1,0,0
1331544240553650845,389.28999999999996,Entire home/apt,6,2,3,2,0,3.0415040110987945,78702,House,1,2,8,9,0,2,0,0,1,1,0,1,0,1,0,1
1632776123219969883,692.65,Entire home/apt,6,2,2,2.5,0,0.8136482401098396,78701,House,0,6.5,5,6,0,1,0,0,1,1,0,1,0,1,0,1
1450804658930427203,399.5,Entire home/apt,4,2,2,1,0,6.4413557895516504,Other,House,0,0.9166666666666666,1,1,0,2,0,0,1,1,0,1,0,1,0,1
824009210646157612,167.5,Entire home/apt,4,1,2,1,0,4.260673301057748,78704,Apartment/Condo,0,4.25,37,9,0,2,0,0,1,1,0,1,0,1,0,1
51490175,342.5,Entire home/apt,8,4,4,2,0,14.891641361600742,78724,House,0,6.583333333333333,3,0,0,2,0,0,1,1,0,1,0,0,0,0
48044613,150.33,Entire home/apt,3,1,1,1,0,3.6261623964614147,Other,Guesthouse/Guest suite,1,2.75,1,23,0,3,0,0,1,1,0,1,0,0,0,1
1406523773870863163,145,Private room,2,5,4,1,1,8.726080338049472,78744,House,0,1.0833333333333333,1,0,1,1,0,0,1,1,0,1,0,1,1,0
1237733300792852519,273.54,Entire home/apt,6,2,4,2,0,2.1834864957004494,78704,Apartment/Condo,0,2.1666666666666665,2,30,0,1,1,0,1,1,1,1,0,1,0,0
1142254504537756707,538.9,Entire home/apt,4,2,2,2.5,0,4.423756960673561,78721,House,1,8.833333333333334,10,11,0,2,0,0,1,1,0,1,0,0,1,1
1507330436464498328,54.01,Entire home/apt,2,1,1,1,0,7.050484693634426,78752,Apartment/Condo,0,3.5,35,3,0,5,1,0,1,1,1,0,0,1,1,1
1428962103957598188,160,Entire home/apt,4,2,1,1,0,10.107941817863031,78724,Unique/other,1,14.166666666666666,9,9,0,2,1,1,1,1,0,1,0,0,0,1
840477794683292635,432.6,Private room,6,2,3,2,0,0.8234804715412497,78701,Hotel-like,0,10.166666666666666,1,0,1,5,1,0,1,0,0,1,0,1,0,1
1608432619937003073,104.5,Entire home/apt,4,1,1,1,0,3.409820787960959,78704,Apartment/Condo,0,0.3333333333333333,4,14,0,2,0,0,1,1,0,1,0,1,0,1
1232887828645842621,218.73,Entire home/apt,7,3,3,2.5,0,5.148712623659569,78741,House,1,8.25,1,6,0,7,1,1,1,1,0,1,1,1,1,1
47783195,257,Entire home/apt,6,2,3,2,0,24.06344263786934,78734,House,1,5.25,1,24,0,2,0,0,1,1,0,1,0,0,0,1
1363080740507498493,500.5,Entire home/apt,16,5,8,3.5,0,8.199819599987128,78752,House,1,1.25,2,44,0,2,1,0,1,1,0,1,0,1,0,1
1075425855101848085,649,Entire home/apt,16,5,10,4,0,4.895840964133746,78704,House,1,8.916666666666666,6,2,0,1,0,0,1,1,0,1,0,1,1,1
1697385308548019475,479.5,Entire home/apt,4,2,2,1,0,7.635167664591525,78745,House,1,5.75,2,0,1,2,0,0,1,1,0,1,0,1,1,1
993652146403870111,376,Entire home/apt,6,3,3,2,0,5.936270363556912,78741,House,1,3.8333333333333335,5,13,0,1,0,0,1,1,0,1,0,1,1,1
1251035755369651249,228.33,Entire home/apt,2,1,1,1,0,14.195880540286517,78758,Apartment/Condo,1,1.6666666666666665,1,10,0,2,0,0,1,1,1,1,0,1,0,1
966231642881386465,607.5,Entire home/apt,4,2,2,2,0,2.8192324174555004,78704,House,0,9.666666666666666,1,37,0,2,1,0,1,1,0,1,0,1,0,1
1700246277819519724,232.8,Entire home/apt,7,3,4,2,0,4.2326962845337865,78702,House,0,0,3,0,1,2,0,0,1,1,0,1,0,0,1,0
915091230393878619,260,Entire home/apt,4,1,2,1,0,8.269689398882566,78745,Apartment/Condo,1,2.5833333333333335,1,44,0,1,0,0,1,1,0,1,0,1,1,1
1313147533436802674,346,Entire home/apt,6,2,3,2.5,0,2.089150012788641,78702,House,1,10.333333333333334,41,38,0,1,0,1,1,1,0,1,0,0,0,1
17592822,322.5,Entire home/apt,10,3,8,2,0,3.466338909534676,78741,House,1,9.333333333333334,4,1,0,2,1,0,1,1,0,1,0,0,1,1
1091986860073475727,310.5,Entire home/apt,8,3,4,2,0,3.1877974428842926,78704,House,1,2.3333333333333335,1,24,0,2,0,0,1,1,0,1,0,1,1,1
846780,226.33,Entire home/apt,5,2,2,1,0,3.8144186432915044,78704,House,0,13.416666666666666,1,0,0,3,0,0,1,1,0,0,0,0,0,0
38558718,700,Entire home/apt,9,3,6,1,0,7.853870694382291,78752,House,1,8.416666666666666,1,5,0,1,0,0,1,1,0,1,0,1,1,1
704352912111277324,51.67,Private room,1,1,2,1,0,14.54408894989204,78724,House,0,7.25,5,2,0,3,0,0,1,1,1,1,0,1,0,1
975462460219449345,249,Entire home/apt,4,2,2,2.5,0,2.3529723280283728,78722,House,1,10.75,4,30,0,1,1,0,1,1,0,1,0,0,1,1
47814608,384,Entire home/apt,6,3,4,2.5,0,2.278620548049968,78702,House,1,9.833333333333334,1,36,0,1,0,0,1,1,0,1,0,1,1,1
1147206121002845436,375,Hotel/shared room,3,1,1,1,0,26.113937906418407,78734,Hotel-like,0,3.1666666666666665,48,0,1,1,1,0,1,0,1,0,0,1,1,1
10069202,214,Entire home/apt,2,1,1,1,0,1.285579195678786,78703,Apartment/Condo,1,11.666666666666666,10,37,0,1,0,0,1,1,0,1,0,1,1,1
988353422791210441,525,Entire home/apt,14,5,10,3.5,0,14.000726027667728,78744,House,1,7.25,3,11,0,2,0,0,1,1,0,1,0,1,1,1
1703707554123377600,296.71,Entire home/apt,4,1,2,1,0,0.7198008049300462,78701,Apartment/Condo,0,1.3333333333333333,2,0,1,2,1,0,1,0,1,1,0,0,0,0
1095742162255976387,214,Entire home/apt,8,2,3,1.5,0,3.383221720226518,78704,House,0,7.166666666666667,18,38,0,1,0,0,1,1,0,1,0,0,1,1
1420022421348822922,184,Entire home/apt,4,2,3,2,0,15.399384815687853,78753,Apartment/Condo,1,1.0833333333333333,6,31,0,1,1,0,1,1,1,1,1,1,1,1
963128867674676699,601.4,Entire home/apt,10,4,5,2,0,4.174498867498734,78704,House,1,5.166666666666667,11,18,0,2,1,1,1,1,0,1,0,1,1,1
52876817,241,Entire home/apt,4,2,2,1,0,1.9495962464125225,78702,Apartment/Condo,1,5.333333333333333,5,47,0,1,1,0,1,0,0,1,0,1,1,1
51803955,742,Entire home/apt,4,1,2,1,0,0.8838330800644804,78701,Apartment/Condo,0,12.25,23,0,1,1,1,0,1,1,1,1,0,1,0,1
1214570282514413856,1000,Entire home/apt,6,3,3,3,0,9.823708351329406,78746,House,0,10.916666666666666,40,17,0,1,1,1,1,1,0,1,0,1,0,0
1192218384070560217,153.5,Entire home/apt,4,1,2,1,0,13.194262824418901,Other,Apartment/Condo,0,4,38,11,0,1,1,0,1,1,1,1,0,1,1,1
1312489035676775810,231.09,Entire home/apt,4,2,2,1,0,6.613025952684953,Other,House,1,1.5,1,3,0,2,0,0,1,1,0,0,0,1,0,1
844958353122801489,236,Entire home/apt,6,2,3,2,0,1.6130436936182249,78703,Hotel-like,1,3.6666666666666665,30,0,1,2,1,0,1,0,1,1,0,1,0,1
1322034938952427764,375.5,Entire home/apt,9,4,6,2,0,17.60610586667478,Other,House,0,4.75,1,7,0,2,0,0,1,1,0,1,0,1,1,1
573422962353812503,200,Entire home/apt,3,1,1,1,0,9.80979893519593,78744,Guesthouse/Guest suite,0,10.333333333333334,1,2,0,1,0,0,1,1,0,0,0,1,1,1
6120864,228.5,Entire home/apt,8,2,4,2,0,21.439372012308425,Other,Apartment/Condo,0,11.083333333333334,1,2,0,2,1,0,1,1,0,1,0,1,1,1
21383010,1970.6699999999998,Entire home/apt,16,7,18,6.5,0,20.750217517606522,78737,House,1,8.666666666666666,12,2,0,3,1,1,1,1,0,1,0,1,1,1
1641513723765364388,346,Entire home/apt,10,3,4,2,0,2.383085568779254,78705,Apartment/Condo,1,0.9166666666666666,2,11,0,1,0,0,1,0,0,1,0,1,1,1
1250131686073924046,198,Entire home/apt,6,2,3,1.5,0,5.4674130118634094,78741,House,1,2.8333333333333335,6,26,0,1,0,0,1,1,0,1,0,1,1,1
1435515787134671355,310,Entire home/apt,8,2,4,2,0,2.3286775334286793,78704,Apartment/Condo,1,3.5,7,55,0,1,1,0,1,0,1,1,0,1,1,1
319894,357,Entire home/apt,6,3,3,2.5,0,8.768635821305333,78724,House,1,14.416666666666666,1,15,0,1,0,0,1,1,0,1,0,1,0,1
832730278744686241,514,Entire home/apt,4,2,2,1,0,3.647733105968688,78704,House,1,3.3333333333333335,1,0,0,1,0,0,1,1,1,1,0,1,1,1
1381859494701758235,480,Entire home/apt,16,4,9,3.5,0,17.378307483324807,78737,House,1,3.25,9,10,0,2,1,1,1,1,0,1,0,1,1,1
1534207834691067493,234,Entire home/apt,4,1,2,1,0,24.16484973770452,78734,Unique/other,1,1.75,1,11,0,1,1,1,1,1,1,0,0,0,1,1
1629546679176828218,164,Entire home/apt,3,1,2,1,0,8.726092459101835,78745,House,1,1.25,19,2,0,1,0,0,1,1,0,1,1,1,1,1
42560135,399.40999999999997,Entire home/apt,15,4,15,3,0,2.067198299678806,78702,House,0,11.333333333333334,18,4,0,2,0,0,1,1,0,1,0,1,0,1
1697253527584434577,433.67,Entire home/apt,6,3,3,3,0,1.5303609644237637,78705,Apartment/Condo,0,3.0833333333333335,1,0,1,3,1,1,1,0,0,1,0,0,0,0
45451834,690,Entire home/apt,16,4,10,3,0,8.743790673720905,78745,House,1,6.333333333333333,5,6,0,1,0,1,0,1,0,1,0,1,1,1
16207501,1864,Entire home/apt,16,7,14,5,0,15.086339448232485,Other,House,0,9.5,1,1,0,3,1,1,1,1,0,1,0,0,0,1
48145875,214,Entire home/apt,2,1,1,1,0,2.024556359579252,78702,Apartment/Condo,0,5.333333333333333,3,7,0,1,0,0,1,0,1,0,0,1,1,1
666766649011814830,229,Entire home/apt,4,1,2,1,0,2.034456987676643,78701,Apartment/Condo,0,5.166666666666667,23,15,0,1,1,0,1,1,1,1,1,1,0,1
1221619697642720838,178.5,Entire home/apt,4,1,1,1,0,4.31370228570818,78704,Apartment/Condo,0,3.9166666666666665,26,19,0,1,0,0,1,1,1,1,0,1,0,1
935410309079293746,466,Entire home/apt,16,7,10,4,0,5.00078313814312,78721,House,0,6.083333333333333,4,18,0,2,1,0,1,1,0,1,0,1,0,1
1672686828873132268,150.23999999999998,Entire home/apt,6,2,3,1.5,0,5.839055184067353,78704,House,1,2.9166666666666665,6,1,0,2,0,0,1,1,0,1,0,1,1,1
1507263941655758255,150,Entire home/apt,2,1,1,1,0,1.2632058842729998,78702,Guesthouse/Guest suite,1,2.1666666666666665,2,67,0,1,0,0,1,1,0,0,0,1,0,1
1602298241891807059,216,Entire home/apt,4,1,2,1,0,5.814131142402317,78704,Apartment/Condo,1,4.5,178,0,1,1,1,0,1,0,0,1,0,0,1,1
14074230,253.5,Entire home/apt,6,2,2,2,0,26.068436424185922,78734,House,0,10.25,17,0,0,2,1,0,1,1,0,1,0,0,0,0
52128681,306,Entire home/apt,6,3,4,2,0,10.577922527939194,78745,House,1,4.75,1,20,0,1,0,0,1,1,0,1,0,1,0,1
1191695444056350935,283.01,Entire home/apt,3,1,1,1,0,14.531541785516307,78758,Apartment/Condo,1,1.9166666666666665,2,20,0,1,1,1,1,1,1,1,1,1,0,1
574879619614432279,317,Entire home/apt,6,2,3,1.5,0,2.0295460552953655,78701,Apartment/Condo,0,10.5,9,16,0,1,1,0,1,0,1,1,1,1,1,1
1654711173483624068,170,Entire home/apt,3,1,1,1,0,5.857612699631694,78704,Apartment/Condo,1,0.25,6,3,0,1,1,0,1,1,1,1,0,1,1,1
1086479835731003012,179,Private room,2,1,1,1,0,1.4183671642113185,78703,Hotel-like,1,9.666666666666666,5,4,0,1,0,0,1,1,0,0,1,0,1,1
1576991388826809508,408,Entire home/apt,8,4,4,2,0,10.11300517235597,78745,Apartment/Condo,1,3,24,6,0,1,0,0,1,1,0,1,0,1,0,0
1040448194380323632,222.75,Entire home/apt,3,1,1,1,0,14.226862146236458,78758,Apartment/Condo,1,2.4166666666666665,1,5,0,3,1,0,1,1,1,1,1,1,0,1
1420899614485811989,159,Entire home/apt,4,2,2,2,0,15.412847363888423,78753,Apartment/Condo,1,1.3333333333333333,25,17,0,2,1,0,1,1,1,1,0,1,0,1
1579351883959033283,234,Entire home/apt,5,2,2,2.5,0,5.767432723488666,78746,Apartment/Condo,0,0.9166666666666666,1,8,0,1,1,1,1,1,0,1,0,0,0,1
5221313,628,Private room,4,2,2,1.5,0,2.2364688210681343,78702,House,0,11.333333333333334,1,0,0,2,0,0,1,1,0,1,0,0,0,1
50065125,176,Entire home/apt,4,2,2,1,0,3.9788131117900845,78741,Apartment/Condo,1,7.916666666666667,2,58,0,1,0,0,1,1,0,0,0,1,0,1
1141473236146520399,249,Entire home/apt,12,3,6,1.5,0,7.865592464597232,78752,House,0,3.75,31,43,0,1,0,0,1,1,0,1,0,1,1,1
704316076726446647,675.3299999999999,Entire home/apt,8,4,4,3,0,5.218750490674674,78704,House,0,3.75,1,0,0,3,1,0,1,1,0,1,0,1,1,1
876221119640027535,519,Entire home/apt,16,9,14,5,0,4.127692897159713,78702,House,1,9.833333333333334,18,27,0,1,1,0,1,1,0,1,0,1,0,1
1152867298191351227,950,Entire home/apt,16,5,11,3.5,0,15.949130552975715,Other,House,1,8.083333333333334,1,20,0,1,0,0,1,1,0,1,0,1,1,1
1091327761345399510,412,Entire home/apt,8,3,4,2,0,3.4753247532201716,78702,House,0,10.916666666666666,40,6,0,1,0,0,1,1,0,1,0,1,0,0
1231882675798406888,268.18,Entire home/apt,6,3,3,2.5,0,16.110628908176608,Other,House,0,3.75,18,39,0,1,0,0,1,1,0,1,0,1,0,1
889836517853642716,267,Entire home/apt,4,1,2,1,0,0.7073841044797875,78701,House,0,4.25,37,0,0,1,0,0,1,1,0,0,0,1,0,1
1298737172802694941,87.26,Entire home/apt,3,1,2,1,0,2.121777717221652,78704,Apartment/Condo,0,0.16666666666666666,15,20,0,1,1,0,1,1,0,1,0,1,0,1
1067583374988906041,245,Entire home/apt,4,1,1,1,0,15.066156437092184,78758,Apartment/Condo,0,2.4166666666666665,7,0,0,1,1,0,1,1,0,1,0,0,1,0
9032094,203,Entire home/apt,2,1,1,1.5,0,5.831908754778582,78741,Apartment/Condo,0,10.583333333333334,1,0,0,2,1,0,1,1,0,1,0,1,1,1
16338748,417,Entire home/apt,10,4,4,2,0,12.651972724041828,78758,House,1,10.666666666666666,10,18,0,2,1,0,1,1,0,1,0,1,1,1
1625373108658534892,364,Entire home/apt,4,2,2,2,0,4.665017190827793,78704,Apartment/Condo,1,4.5,178,2,0,1,1,0,1,0,0,1,0,0,1,1
619473611227486956,44,Hotel/shared room,1,1,1,2.5,1,8.684248315956058,78753,House,0,1.1666666666666667,8,29,0,1,0,0,1,1,0,0,0,1,0,1
813135551828847746,168.89000000000001,Private room,1,1,1,1,0,7.024993248379521,78723,House,0,6.916666666666667,1,0,1,1,0,0,1,1,0,1,0,1,0,0
567436042380780757,308.5,Entire home/apt,8,4,4,2.5,0,9.583234935526889,78744,House,1,8.25,35,6,0,1,1,0,1,1,0,1,0,1,0,1
2292322,188,Entire home/apt,4,1,2,1,0,2.11951198834698,78702,House,1,12.333333333333334,1,18,0,1,0,0,1,1,0,1,0,0,0,0
1159629773941508075,227.5,Entire home/apt,8,3,4,2,0,2.684534207817269,78704,Apartment/Condo,1,10.583333333333334,1,3,0,2,1,0,1,1,0,1,0,1,1,1
960315,430.5,Entire home/apt,10,5,2,0,0,5.955634057181908,78752,House,0,13.25,1,0,0,1,0,0,1,1,0,1,0,1,1,0
1575939363056615077,425,Entire home/apt,4,2,2,2.5,0,2.338362875160958,78704,House,0,0.5,1,2,0,1,0,1,1,1,0,1,0,0,0,0
756601320157515159,351,Entire home/apt,4,1,3,1.5,0,15.460572419600435,78724,House,1,3.6666666666666665,5,2,0,1,0,0,1,1,0,0,0,1,1,0
1090247188069150968,313.83,Entire home/apt,14,5,7,2,0,19.029685745045615,78737,House,1,2.25,1,20,0,2,0,0,1,1,0,1,0,1,1,1
1445264373044703025,113.55,Entire home/apt,4,1,1,1,0,0.8700929752240737,78701,Apartment/Condo,0,4.833333333333333,7,43,0,2,1,0,1,1,1,1,0,1,0,1
997702231675817542,132,Entire home/apt,5,2,2,1,0,4.3181795631804665,78702,House,1,2.5833333333333335,1,107,0,1,0,0,1,1,0,1,0,1,1,1
786947222633037218,184.5,Entire home/apt,7,3,4,2,0,8.95119628250113,78724,House,0,3.75,7,56,0,1,0,0,1,1,0,1,0,1,1,1
37809135,912,Entire home/apt,6,3,3,2,0,3.0998789517629493,78704,House,1,6.833333333333333,1,9,0,2,0,0,1,1,0,1,0,1,1,1
570285842594585232,130.70999999999998,Entire home/apt,4,1,1,1,0,14.546384424000951,Other,Guesthouse/Guest suite,1,4.25,1,22,0,1,0,0,1,1,0,0,0,1,1,1
1001539944471972916,345,Entire home/apt,16,7,8,3,0,3.696201653920021,78704,House,1,4.916666666666667,11,51,0,1,1,0,1,1,0,1,0,1,0,1
1399815629357711538,164,Entire home/apt,2,1,1,1,0,5.798205632554007,78704,Apartment/Condo,0,3.25,5,22,0,1,1,0,1,1,1,1,0,1,1,1
1667889607381313560,281.11,Entire home/apt,6,3,3,3,0,3.598540055189191,78704,House,0,3.75,1,0,1,3,0,0,1,1,0,1,0,1,0,0
1123879231499020636,222.33,Entire home/apt,2,1,1,1,0,14.355562315710023,78758,Apartment/Condo,0,3.1666666666666665,1,6,0,3,1,0,1,1,1,1,0,1,0,1
540788710315585100,350,Entire home/apt,8,3,6,2.5,0,21.66078264501994,78734,House,1,8.416666666666666,1,16,0,2,0,0,1,1,1,1,0,1,1,1
739110732168286659,278,Entire home/apt,10,3,5,2.5,0,3.0712224067593237,78702,House,1,3.6666666666666665,1,36,0,2,0,1,1,1,0,1,0,1,0,1
1693663009139816899,710,Entire home/apt,4,2,3,1,0,7.097093069222843,78746,House,0,0,1,0,1,7,0,0,1,1,0,1,0,1,0,0
1042655361983956427,301.4,Entire home/apt,3,3,3,2,0,21.05973250470571,78734,House,1,10.25,2,6,0,5,0,0,1,1,0,1,0,1,1,0
710801451771701296,118,Private room,2,1,1,1,0,14.141422828699328,78744,Guesthouse/Guest suite,0,3.6666666666666665,1,36,0,1,0,0,1,1,0,0,0,1,0,1
1418813353223103461,603.19,Entire home/apt,8,4,5,2,0,26.0699856821361,78734,House,1,8.25,2,0,1,7,1,0,1,1,0,1,1,1,1,0
1595094666598805126,216,Entire home/apt,4,1,2,1,0,5.814131142402317,78704,Apartment/Condo,1,4.5,178,0,1,1,1,0,1,0,0,1,0,0,1,1
1416691278316020182,197,Entire home/apt,3,1,1,1,0,2.7769909274581486,78704,Apartment/Condo,0,2.75,1,0,1,4,1,1,1,1,0,1,0,1,1,0
1358976079142508735,490.5,Entire home/apt,6,3,3,2.5,0,3.5044681588732582,78704,House,0,4.75,1,46,0,2,1,0,1,1,0,1,0,0,1,1
1507357175266179418,387.5,Entire home/apt,16,6,10,4,0,5.947853385946491,78721,House,1,6.833333333333333,10,22,0,2,0,1,1,1,0,1,0,1,0,1
668762602311596429,253,Entire home/apt,8,3,4,2,0,2.5024510579536963,78702,House,0,5.75,9,20,0,1,1,0,1,1,0,1,1,1,1,1
1529803224968953634,279.67,Entire home/apt,8,4,4,2,0,9.165107954046242,78744,House,1,3.6666666666666665,4,1,0,2,0,0,1,1,0,1,0,1,1,0
1652487783088490765,72,Private room,2,1,1,1.5,1,17.008799768830087,Other,House,1,2.5833333333333335,5,2,0,2,0,0,1,1,0,1,0,1,0,0
567345994347977938,302.40999999999997,Entire home/apt,4,1,2,1,0,1.9218200168433102,78701,Apartment/Condo,1,4.333333333333333,1,38,0,1,1,0,1,0,0,1,0,0,0,1
1147210529940156309,405,Hotel/shared room,3,1,1,1,0,26.113937906418407,78734,Hotel-like,0,3.1666666666666665,48,0,1,1,1,0,1,0,1,0,0,1,1,1
959550596975632815,742,Entire home/apt,8,4,4,3.5,0,14.983662534071652,78744,House,0,2.8333333333333335,1,1,0,3,0,0,1,1,0,1,0,1,0,1
47394606,247.51,Entire home/apt,6,2,3,2,0,14.16730826003869,Other,House,1,3.6666666666666665,1,31,0,1,1,0,1,1,0,1,0,1,1,1
990219186513520787,126,Entire home/apt,5,2,3,1,0,2.2331385202359644,78702,House,1,9.75,18,103,0,1,0,0,1,1,0,0,0,1,1,1
47797555,549.5,Entire home/apt,16,4,15,3,0,17.46488550627121,Other,House,1,6.666666666666667,3,23,0,2,1,1,1,1,0,1,1,0,1,1
724218025393694184,434,Entire home/apt,6,2,2,2.5,0,5.364407980568504,78741,House,1,8.25,1,12,0,1,0,0,1,1,0,1,0,1,1,1
51169203,245,Entire home/apt,6,2,2,1,0,5.5013863084472066,78741,Apartment/Condo,1,0.8333333333333334,1,16,0,1,1,0,1,1,0,1,0,1,0,1
28355549,566,Entire home/apt,6,3,3,2,0,25.19167754588859,78734,House,1,9.333333333333334,1,25,0,2,0,0,1,1,0,1,0,0,1,1
1680639469965468750,908,Entire home/apt,16,7,15,5,0,5.417884367793294,78721,House,1,10.333333333333334,41,4,0,1,1,1,1,1,0,1,0,1,0,1
883326621143681776,200.28,Entire home/apt,2,1,1,1,0,0.7461169782158441,78701,Apartment/Condo,1,5.583333333333333,6,22,0,2,0,0,1,1,0,1,0,1,0,1
1681072,553.59,Entire home/apt,9,4,5,3,0,3.9238506021595945,78704,House,1,12.75,1,37,0,2,1,0,1,1,0,1,0,1,0,1
836894631497264233,397.5,Entire home/apt,7,4,4,1,0,2.9393259780427443,78702,House,1,3.9166666666666665,4,37,0,1,1,0,1,1,0,1,0,1,1,1
51412923,405.5,Entire home/apt,6,3,3,2,0,11.48137474760951,Other,House,0,4.833333333333333,1,3,0,2,0,0,1,1,0,0,0,1,0,1
795133663610783386,239,Entire home/apt,6,3,3,1,0,7.294126635845017,78745,House,1,3.5,1,84,0,1,1,0,1,1,0,1,0,1,1,1
1322696346472930312,362.5,Entire home/apt,10,4,4,4,0,20.73751836819513,78729,House,0,1.6666666666666665,17,9,0,2,0,0,1,1,1,1,0,1,1,1
714176398774488809,361.5,Private room,6,2,3,2,0,0.7704450056369456,78701,Hotel-like,0,3.6666666666666665,25,0,1,2,1,1,1,0,1,1,0,1,0,1
1669846058406009720,231,Entire home/apt,4,1,2,1,0,8.770401960798667,78745,House,0,0.25,2,0,1,1,0,0,1,1,0,1,0,1,0,0
49027293,470,Entire home/apt,9,4,4,2,0,3.8357391284466558,78704,House,1,12.5,3,3,0,1,0,0,1,1,0,1,1,1,1,1
1433387030578101991,202.56,Entire home/apt,6,3,3,2,0,9.131302924699375,78753,House,0,3.0833333333333335,1,7,0,2,0,0,1,1,0,1,0,1,1,1
44334728,426,Entire home/apt,6,2,3,2,0,1.2866315344058514,78701,Apartment/Condo,0,9.833333333333334,28,20,0,1,1,0,1,0,1,1,1,1,1,1
895001500692426272,224,Entire home/apt,10,2,6,1,0,2.121777717221652,78704,Apartment/Condo,0,0.16666666666666666,15,22,0,1,1,0,1,1,0,1,0,1,0,1
931382498220036058,449.5,Entire home/apt,6,2,3,2,0,0.8630288731366843,78701,Apartment/Condo,1,4.25,9,1,0,2,1,0,1,0,0,1,0,0,0,0
1602334032881145710,239,Entire home/apt,2,1,1,1,0,21.90314072857118,78737,Guesthouse/Guest suite,0,8.25,1,1,0,2,1,1,1,1,0,0,0,0,1,0
1698030875125517114,155,Entire home/apt,6,3,3,2,0,16.0998914243051,78758,House,0,9.25,1,1,0,1,0,0,1,1,0,1,0,1,1,1
1676030901541851232,248,Entire home/apt,4,1,2,1,0,5.814131142402317,78704,Apartment/Condo,1,4.5,178,0,1,1,1,0,1,0,0,1,0,0,1,1
1676931292159563866,315,Entire home/apt,4,1,1,1,0,2.031239973204237,78701,Apartment/Condo,1,2.3333333333333335,4,4,0,1,1,0,1,0,1,1,1,1,1,1
1486839219611991899,341,Entire home/apt,6,3,5,2,0,8.701940251078742,78745,House,1,1.25,19,44,0,1,0,0,1,1,0,1,1,1,1,1
1171978762900897906,299,Entire home/apt,10,3,6,2,0,3.3930665735692784,78702,House,1,9.666666666666666,3,3,0,1,0,0,1,1,0,1,1,1,1,1
702825,321.62,Entire home/apt,8,3,3,2,0,4.818083480603163,78704,House,1,13.75,1,16,0,2,0,0,1,1,0,1,0,1,1,1
1313252234033736077,223,Entire home/apt,3,1,2,1,0,14.340828958104359,78758,Apartment/Condo,1,9.25,3,12,0,1,1,0,1,1,1,1,0,1,0,1
1568493739299705400,259,Entire home/apt,8,3,5,3,0,7.15352143982227,78741,House,0,0.5833333333333334,1,2,0,1,0,0,1,1,0,1,0,1,1,1
27961371,483.33,Entire home/apt,3,1,1,1.5,0,2.6889677618242884,78704,House,0,7.75,1,0,0,3,0,0,1,1,0,1,0,1,1,1
1238800209979150778,237.33,Entire home/apt,9,4,4,3.5,0,12.948638033653637,78744,House,0,1.75,1,18,0,3,1,0,1,1,1,1,0,1,1,0
1660201596775041492,104.5,Entire home/apt,2,1,1,1,0,5.574447607481278,78704,Apartment/Condo,1,0.25,6,7,0,2,0,0,1,1,0,1,0,1,1,1
38251338,520.25,Entire home/apt,8,4,5,3,0,4.790193609036139,78723,House,1,6.666666666666667,1,5,0,4,1,0,1,1,0,1,1,1,0,1
598448958128884257,1208,Entire home/apt,6,3,3,3,0,10.058274729870924,78746,House,0,9,15,0,0,2,0,0,1,0,0,1,0,1,0,0
681608799137735689,246,Entire home/apt,6,2,3,2,0,1.6130436936182249,78703,Apartment/Condo,1,4.333333333333333,28,0,1,2,1,0,1,0,1,1,0,1,0,1
45837493,228.33,Entire home/apt,8,4,4,4,0,26.27726669876982,Other,Apartment/Condo,0,9.166666666666666,1,4,0,6,0,0,1,0,0,1,0,0,1,1
842962217967744930,142,Entire home/apt,6,1,3,1,0,2.1136517631933462,78704,Apartment/Condo,0,0.16666666666666666,15,33,0,1,1,0,1,1,0,1,0,1,0,1
53861695,120,Entire home/apt,2,1,1,1,0,2.250543700174255,78722,House,1,4.416666666666667,1,120,0,1,0,0,1,1,0,1,0,1,0,1
1657322616759374158,562.4399999999999,Entire home/apt,10,4,11,2,0,17.336611170471226,Other,House,0,0.16666666666666666,1,8,0,1,1,0,1,1,0,1,0,0,1,1
1489157007410502389,400,Entire home/apt,4,2,1,1,0,5.273640154161809,78751,House,0,0.75,1,4,0,1,0,0,1,1,0,1,0,1,0,0
720525323038066085,204.91,Entire home/apt,5,2,2,1,0,22.380267855777436,78734,Unique/other,1,8.25,5,1,0,3,0,0,1,1,0,0,0,1,0,1
1586507438303302410,358.5,Entire home/apt,7,3,4,2,0,7.798217268775345,78745,House,0,9.916666666666666,2,9,0,2,0,1,1,1,0,1,0,0,1,1
1182526867606289589,291,Entire home/apt,8,2,4,2.5,0,7.431895359790223,Other,House,1,2,2,30,0,2,0,0,1,1,0,1,1,1,1,1
23019627,153,Entire home/apt,4,1,2,1,0,2.9531325321673436,78722,Guesthouse/Guest suite,1,8.166666666666666,1,38,0,3,0,0,1,1,0,0,0,0,1,1
2406891,145,Entire home/apt,2,1,1,1,0,4.0880118417775675,78722,Guesthouse/Guest suite,1,13.5,1,7,0,3,0,0,1,1,0,0,0,0,1,1
1338829486783287644,183.41,Entire home/apt,3,1,1,1,0,2.1925972725187,78704,Apartment/Condo,0,5.583333333333333,10,6,0,1,1,0,1,1,1,1,0,1,1,1
817221271773290014,190,Entire home/apt,6,2,3,2,0,1.9247253929280086,78701,Apartment/Condo,1,11.25,6,33,0,1,1,0,1,0,1,1,1,1,1,0
1654513752703483662,766.6700000000001,Entire home/apt,16,6,10,4,0,2.4561895570294627,78702,House,0,2.25,4,0,1,3,1,1,1,1,0,1,1,0,0,0
814018711173929812,451,Entire home/apt,8,3,3,2,0,10.73146108891128,78744,House,0,3.25,1,2,0,1,0,0,1,1,0,1,0,1,0,1
844287763394520471,304,Entire home/apt,8,3,4,2,0,2.472727758433066,78705,House,0,6.416666666666667,3,34,0,1,0,0,1,1,0,1,0,1,1,1
731142770196853068,213,Entire home/apt,8,3,4,2,0,9.938823515323445,78744,House,1,3.6666666666666665,5,14,0,2,0,0,1,1,0,1,0,1,0,1
51990565,239.65,Entire home/apt,8,3,6,2.5,0,8.705911799552835,78744,House,0,3.75,18,49,0,1,0,0,1,1,0,1,0,0,0,1
1695157623445741599,212,Entire home/apt,6,2,2,2,0,4.911385631043743,78704,House,1,4,87,11,0,2,0,0,1,1,0,1,0,1,0,1
681609656010527845,461.5,Entire home/apt,8,3,4,1,0,1.6130436936182249,78703,Apartment/Condo,1,4.333333333333333,28,0,1,2,1,0,1,0,1,1,0,1,0,1
841487938405698774,142.5,Entire home/apt,2,1,1,1,0,2.9711969691226714,78704,Guesthouse/Guest suite,1,3.1666666666666665,1,50,0,2,0,0,1,1,0,0,0,1,1,1
54319858,476.5,Entire home/apt,6,4,4,2.5,0,21.323085095477477,78734,House,0,4.083333333333333,1,1,0,2,0,0,1,1,0,1,0,1,1,0
1485004614425451663,171.18,Entire home/apt,4,1,2,1,0,5.755766436678441,Other,Apartment/Condo,1,0.6666666666666666,3,13,0,1,1,0,1,1,0,1,0,1,1,1
14072680,317.5,Entire home/apt,6,2,2,2,0,26.11231840437786,78734,House,0,10.25,17,0,0,2,1,0,1,1,0,1,0,0,0,0
1642130972251993075,351,Entire home/apt,4,2,3,1,0,12.44383916721047,Other,Apartment/Condo,1,3.8333333333333335,5,1,0,2,0,0,1,1,0,1,0,1,1,1
7859434,694,Entire home/apt,8,3,8,2,0,19.515598926403865,Other,House,1,11.666666666666666,6,6,0,2,1,0,1,1,0,1,0,0,1,1
973861068087887577,380.5,Entire home/apt,7,3,3,1,0,5.078799275844145,78723,House,0,2.75,2,0,0,2,0,0,1,1,0,1,0,0,0,1
1106115217630148543,496,Entire home/apt,6,2,3,2,0,4.210574762800095,78723,Guesthouse/Guest suite,1,10.333333333333334,1,7,0,1,0,0,1,1,0,1,0,0,0,1
1412969513362588969,347,Entire home/apt,8,4,3,2,0,8.798018213643063,78745,House,1,7,6,7,0,3,0,0,1,1,0,1,0,0,1,1
1613984964777516794,213,Entire home/apt,2,1,1,1,0,1.392166433358619,78701,Apartment/Condo,0,2.0833333333333335,42,0,1,1,1,0,1,0,1,0,0,0,1,1
1081865837375123566,398,Entire home/apt,8,2,2,2,0,1.9397873564727406,78701,Apartment/Condo,1,8.833333333333334,38,14,0,1,1,0,1,0,1,1,1,1,0,1
910073232842604297,169,Entire home/apt,2,1,1,1,0,2.727241965031984,78705,Apartment/Condo,0,6.833333333333333,3,46,0,1,0,0,1,1,0,1,0,1,1,1
1055061675152571372,512,Entire home/apt,14,4,8,3.5,0,3.11096082596642,78702,House,1,9.75,33,25,0,1,1,0,1,1,0,1,0,1,1,1
4236671,1739,Entire home/apt,6,1,3,1,0,2.3670472056732894,78704,Apartment/Condo,0,11.666666666666666,2,0,0,2,1,0,1,1,0,0,0,0,0,0
1634483633952102554,156,Entire home/apt,4,1,2,1,0,3.197409564934584,78751,Apartment/Condo,0,0.25,1,11,0,1,1,0,1,1,0,0,0,1,1,1
1623263108927118894,907.5,Entire home/apt,16,7,8,3.5,0,26.25290499400177,78737,House,1,1.5833333333333335,6,4,0,2,1,1,1,1,1,1,0,1,1,0
645540099314291356,248.86,Entire home/apt,6,3,3,2.5,0,15.59730286097723,Other,House,0,7.166666666666667,1,7,0,5,0,0,1,1,0,1,0,1,0,1
1187657852659748358,341.5,Entire home/apt,2,1,1,1,0,14.013160302497932,Other,Unique/other,0,1.9166666666666665,1,0,0,2,0,0,1,1,0,1,0,0,0,0
1614582583859232531,354,Entire home/apt,4,2,2,0,0,1.2275230094620242,78701,Apartment/Condo,0,2.0833333333333335,42,13,0,1,1,0,1,0,1,1,0,0,1,1
1126027126142932916,856,Entire home/apt,4,1,2,1,0,0.9091729331943255,78701,Apartment/Condo,0,12.25,23,0,1,1,1,0,1,0,0,1,0,0,1,1
9113180,175,Entire home/apt,2,1,1,1,0,1.9658041625180114,78702,Guesthouse/Guest suite,1,11.25,9,7,0,2,0,0,1,1,0,0,0,1,0,1
1525796420897329695,325,Entire home/apt,9,4,5,2,0,12.855905012506227,Other,House,1,7.833333333333333,2,14,0,1,1,0,1,1,0,1,0,1,0,1
1075620274290428642,177,Entire home/apt,3,2,1,1,0,5.204733955617547,78721,Unique/other,1,6.666666666666667,11,82,0,1,0,0,1,1,0,0,0,1,1,1
1664692,180.88000000000002,Private room,2,1,1,1,0,2.3418050145453977,78703,Guesthouse/Guest suite,1,12.666666666666666,1,16,0,2,0,0,1,1,0,0,1,1,0,1
45371687,217.5,Entire home/apt,8,2,4,2,0,5.554360032482031,78704,House,0,5.75,9,16,0,1,0,0,1,1,0,1,0,1,1,1
1357372271706145463,177.67,Entire home/apt,8,3,4,3,0,4.953079813702599,78741,Apartment/Condo,0,1.25,3,34,0,1,1,0,1,1,1,1,0,1,1,1
1692179539480554895,325.5,Entire home/apt,8,3,4,3,0,3.390288281598216,78703,House,0,0.08333333333333333,1,1,0,2,0,0,1,1,0,1,0,1,1,1
926501872224839113,526,Private room,6,2,3,1,0,0.9339576088889241,78701,Hotel-like,1,3,7,0,1,2,1,1,1,1,0,0,0,1,0,1
1706700165836200496,194,Private room,1,1,1,1,0,5.706568799971488,78746,House,0,5.916666666666667,23,0,1,1,0,0,1,0,0,0,0,1,0,0
1484457356077782610,239,Entire home/apt,10,3,5,3,0,4.964998172931069,78741,Apartment/Condo,1,1.1666666666666667,2,52,0,1,1,0,1,1,1,1,1,1,1,1
1633495212094159186,227.5,Entire home/apt,2,1,1,1,0,6.492847060244603,78752,House,0,0.25,1,19,0,1,0,0,1,1,0,0,1,1,0,1
1387080597831723206,550,Entire home/apt,11,4,8,2.5,0,12.930422545416524,Other,House,1,3.9166666666666665,1,20,0,1,0,0,1,1,1,1,0,1,1,1
39753269,247,Entire home/apt,15,5,10,3,0,2.864340132257083,78702,House,1,9.5,8,105,0,1,0,0,1,1,0,1,0,1,0,0
866696296088188695,236,Entire home/apt,4,3,2,2,0,14.02778118347133,Other,Apartment/Condo,0,10.75,1,0,1,3,0,0,1,1,0,1,0,1,1,0
977465856324652171,267.5,Entire home/apt,6,2,3,1.5,0,5.503907535930973,Other,House,0,2.5833333333333335,1,7,0,1,0,0,1,1,0,1,0,0,1,1
1700166498316971582,139,Entire home/apt,4,1,2,1,0,2.6474321867478516,78705,Apartment/Condo,0,1.8333333333333335,1,1,0,1,1,0,1,1,1,1,0,1,1,1
1058747445698551020,415,Entire home/apt,8,4,5,5,0,20.609429636624338,Other,House,1,12.333333333333334,10,20,0,2,0,0,1,1,0,1,0,0,0,1
1158153004831187104,174,Entire home/apt,2,1,1,1,0,4.225660944750058,78741,Guesthouse/Guest suite,1,2.0833333333333335,2,17,0,1,0,0,1,1,0,0,0,1,1,0
805941705321514111,195,Entire home/apt,4,1,2,1,0,5.7204449422679025,78704,Apartment/Condo,1,1.8333333333333335,36,0,0,1,0,0,1,1,0,1,0,1,0,1
1628538898579214978,169,Entire home/apt,6,2,3,2,0,3.9269105580879664,78722,Apartment/Condo,1,1.25,1,24,0,1,1,0,1,1,0,1,0,1,1,1
1511815579646068921,519.24,Entire home/apt,13,4,7,3,0,10.309315951099302,78745,House,1,9.333333333333334,3,12,0,1,0,1,1,1,0,1,0,1,0,1
958217482868685830,160,Entire home/apt,2,1,1,1,0,2.0202911942443893,78705,Apartment/Condo,0,4.25,20,12,0,1,0,0,1,1,0,1,0,0,0,1
563641245963732269,257,Entire home/apt,2,2,1,1,0,5.396295181776826,78721,House,0,4.25,1,0,0,2,0,0,1,1,0,1,0,1,0,0
1597920919473586873,454,Entire home/apt,10,5,5,4,0,10.4252054266868,78745,House,0,0.4166666666666667,1,6,0,2,0,0,1,0,0,1,0,0,0,0
1025434673213054508,105.72,Entire home/apt,4,2,2,2,0,18.684619641932922,78729,House,1,2.5,2,7,0,3,0,0,1,1,0,1,0,1,1,1
1168308939028637239,363,Entire home/apt,9,4,8,2,0,1.5704424073100818,78705,House,1,5.833333333333333,18,5,0,1,0,0,1,1,0,1,1,1,1,1
1671344201926735282,175.8,Entire home/apt,2,1,1,1,0,9.269001176718925,78745,Apartment/Condo,0,7,67,0,1,2,0,0,1,0,0,1,0,1,1,0
700669261299122407,212.5,Entire home/apt,4,1,2,1,0,2.034456987676643,78701,Apartment/Condo,1,4.083333333333333,6,24,0,2,1,0,1,1,1,1,1,1,0,1
32666944,112,Entire home/apt,2,1,1,1,0,10.6507829905635,78744,Unique/other,0,13.25,3,0,0,2,0,0,1,1,0,1,0,1,1,0
51566526,183.75,Entire home/apt,6,2,3,2,0,6.625013507045458,78741,Apartment/Condo,0,8.666666666666666,53,10,0,1,0,0,1,1,0,1,1,1,0,1
1270477187100297539,1154,Entire home/apt,10,4,4,3,0,3.1997390064567757,78704,House,1,11.083333333333334,9,25,0,1,1,1,1,1,0,1,0,1,1,1
1541487402970364869,101,Hotel/shared room,4,1,2,1,0,14.985364478542957,78758,Hotel-like,0,1,22,62,0,1,1,0,1,1,1,0,0,1,1,1
1285638813636168246,352.5,Private room,4,1,2,1,0,0.8975488673396617,78701,Hotel-like,0,6.75,30,2,0,2,1,0,1,0,1,1,0,1,0,1
21963671,182,Entire home/apt,4,1,2,1,0,6.09240254893264,Other,Guesthouse/Guest suite,1,8.5,1,55,0,1,0,0,1,1,0,1,0,0,0,1
1379189841028452261,381.5,Entire home/apt,2,1,1,1,0,0.9554789733532552,78701,Apartment/Condo,1,6.166666666666667,1,19,0,2,1,0,1,1,1,1,0,1,0,1
154103,462.33,Entire home/apt,8,5,5,2,0,4.736332594413524,78704,House,0,14.833333333333334,1,1,0,3,1,0,1,1,0,1,1,1,0,0
1650115920179181658,590,Entire home/apt,8,3,4,2.5,0,4.735849247404296,78721,House,0,0.3333333333333333,2,5,0,3,1,0,1,1,0,1,0,1,0,1
664369671884558358,196,Entire home/apt,6,2,5,2,0,3.292673291332328,78702,House,1,13.583333333333334,7,42,0,1,0,0,1,1,0,1,1,1,1,1
1616996299244266524,159,Entire home/apt,3,1,1,1,0,2.1308344645728603,78704,Apartment/Condo,0,4.833333333333333,7,13,0,2,1,0,1,1,0,0,0,1,0,1
1531933361411591379,607,Entire home/apt,8,4,5,2.5,0,3.2655500764321204,78702,House,1,10.333333333333334,41,8,0,1,1,0,1,1,0,1,1,1,0,1
1687069390059497291,139,Entire home/apt,3,1,1,1,0,8.378096824380872,78757,Apartment/Condo,1,2.75,7,0,1,1,0,0,1,1,0,1,0,0,1,0
856813646246232808,214.33,Entire home/apt,8,3,4,2,0,20.15390254128379,Other,House,0,4.166666666666667,1,31,0,2,0,0,1,1,0,1,0,1,0,1
39563896,191.5,Entire home/apt,2,1,1,1,0,1.9293498739817285,78705,Apartment/Condo,0,13.666666666666666,1,0,1,2,0,0,1,1,0,0,0,1,0,0
23452161,152.5,Entire home/apt,4,1,1,1,0,2.7627324855120463,78702,House,0,8.25,1,6,0,2,0,0,1,1,0,1,0,0,0,1
1090966434399039962,787.3299999999999,Private room,2,1,1,1,0,19.969301182654352,Other,House,0,2.3333333333333335,2,0,1,3,0,0,1,1,0,1,0,0,0,0
570998741104388600,353.76,Entire home/apt,10,4,5,3,0,11.73812130220677,Other,House,1,8.75,1,8,0,1,1,0,1,1,0,1,0,1,1,1
79603,316,Entire home/apt,2,2,1,1,0,3.3229155541618693,78704,House,0,15.25,1,3,0,3,0,0,1,1,0,1,0,0,0,1
1052314963212247417,251.06,Entire home/apt,4,2,2,2,0,2.5157554515133915,78702,House,0,3.75,18,61,0,1,0,0,1,1,0,1,0,0,0,1
43777229,217,Entire home/apt,4,1,2,1,0,22.915786677433452,Other,Unique/other,1,6,2,28,0,1,0,0,1,1,0,0,0,0,0,0
51558150,263,Entire home/apt,6,2,3,1,0,20.80464015613497,78734,House,0,4.833333333333333,2,2,0,3,0,0,1,1,0,0,0,1,1,1
1086350064768524473,223.5,Entire home/apt,6,3,5,1,0,2.74144435456265,78702,House,1,2.3333333333333335,1,25,0,2,0,0,1,1,0,1,0,0,0,1
1306084616965248163,146.53,Entire home/apt,4,2,2,1,0,6.289502365668589,78723,House,0,1.5,1,0,1,5,0,0,1,1,0,1,0,0,1,1
665223839800248550,224,Entire home/apt,4,1,2,1,0,2.034456987676643,78701,Apartment/Condo,0,5.166666666666667,23,15,0,1,1,0,1,1,1,1,1,1,0,0
1592999304013369656,343,Entire home/apt,6,2,3,1,0,0.9204260201778133,78701,Apartment/Condo,0,9.333333333333334,47,5,0,1,0,0,1,0,0,0,0,1,0,0
1147206417037965854,248,Hotel/shared room,2,1,1,1,0,26.113937906418407,78734,Hotel-like,0,3.1666666666666665,48,0,1,1,1,0,1,0,1,0,0,1,1,1
1467006341501462650,473,Entire home/apt,10,3,5,3.5,0,4.98371923194996,78704,House,1,8.666666666666666,8,14,0,2,1,1,1,1,0,1,0,0,0,1
5718552,128.33,Entire home/apt,2,2,2,1,0,4.60830796948747,78704,House,0,11.25,1,2,0,1,0,0,1,1,0,1,0,0,0,0
1693624295448861204,172,Entire home/apt,4,1,2,1,0,1.8707049298267346,78705,Apartment/Condo,1,0.25,6,0,1,1,0,0,1,1,0,1,0,1,1,1
29625496,374,Entire home/apt,8,4,4,4.5,0,26.209605736823484,Other,House,1,7.583333333333333,1,6,0,2,0,0,1,1,0,1,0,0,0,0
1529145428040587088,269.5,Entire home/apt,8,3,4,1.5,0,6.500934609589844,78752,House,0,3.9166666666666665,48,5,0,2,0,0,1,1,0,0,1,1,1,1
921075460388882910,622,Entire home/apt,16,6,13,5,0,5.633702629048392,78704,House,1,9.75,33,0,0,1,0,0,1,1,0,1,0,1,1,1
49826078,213.97,Entire home/apt,4,2,2,2.5,0,2.040329754823225,78702,House,1,5.833333333333333,12,41,0,2,0,0,1,1,0,1,0,1,0,1
1401557193856888974,292.33,Private room,4,1,2,1,0,0.7046399777753622,78701,Hotel-like,0,3,60,0,1,3,1,0,1,1,1,1,0,0,0,0
1603037438823129738,55,Private room,2,1,1,1,1,8.435925838581618,78744,Guesthouse/Guest suite,0,0.4166666666666667,3,27,0,1,0,0,1,1,0,1,0,1,1,0
848799216664910378,383.06,Entire home/apt,7,3,3,2.5,0,4.928515352111611,78723,House,1,3.3333333333333335,1,15,0,1,0,0,1,1,0,1,0,1,1,1
1557639990946761344,462.18,Entire home/apt,8,4,4,2.5,0,18.057177646848015,Other,House,0,3.3333333333333335,1,0,1,2,0,0,1,1,0,1,0,1,1,0
723855900270253006,404,Entire home/apt,7,4,5,2,0,11.044247230966047,78758,House,0,3.6666666666666665,1,16,0,1,0,0,1,1,0,1,0,1,0,1
939111654898550921,73,Entire home/apt,2,1,1,1,0,7.8127119245211745,78752,Apartment/Condo,1,2.75,1,100,0,1,0,0,1,1,0,0,0,1,0,0
49614477,319.5,Entire home/apt,6,3,3,2,0,19.875466220858463,Other,House,1,10.333333333333334,12,7,0,1,0,0,1,1,0,1,0,1,1,1
1595094708937131957,219.2,Entire home/apt,4,2,2,2,0,5.814131142402317,78704,Apartment/Condo,1,4.5,178,0,1,1,1,0,1,0,0,1,0,0,1,1
1637150036097473463,257,Entire home/apt,6,3,4,1,0,1.8416850387339807,78705,House,1,1.25,19,9,0,1,0,0,1,1,0,1,0,1,1,1
1395826122303486777,157.7,Entire home/apt,2,1,1,1,0,5.0669116185489935,Other,Apartment/Condo,0,9.916666666666666,4,20,0,1,0,0,1,0,0,1,0,1,0,1
1338829447961950568,223.91,Entire home/apt,3,1,1,1,0,2.1925972725187,78704,Apartment/Condo,0,5.583333333333333,10,15,0,1,1,0,1,1,1,1,0,1,1,1
1706692836755978040,133,Entire home/apt,2,1,1,1,0,5.781925491466443,78741,Apartment/Condo,0,0.4166666666666667,6,0,1,5,0,0,1,1,0,1,0,1,1,0
1453228652831093877,240,Entire home/apt,5,2,3,2,0,10.425934706809853,Other,Guesthouse/Guest suite,1,0.9166666666666666,1,15,0,1,0,0,1,1,0,0,1,1,1,0
1594444987663117434,131.62,Entire home/apt,4,1,2,1,0,4.7270393315186645,78704,Apartment/Condo,0,10.75,9,4,0,3,0,0,1,1,0,1,0,1,0,0
50348062,1027.5,Entire home/apt,7,3,4,3,0,9.260996359319345,78746,House,0,5,1,0,0,2,0,0,1,1,0,1,0,1,0,1
1590697739537034044,345.25,Entire home/apt,7,3,5,2.5,0,3.3343911607347847,78751,House,0,12.833333333333334,1,0,1,4,0,0,1,1,0,1,0,1,1,0
1704397644769481628,325,Entire home/apt,10,3,6,2,0,10.108641571306304,78745,House,1,0.5,2,2,0,2,1,0,1,1,0,1,0,1,0,0
35616280,239.5,Entire home/apt,4,2,2,2,0,5.864403846826701,78704,Apartment/Condo,1,6.916666666666667,1,7,0,2,0,0,1,1,0,1,0,0,0,1
1580561692411705580,1445.49,Entire home/apt,8,4,4,3,0,4.210835981462672,78704,House,0,14.25,3,0,1,2,0,0,1,1,0,1,0,1,0,1
842177145309461776,194,Entire home/apt,5,2,3,2,0,10.511065827165393,78745,House,1,4.75,2,97,0,1,0,0,1,1,0,1,0,1,1,1
1532627659455805197,443,Entire home/apt,8,4,5,3,0,3.6474798958722503,78702,House,1,10.333333333333334,41,10,0,1,0,1,1,1,0,1,0,0,1,1
1095764807676487399,174,Entire home/apt,6,2,3,1,0,5.799710571810358,78741,Apartment/Condo,1,11.083333333333334,23,20,0,1,0,0,1,1,0,1,0,1,0,1
1248988705213484267,530.5,Entire home/apt,14,3,9,2,0,14.558834987651387,Other,House,1,2.5833333333333335,4,21,0,1,1,0,1,1,0,1,0,0,1,1
1598636490076558159,270,Entire home/apt,6,3,3,2.5,0,8.078512193428036,78745,House,1,0.5833333333333334,2,2,0,2,0,0,1,1,0,1,0,0,1,1
713746278543934794,237,Entire home/apt,2,1,2,1,0,23.403109011190498,78734,House,0,2.1666666666666665,1,10,0,2,0,0,1,1,0,0,0,0,1,1
52672610,190.35000000000002,Entire home/apt,2,1,1,1,0,0.8378746589246056,78701,Apartment/Condo,1,5.5,2,35,0,1,0,0,1,1,0,1,0,1,0,1
1351791968862140218,198.08,Entire home/apt,4,1,2,1,0,2.2209303174523893,78704,Apartment/Condo,0,2.1666666666666665,19,15,0,1,1,0,1,1,0,1,0,1,1,1
1173164555082474142,377.67,Entire home/apt,9,3,6,2,0,1.433768987205104,78702,House,1,2,1,22,0,2,0,0,1,1,0,1,0,0,0,1
1655219691622350884,335,Entire home/apt,6,3,3,2,0,3.4212632029095036,78704,House,0,7.166666666666667,18,10,0,1,0,0,1,1,0,1,0,1,0,1
969604833541737712,1141,Private room,2,1,1,1,0,0.9926258958189942,78701,Hotel-like,0,2.75,3,0,1,1,1,0,1,0,0,1,0,1,1,0
80742,296,Entire home/apt,6,3,2,1,0,6.8683211484240845,78745,House,1,15.25,1,7,0,1,0,0,1,1,0,1,0,1,1,0
1057230237348313576,282.5,Entire home/apt,6,2,3,2,0,19.659539863590894,Other,Apartment/Condo,0,3.5833333333333335,2,26,0,2,1,0,1,1,1,1,0,0,0,1
1231215043219193445,392,Entire home/apt,14,4,7,2,0,10.35472361129427,78745,House,1,4.75,3,11,0,2,0,1,1,1,0,1,0,1,0,1
1354725106122809608,439,Entire home/apt,9,3,6,1,0,8.672206905762462,78745,House,0,1.75,8,7,0,1,0,0,1,1,0,1,0,1,0,1
1140592269185162265,183,Entire home/apt,6,2,2,2,0,5.247992419793215,78704,Apartment/Condo,0,8.666666666666666,53,24,0,1,1,0,1,1,0,1,0,1,1,1
19546546,222.53,Entire home/apt,4,2,2,1,0,2.3403070907859282,78704,House,1,12.666666666666666,2,60,0,2,0,0,1,1,0,1,0,0,0,1
1625360624270531091,176,Entire home/apt,2,1,2,1,0,5.814131142402317,78704,Apartment/Condo,1,4.5,178,0,1,1,1,0,1,0,0,1,0,0,1,1
11681222,194,Entire home/apt,6,1,2,1.5,0,9.765411088107225,78758,House,0,11.833333333333334,1,2,0,2,0,0,1,1,0,1,0,0,1,1
782620578321285143,228,Entire home/apt,4,1,2,1,0,2.1172477429157386,78701,Apartment/Condo,1,4,87,20,0,2,1,0,1,0,1,1,1,1,1,0
50289390,213.97,Entire home/apt,7,3,5,2.5,0,15.462376256754114,Other,House,1,3.75,1,23,0,2,0,0,1,1,0,1,0,1,1,1
1147205894203731878,345,Hotel/shared room,4,1,2,1,0,26.113937906418407,78734,Hotel-like,0,3.1666666666666665,48,0,1,1,1,0,1,0,1,0,0,1,1,1
1362365731884365185,215.5,Entire home/apt,3,1,2,1,0,3.4838714795277146,78741,House,1,1.3333333333333333,1,24,0,2,1,0,1,0,0,1,0,0,0,1
1193004185175166880,328,Entire home/apt,6,3,3,1,0,6.873500260050381,78757,House,1,1.9166666666666665,1,13,0,2,0,0,1,1,0,1,0,1,1,1
30203165,1203.75,Entire home/apt,8,4,5,3,0,1.3939283622378567,78703,House,0,10.75,2,0,0,4,0,0,1,1,0,1,0,0,0,1
1305859865915531793,368.5,Entire home/apt,4,2,2,1.5,0,2.678038936981954,78704,House,0,3.9166666666666665,48,24,0,2,0,0,1,1,0,1,0,0,1,1
1053142428175389972,572.6800000000001,Entire home/apt,10,5,6,2.5,0,13.006601357771974,Other,House,1,8.333333333333334,18,31,0,1,1,1,1,1,0,1,0,1,0,1
985394307781626790,89.33,Entire home/apt,2,1,1,1,0,3.7567128940534538,78723,Guesthouse/Guest suite,1,2.75,1,34,0,2,0,0,1,1,0,0,0,0,0,1
44419747,145,Entire home/apt,5,1,3,1,0,5.569303765541405,78704,Apartment/Condo,0,8.666666666666666,53,29,0,1,1,0,1,1,0,1,0,1,1,1
668060347655389129,252,Entire home/apt,10,2,5,2,0,2.0168739994659255,78701,Apartment/Condo,0,15.25,1,77,0,1,1,0,1,0,1,1,1,1,0,1
715275271831179969,451,Entire home/apt,12,4,6,3.5,0,9.36719194396097,78745,House,1,6.333333333333333,3,46,0,1,0,1,1,1,0,1,0,0,0,1
1396332260587043602,628.3499999999999,Entire home/apt,10,4,7,3,0,19.874377567986016,78734,House,1,4.416666666666667,6,25,0,1,0,0,1,1,0,1,0,0,0,1
581764514627204484,918.66,Entire home/apt,16,6,14,4,0,6.99585806780536,78746,House,1,4.166666666666667,2,8,0,2,1,1,1,1,0,1,0,1,1,0
20817466,158.06,Entire home/apt,2,1,1,1,0,1.4891097731000495,78703,Apartment/Condo,1,11.666666666666666,10,41,0,2,0,0,1,1,0,1,0,0,1,1
26655796,161,Entire home/apt,6,1,2,1,0,5.808704548520473,78721,House,1,7.75,1,63,0,2,0,0,1,1,0,1,0,1,1,1
1383621903589421331,198,Entire home/apt,4,1,2,1,0,11.371996731554272,78758,Apartment/Condo,1,1.4166666666666667,2,22,0,2,1,0,1,1,1,1,1,1,0,1
844894728189359109,356.5,Entire home/apt,8,3,4,2,0,2.351718373666824,78704,House,1,2.9166666666666665,1,37,0,2,0,0,1,1,0,1,0,1,1,1
1709480003320887993,198.87,Entire home/apt,6,2,3,1,0,2.034456987676643,78701,Apartment/Condo,1,4.5,178,0,1,2,1,0,1,1,1,1,0,1,1,1
1526028648194405666,544,Entire home/apt,6,3,3,2,0,2.5165626886175123,78722,House,0,6.583333333333333,1,11,0,1,1,1,1,1,0,1,1,1,0,0
1705353838697816700,188,Entire home/apt,4,1,2,1,0,5.814131142402317,78704,Apartment/Condo,0,0,1,25,0,1,1,0,1,0,0,1,0,0,1,1
49343948,360,Entire home/apt,6,2,3,2,0,0.9457448241061658,78701,Apartment/Condo,0,9.833333333333334,28,36,0,1,1,0,1,0,1,1,1,1,1,1
1700985674686601126,541.5,Entire home/apt,11,4,7,3,0,3.5825697596435884,78702,House,0,14.75,2,0,1,1,1,1,1,1,0,1,0,1,1,0
1683394918118671004,87.2,Hotel/shared room,2,1,1,1,0,9.381092256810952,Other,Hotel-like,0,8.25,15,0,1,1,0,0,1,1,1,1,0,1,1,1
1637376024541943473,169,Entire home/apt,2,1,1,1,0,5.455882189901181,78704,Guesthouse/Guest suite,1,15.416666666666666,1,4,0,1,0,0,1,1,0,0,0,0,0,1
1414866243966089732,163.5,Entire home/apt,2,1,1,1,0,6.59502347148234,78745,Unique/other,1,7.833333333333333,5,5,0,2,0,0,1,1,0,0,0,1,1,1
1161629392215101733,132,Entire home/apt,4,1,2,1,0,4.288897075450126,78741,Apartment/Condo,0,8.666666666666666,53,16,0,1,1,0,1,1,0,1,1,1,1,1
21274494,245.5,Entire home/apt,7,3,5,2.5,0,13.849858811584989,Other,House,1,8.25,1,28,0,2,0,0,1,1,0,1,0,1,0,1
39974185,181,Entire home/apt,2,1,1,1,0,2.3710489944100104,78705,Unique/other,1,12,6,117,0,1,0,1,1,1,0,0,0,1,1,1
113779,116.78,Entire home/apt,2,1,1,1,0,3.2858594953746496,78751,House,1,15.083333333333334,10,6,0,3,0,0,1,1,0,1,0,1,0,1
1664937488824340069,327,Entire home/apt,6,3,3,2,0,13.923625253113562,78758,House,0,0.25,1,1,0,2,0,0,1,1,0,1,0,0,1,1
1121280864570829295,122.39,Entire home/apt,6,1,2,1,0,4.77337735229316,78741,Apartment/Condo,1,2.1666666666666665,1,27,0,1,0,0,1,1,0,1,0,1,1,1
1511937882640153901,177,Entire home/apt,6,2,3,1,0,3.461533800018176,78702,Apartment/Condo,1,5.166666666666667,11,16,0,2,0,0,1,1,0,1,0,1,1,0
789267803832811325,140.14,Entire home/apt,8,2,6,1,0,9.932750424856835,78744,House,1,3.6666666666666665,5,10,0,2,0,0,1,1,0,1,0,1,0,1
1440774715329120024,702,Entire home/apt,6,3,3,3.5,0,2.9253083578740533,78704,House,1,1,1,23,0,2,0,0,1,1,0,1,1,1,1,1
582509808843714820,58.790000000000006,Private room,1,1,1,2.5,0,8.724817762550291,78753,House,0,1.1666666666666667,8,16,0,1,0,0,1,1,0,0,0,0,0,1
1524749354427954140,445.5,Entire home/apt,10,4,4,3.5,0,25.98324252851833,78737,House,1,5.583333333333333,1,15,0,2,1,0,1,1,0,1,1,1,1,1
1558900181575496279,100.64999999999999,Entire home/apt,2,1,1,1,0,20.736770733632877,Other,Apartment/Condo,0,1.9166666666666665,1,0,1,1,0,0,1,1,0,0,0,1,1,0
1586053808310579546,955,Entire home/apt,16,5,8,4,0,4.740018950783645,78704,House,0,0.25,1,9,0,1,1,1,1,1,1,1,0,1,0,1
887623092820907979,439.35,Entire home/apt,8,3,3,2,0,6.493983228851778,78723,House,1,3.0833333333333335,1,9,0,1,0,0,1,1,0,1,0,1,1,1
1541424118275572110,101.56,Entire home/apt,6,1,2,1,0,1.5996119174525494,78705,Apartment/Condo,1,3.4166666666666665,5,61,0,1,0,0,1,1,0,1,0,0,1,1
1423354298651932319,100,Entire home/apt,6,1,2,1,0,5.453009493108163,78704,Guesthouse/Guest suite,1,7.5,3,1,0,2,0,0,1,1,0,0,0,0,1,1
757445723825308158,322,Entire home/apt,15,5,8,3,0,1.5948152976012515,78702,House,1,4.916666666666667,11,77,0,1,1,0,1,1,0,1,0,1,0,1
1086280074762845758,228.29,Entire home/apt,2,1,1,1,0,1.306989121109506,78703,House,0,10.416666666666666,1,1,0,7,0,0,1,1,0,0,0,1,0,0
1630500606678657796,741,Entire home/apt,2,1,1,1,0,0.8076669540417732,78701,Apartment/Condo,0,0.25,1,0,1,1,1,0,1,1,0,0,0,1,1,0
1379863340319333527,431.5,Entire home/apt,8,3,4,3,0,3.756989403061093,78704,House,0,1.25,3,19,0,2,1,0,1,1,0,1,0,1,0,1
725387918417939704,319.53,Entire home/apt,8,3,5,3.5,0,5.134992221464214,78721,House,1,2.9166666666666665,2,23,0,2,0,0,1,1,0,1,0,0,1,1
50227689,155.67,Entire home/apt,2,1,1,1,0,28.046146268583506,78737,House,0,5,1,10,0,3,1,1,1,1,0,1,0,1,0,1
567988923107689881,43.46,Private room,1,1,1,2.5,1,8.880451316067235,78753,House,0,1.1666666666666667,8,25,0,1,0,0,1,1,0,0,0,0,0,1
38055707,203.67,Entire home/apt,6,3,4,1,0,9.793127850921877,78758,House,1,6.25,1,19,0,3,0,0,1,1,0,1,0,1,1,1
1329091325387172766,285.5,Entire home/apt,6,3,4,2,0,4.236339285874395,78721,House,1,13.666666666666666,3,30,0,2,1,0,1,1,0,1,0,0,1,1
50306562,105.8,Entire home/apt,4,2,2,2,0,21.47212401346322,Other,Apartment/Condo,0,5,1,18,0,5,1,0,1,1,0,1,0,0,1,1
736502275003043766,347,Entire home/apt,6,3,3,2,0,9.844168388562728,78744,House,1,3.6666666666666665,5,9,0,2,0,0,1,1,0,1,0,1,0,1
844957363128894415,193,Entire home/apt,4,1,2,1,0,1.6130436936182249,78703,Hotel-like,1,3.6666666666666665,30,0,1,2,1,0,1,0,1,1,0,1,0,1
1594325452565717809,192.96,Entire home/apt,4,2,2,2,0,5.814131142402317,78704,Apartment/Condo,1,4.5,178,0,1,1,1,0,1,0,0,1,0,0,1,1
1145772940824330668,314,Entire home/apt,6,2,3,2,0,6.517568317517424,78741,Apartment/Condo,0,2.0833333333333335,7,3,0,2,1,0,1,1,1,1,0,1,1,1
1442394301034837047,151,Entire home/apt,4,1,3,1,0,15.463647133808765,78753,Apartment/Condo,1,1.0833333333333333,6,24,0,1,1,0,1,1,1,1,1,1,0,1
848371630150983189,232.42000000000002,Entire home/apt,12,3,10,2,0,4.397421507703834,78702,House,0,11.333333333333334,18,6,0,3,0,0,1,1,0,0,0,1,0,1
670854971385141546,468,Entire home/apt,6,2,3,2,0,2.029573029055548,78701,Apartment/Condo,0,10.5,9,11,0,1,1,0,1,0,1,1,1,1,1,1
741169999606882267,308.5,Entire home/apt,6,3,3,2.5,0,12.35263231224557,Other,House,1,3.5,1,4,0,2,0,0,1,1,0,1,0,1,0,1
791930537827275462,889,Entire home/apt,6,4,3,3,0,2.7682058942453005,78702,House,0,8.083333333333334,1,0,0,2,0,0,1,1,0,1,0,1,1,1
1066700045598954117,1455,Entire home/apt,8,3,5,2,0,3.2196050501601983,78704,House,0,2,1,2,0,3,1,0,1,1,0,1,0,0,1,0
1584312204161923971,249.92000000000002,Entire home/apt,8,3,3,2,0,3.2278951074894513,78704,House,1,9,1,19,0,1,0,0,1,1,0,1,0,1,1,1
1030441282964191760,165.5,Entire home/apt,2,1,1,1,0,17.50880002624479,78737,Guesthouse/Guest suite,1,2.5833333333333335,1,8,0,2,0,0,1,1,0,1,0,0,1,0
26918145,206,Entire home/apt,5,2,4,1,0,8.38303569689808,78745,Apartment/Condo,0,6.75,1,16,0,1,1,0,1,1,0,0,0,1,0,1
1157229047618163871,471,Entire home/apt,10,4,7,2.5,0,25.252027606561622,78737,House,1,1.6666666666666665,1,18,0,2,0,0,1,1,0,1,0,1,0,0
948116820220969536,510,Entire home/apt,4,1,2,1,0,3.7740330519388903,78704,House,1,8.25,19,9,0,2,0,0,1,1,0,1,0,1,0,1
23596373,313,Entire home/apt,7,3,3,3,0,4.143449837343158,78722,House,0,8.916666666666666,2,12,0,3,0,0,1,1,0,1,0,1,1,1
599160025937011169,231.25,Entire home/apt,5,3,5,2.5,0,17.30458425117334,Other,House,1,4.166666666666667,1,16,0,3,0,0,1,1,0,1,0,1,0,1
1684910214889939336,69,Entire home/apt,3,1,2,1,0,3.3761050190238326,78704,Apartment/Condo,0,1.6666666666666665,14,8,0,1,0,0,1,1,0,1,0,1,1,1
1085660200210692007,639.5,Entire home/apt,9,4,5,2,0,6.23596418434424,78721,House,1,14.333333333333334,3,16,0,2,1,0,1,1,0,1,0,1,0,1
668985434681432392,232,Entire home/apt,3,1,1,1,0,3.1532927456479523,78702,House,1,13.583333333333334,7,5,0,1,0,0,1,1,0,1,1,1,1,1
1678465793786275054,256,Entire home/apt,6,2,3,2,0,0.8203083590138224,78701,Apartment/Condo,0,0.08333333333333333,4,1,0,2,1,0,1,0,1,1,0,1,0,0
1686676289872233648,412.4,Entire home/apt,8,2,3,1.5,0,1.841920839692926,78702,Apartment/Condo,1,4.833333333333333,4,0,1,1,0,0,1,1,0,1,0,1,1,0
779966249890535777,195.5,Entire home/apt,8,4,4,4,0,5.146165143125371,78741,Apartment/Condo,0,3.5,1,5,0,2,1,0,1,1,0,1,0,1,0,1
974214296725474594,471,Entire home/apt,2,1,1,1.5,0,0.950558918005649,78701,Apartment/Condo,1,2.6666666666666665,1,13,0,2,1,0,1,1,1,1,0,1,0,1
807875612523830584,666,Entire home/apt,8,4,4,2.5,0,9.969820038941416,78746,House,1,3.3333333333333335,1,10,0,3,1,0,1,1,0,1,0,1,1,0
1374787605271297029,200,Entire home/apt,4,1,2,1,0,3.630995318751,78704,Apartment/Condo,1,4.666666666666667,47,16,0,1,0,0,1,1,0,1,0,0,0,1
34342493,295,Entire home/apt,4,1,2,1,0,0.6484529973250065,78701,Apartment/Condo,0,12.333333333333334,6,0,0,1,1,0,1,0,1,1,0,0,0,1
677067988333141153,726.3299999999999,Entire home/apt,15,3,8,2,0,7.7759677997500765,78745,House,1,12.333333333333334,1,25,0,2,0,1,1,1,0,1,0,1,1,1
1669592710202751492,663.3299999999999,Hotel/shared room,2,1,1,1,0,1.9756706334360723,78704,Hotel-like,0,0.16666666666666666,47,0,1,1,1,0,1,0,1,0,1,1,1,1
5755416,192.25,Entire home/apt,4,2,2,1,0,2.11586677503186,78703,House,0,12.5,5,0,0,4,0,0,1,1,0,1,1,1,1,1
1136177499913041098,158,Entire home/apt,6,2,3,1,0,10.274934799832979,78744,House,1,8.25,35,28,0,1,0,0,1,1,0,0,0,1,0,0
22869183,122.66999999999999,Entire home/apt,2,1,1,1,0,2.4251454005932205,78702,Guesthouse/Guest suite,1,8.333333333333334,1,4,0,3,0,0,1,1,0,0,0,1,0,1
802668745850346654,250.5,Entire home/apt,4,1,2,1,0,0.644363203727827,78701,Apartment/Condo,1,4.333333333333333,9,1,0,2,1,1,1,0,0,1,0,1,0,1
51961068,385.5,Entire home/apt,8,3,5,2.5,0,6.514802601602146,78745,House,0,4.666666666666667,1,0,0,2,0,0,1,1,0,1,0,1,0,1
15395320,136.5,Entire home/apt,2,1,1,1,0,7.887574316728903,78752,Guesthouse/Guest suite,1,9.666666666666666,2,13,0,2,0,0,1,1,0,0,0,0,0,1
701430945544692403,104.04,Entire home/apt,2,1,1,1,0,4.934154212936817,78721,Guesthouse/Guest suite,0,14,1,13,0,2,0,0,1,1,0,1,0,1,1,1
53882417,214,Entire home/apt,4,1,1,1,0,1.563178100284244,78703,Apartment/Condo,0,4.5,3,2,0,2,0,0,1,1,0,1,0,1,0,1
1639976219612695847,222.5,Entire home/apt,4,2,2,2,0,5.461536153427679,78723,House,1,3.25,9,7,0,2,0,0,1,1,0,1,1,1,1,1
749972734875016112,203.5,Entire home/apt,4,1,2,1,0,0.7196818320954406,78701,Apartment/Condo,1,5.25,23,0,1,2,1,0,1,0,1,1,0,1,0,1
1142878669167785511,224.7,Entire home/apt,4,1,2,1.5,0,2.0673998405449865,78702,House,1,13.416666666666666,4,31,0,1,1,1,1,1,0,1,0,1,1,1
1281283885747184677,568,Entire home/apt,16,4,10,3.5,0,3.0093641933564275,78702,House,1,7.833333333333333,27,87,0,1,1,0,1,1,1,1,1,1,1,1
1389459782615799638,148,Entire home/apt,6,2,3,2,0,6.708366667774999,78741,Apartment/Condo,1,1.1666666666666667,9,23,0,2,1,0,1,1,1,1,1,1,1,1
51535094,237.5,Entire home/apt,6,2,2,2.5,0,5.877750867121602,78741,Guesthouse/Guest suite,1,4.75,2,63,0,2,1,1,1,1,0,1,0,1,0,1
1684243759135835940,265,Entire home/apt,6,2,2,2,0,12.662228134191796,Other,Apartment/Condo,0,2.1666666666666665,19,0,1,1,1,0,1,1,0,1,0,1,1,0
912297678111885277,214.4,Private room,4,2,2,2,0,7.982164423610465,78752,Hotel-like,0,3.25,92,1,0,1,1,0,1,1,1,0,0,1,1,1
1192232711496703355,155,Entire home/apt,6,2,4,1,0,13.219120530272072,Other,Apartment/Condo,0,4,38,27,0,1,1,0,1,1,1,1,0,1,1,1
730497935614176314,149.5,Entire home/apt,2,1,1,1,0,2.7824240206498523,78704,House,1,1.5,2,24,0,2,0,0,1,1,0,0,0,1,1,1
1426288956064957914,551.09,Entire home/apt,8,4,5,3.5,0,3.1913842860071573,78704,House,1,4.666666666666667,47,20,0,2,1,0,1,1,1,1,0,1,0,1
953706177722379179,443.5,Entire home/apt,16,4,10,3.5,0,3.5804590561892304,78702,House,0,3,2,33,0,2,0,0,1,1,0,1,0,0,1,1
50228438,227.5,Entire home/apt,4,2,2,1,0,3.817393283173488,78704,House,0,7.166666666666667,18,18,0,2,0,0,1,1,0,0,0,1,0,1
624538778958875368,314.67,Entire home/apt,2,1,1,1.5,0,4.150477430323989,78721,House,1,4.083333333333333,1,17,0,3,0,0,1,1,0,1,0,0,0,1
1436518344953709059,161.67,Entire home/apt,12,6,6,3,0,1.9131153617977565,78705,Apartment/Condo,0,6.916666666666667,25,9,0,3,0,0,1,0,0,0,0,0,0,0
994203827119335931,237,Entire home/apt,5,3,3,2.5,0,12.324586307664418,Other,House,1,4.5,1,25,0,2,0,0,1,1,0,1,0,0,1,1
1358787644922675980,205.5,Entire home/apt,5,2,2,1,0,3.9962068599617333,78722,House,0,1.3333333333333333,1,3,0,2,0,0,1,1,0,1,0,1,0,0
1608156460624129895,138.69,Entire home/apt,4,1,1,1,0,12.67453268659052,Other,Apartment/Condo,0,2.1666666666666665,19,5,0,1,1,0,1,1,0,1,0,1,1,0
1480007214105462308,1797.6699999999998,Entire home/apt,10,5,7,5.5,0,9.030962379052173,78746,House,0,3.5833333333333335,1,5,0,3,0,0,1,1,0,1,0,1,0,0
1656571686196804178,180,Entire home/apt,6,2,2,2,0,2.917284482780021,78705,Apartment/Condo,0,3.9166666666666665,26,7,0,1,0,0,1,1,0,1,0,1,1,1
1314781409617982351,190,Entire home/apt,6,3,3,1.5,0,7.710481045974874,78745,House,1,1.5,1,13,0,2,0,0,1,1,0,1,0,0,1,1
1385127834667727549,148.35000000000002,Entire home/apt,4,1,1,1,0,5.916286488560245,78704,Apartment/Condo,0,9.333333333333334,47,13,0,1,0,0,1,1,0,1,0,1,0,1
955207549844634091,115.14999999999999,Entire home/apt,3,3,2,2,0,17.28041224206896,Other,House,1,2.8333333333333335,1,3,0,4,0,0,1,1,0,1,0,1,1,1
17506283,1108,Entire home/apt,16,6,10,4,0,2.2635807041846823,78704,House,0,10.333333333333334,3,25,0,2,1,1,1,1,0,1,0,0,0,1
1590816081196730579,216,Entire home/apt,8,3,4,3.5,0,4.182754867842659,78704,House,1,0.4166666666666667,3,23,0,1,0,0,1,1,0,1,0,1,0,1
1515235744705447787,546.5,Entire home/apt,10,5,8,3.5,0,6.177978139351416,78721,House,1,0.75,3,19,0,2,1,1,1,1,0,1,0,0,1,1
1551836374128349389,296,Entire home/apt,2,1,1,1,0,4.513006169977465,78751,Guesthouse/Guest suite,0,9.333333333333334,1,3,0,1,1,0,1,1,0,0,0,0,0,0
1711190237120115088,176,Entire home/apt,4,2,2,2,0,14.262114810862844,78758,Apartment/Condo,0,0.08333333333333333,3,0,1,2,0,0,1,1,0,1,0,0,0,0
1069822874874809413,161.67,Entire home/apt,3,1,2,1,0,5.056793405549024,78723,Guesthouse/Guest suite,1,2.25,1,29,0,3,0,0,1,1,0,1,0,0,1,1
1509111840521525342,345.78,Entire home/apt,10,5,5,3,0,7.317031569078793,78723,House,0,3.75,18,23,0,1,0,0,1,1,0,1,0,1,0,1
1192221046900490390,181.5,Entire home/apt,4,1,2,1,0,13.203661565966728,Other,Apartment/Condo,0,4,38,18,0,1,1,0,1,1,1,1,0,1,1,1
1674556221322190588,216.06,Entire home/apt,4,1,2,1,0,0.7196818320954406,78701,Apartment/Condo,0,2,3,0,1,3,1,1,1,0,1,1,0,1,0,0
1541289315208782614,342,Private room,4,1,2,1,0,0.673176060849687,78701,Hotel-like,1,0.6666666666666666,2,0,1,2,1,1,1,0,0,1,0,1,0,1
3959242,358.33,Entire home/apt,2,2,1,1,0,3.51267669732762,78704,Guesthouse/Guest suite,0,11.75,1,3,0,3,0,0,1,1,0,1,0,1,0,1
1462586221725781821,185,Entire home/apt,3,1,1,1,0,6.1195634698009655,78723,Apartment/Condo,0,6.416666666666667,5,5,0,1,1,0,1,1,1,1,0,1,0,1
1288514159633282606,128.96,Entire home/apt,4,2,2,1.5,0,8.25713685988464,78745,Apartment/Condo,0,5.583333333333333,6,19,0,2,0,0,1,1,0,1,0,0,1,1
1427294358668131853,587,Entire home/apt,8,4,4,3,0,17.76309682294763,Other,House,1,11.083333333333334,23,49,0,1,1,1,1,1,0,1,0,1,0,1
563689847509432876,105.5,Entire home/apt,5,1,3,1,0,5.554087958601105,78704,Apartment/Condo,0,8.666666666666666,53,15,0,1,1,0,1,1,0,1,0,1,1,1
42384230,157.5,Entire home/apt,4,2,2,2,0,3.4878886881813145,78704,Guesthouse/Guest suite,1,9.75,7,42,0,1,0,0,1,1,0,0,0,1,0,1
1582354125881465808,149.33,Entire home/apt,4,1,2,1,0,4.289386596979308,78751,Apartment/Condo,1,0.4166666666666667,3,19,0,1,1,0,1,1,0,1,0,1,1,1
681609484057984124,461.5,Entire home/apt,8,3,4,3,0,1.6130436936182249,78703,Apartment/Condo,1,4.333333333333333,28,0,1,2,1,0,1,0,1,1,0,1,0,1
711792080094035777,252,Entire home/apt,6,2,3,2.5,0,3.3904460155533878,78741,House,1,3.4166666666666665,1,23,0,2,0,0,1,1,0,0,0,1,0,1
865344034656618510,215.68,Entire home/apt,6,2,2,2.5,0,9.091263372974344,78753,House,0,6.583333333333333,2,36,0,1,0,0,1,1,0,1,0,0,1,1
1625602420211577758,262.5,Entire home/apt,8,3,4,1.5,0,8.844436011037361,78745,House,0,0.3333333333333333,1,14,0,2,1,0,1,1,0,1,0,1,1,1
600236122314099407,207,Entire home/apt,4,1,2,1,0,3.67255377084203,78704,Apartment/Condo,1,4.166666666666667,1,9,0,2,0,0,1,1,0,1,0,1,0,1
41801106,341.5,Entire home/apt,6,3,3,2,0,3.6035306883929015,78702,House,0,6.333333333333333,1,7,0,2,0,0,1,1,0,1,0,1,0,1
1660324150265490919,334.4,Entire home/apt,4,1,2,1,0,4.66455907225875,78704,Apartment/Condo,1,4.5,178,0,1,1,1,0,1,0,0,1,0,0,1,0
1162276503295661136,163,Entire home/apt,6,2,3,1,0,5.645694272309761,78721,Apartment/Condo,0,1.0833333333333333,23,19,0,1,0,0,1,1,0,1,0,1,0,1
82033,357,Entire home/apt,12,3,3,2,0,5.931805098024212,78723,House,0,8.25,1,0,0,2,0,0,1,1,0,1,0,1,0,0
1289978277273849757,814,Entire home/apt,16,5,14,3,0,21.05043255588592,78734,House,1,1.75,1,38,0,1,1,1,1,1,0,1,0,1,0,1
755788272252554333,185.62,Entire home/apt,2,1,1,1,0,1.9814567182870872,78703,Guesthouse/Guest suite,0,3.5833333333333335,1,12,0,1,0,0,1,1,0,0,0,0,0,1
1464845914656613183,127,Entire home/apt,2,1,1,1,0,16.092045645097212,Other,Apartment/Condo,0,0.75,1,24,0,1,1,0,1,1,0,1,0,1,1,1
1039818329454903391,164.33,Entire home/apt,3,1,1,1,0,2.4468956738607504,78704,Apartment/Condo,1,5.333333333333333,1,43,0,1,1,0,1,0,1,1,0,1,1,0
16943185,209,Entire home/apt,2,1,2,1,0,1.344392704783272,78703,Apartment/Condo,1,9.25,1,7,0,2,0,0,1,0,0,1,0,1,1,1
1527637148608475487,135.12,Private room,2,1,1,1,1,14.615713391215776,Other,House,0,1.3333333333333333,8,0,1,1,0,0,1,1,0,0,0,1,0,1
828398955532139657,388.25,Entire home/apt,12,3,7,3,0,3.1399028523988672,78702,House,1,6.5,7,24,0,1,1,1,1,1,0,1,0,1,1,1
1106082970320174593,224,Entire home/apt,6,3,3,2.5,0,19.479739951580193,78729,House,1,2.25,1,5,0,2,0,0,1,1,0,1,0,0,0,1
21295435,239,Entire home/apt,2,1,1,1,0,4.13170387817075,78704,Apartment/Condo,1,8.666666666666666,2,4,0,2,1,0,1,1,0,0,0,0,1,1
1147205607248471873,314,Hotel/shared room,4,1,2,1,0,26.113937906418407,78734,Hotel-like,0,3.1666666666666665,48,9,0,1,1,0,1,0,1,0,0,1,1,1
1517675836854947695,343,Entire home/apt,4,2,2,2,0,12.50535615899502,Other,House,1,0.6666666666666666,1,5,0,1,0,0,1,1,0,1,0,1,1,1
1476312583750792203,141,Entire home/apt,4,1,2,1,0,15.178615695852656,78758,Apartment/Condo,1,9.416666666666666,15,8,0,2,1,0,1,1,0,1,0,1,1,1
1668086693285354516,79,Hotel/shared room,4,1,2,1,0,4.39776029278664,78704,Hotel-like,0,0.9166666666666666,6,0,1,1,1,0,1,0,0,0,0,1,1,0
42662716,536.5,Entire home/apt,11,5,6,2,0,5.921759452064957,78704,House,0,6.25,1,4,0,2,0,0,1,1,0,1,0,0,1,1
48106020,298,Entire home/apt,4,1,2,1,0,0.7111274665123776,78701,Apartment/Condo,0,5.5,3,3,0,2,1,1,1,1,1,1,0,1,0,1
1600854250476610054,221.70999999999998,Entire home/apt,8,5,5,2.5,0,5.865054301117289,78741,House,0,0.5833333333333334,2,2,0,7,0,0,1,1,0,1,0,1,0,1
1486254769291576101,113,Private room,6,1,2,1,0,19.461600595740055,78729,Hotel-like,1,1.5,5,10,0,1,1,0,1,1,0,0,0,0,0,1
39251116,278,Entire home/apt,4,2,2,2,0,3.428627432616768,78704,House,0,6.666666666666667,1,1,0,2,0,0,1,1,0,1,0,0,1,1
1469724316422381053,250,Entire home/apt,6,2,4,1,0,12.50105941216598,Other,House,0,6.416666666666667,2,6,0,1,0,0,1,1,0,1,0,0,1,0
637579572642890021,121.66999999999999,Entire home/apt,3,1,2,1,0,2.0498981620751033,78722,Guesthouse/Guest suite,1,13.916666666666666,7,5,0,1,0,0,1,1,0,0,0,1,1,1
1056722379457704044,148,Entire home/apt,2,1,1,1,0,8.290985859139854,78757,Apartment/Condo,0,8.666666666666666,53,24,0,1,0,0,1,1,0,1,0,1,1,1
1204308083987365259,376,Entire home/apt,16,3,10,3.5,0,2.9399621265253635,78702,House,1,7.833333333333333,27,65,0,1,1,1,1,1,1,1,1,1,1,1
1233391685284497452,321,Entire home/apt,6,3,4,2,0,8.597272901260503,Other,House,1,10.416666666666666,23,36,0,1,0,0,1,1,0,1,0,1,0,1
809365009367088583,146,Entire home/apt,3,1,2,1,0,2.121777717221652,78704,Apartment/Condo,0,0.16666666666666666,15,27,0,1,1,0,1,1,0,1,0,1,0,1
1681296277532238891,461,Entire home/apt,12,4,6,3.5,0,4.825005854897376,78704,House,0,0.08333333333333333,1,3,0,2,1,1,1,1,0,1,0,1,0,1
17574920,212.33,Entire home/apt,2,1,1,1,0,13.509948680366117,Other,House,1,9.25,1,17,0,3,1,0,1,1,0,1,0,0,0,1
345473,317,Entire home/apt,6,3,3,2,0,3.210622763284113,78704,House,1,14.333333333333334,1,25,0,2,0,0,1,1,0,1,0,1,0,1
1650298721848491816,325,Entire home/apt,5,2,1,2,0,14.254321529856528,78758,Apartment/Condo,1,2.1666666666666665,2,10,0,2,1,0,1,1,1,1,1,0,0,0
809904704470068449,655,Entire home/apt,10,4,6,2.5,0,14.982977826404676,78724,House,1,7.333333333333333,1,9,0,1,0,0,1,1,0,1,0,1,1,1
695152861907597193,192.29,Entire home/apt,6,2,4,1,0,3.9871675435301124,Other,House,1,10.416666666666666,3,37,0,2,0,0,1,1,0,1,0,1,0,1
1570552296319383396,220,Entire home/apt,2,1,1,1,0,1.4704222329143881,78703,Apartment/Condo,1,1,4,13,0,1,0,0,1,1,0,1,0,1,0,1
48122624,113.33,Entire home/apt,2,1,1,1,0,3.7569158858816927,78751,Apartment/Condo,1,6.166666666666667,1,6,0,3,1,0,1,1,0,1,0,1,0,1
1592838024315848988,227.5,Entire home/apt,8,4,4,2,0,5.296935133296482,78721,House,0,0.4166666666666667,1,11,0,2,0,0,1,1,0,1,0,1,1,1
1098860703581870863,223,Entire home/apt,6,3,4,1.5,0,7.778055094993817,78752,House,1,10.666666666666666,1,6,0,2,0,0,1,1,0,1,0,1,1,1
1511893369057463283,576,Entire home/apt,16,7,13,3.5,0,5.887074122535122,78741,House,1,5.083333333333333,12,19,0,2,1,0,1,1,0,0,0,0,0,0
1120321716565227942,332,Entire home/apt,16,3,11,2,0,2.235007392856372,78702,House,1,7.833333333333333,27,62,0,1,1,0,1,1,0,1,1,1,1,1
5335157,188.5,Entire home/apt,2,1,1,1,0,3.3147563615445597,78704,Guesthouse/Guest suite,1,11.333333333333334,1,25,0,2,0,0,1,1,0,0,0,0,0,1
1219110133278416300,384.58,Entire home/apt,16,4,9,2.5,0,7.2712843432850205,78752,House,0,2.5,3,12,0,1,0,0,1,1,0,1,1,1,1,1
587741884377856503,399.67,Entire home/apt,5,3,3,2,0,5.294081369360161,78746,Apartment/Condo,0,3.6666666666666665,1,2,0,3,0,0,1,1,0,1,0,0,0,1
1161700880343872043,301,Entire home/apt,6,3,3,2,0,4.24463927811816,78704,House,1,2.8333333333333335,6,27,0,1,0,0,1,1,0,1,0,1,1,1
1556751809837550638,138,Entire home/apt,4,1,2,1,0,3.5714585356450717,78751,Apartment/Condo,0,0.5833333333333334,2,31,0,1,0,0,1,1,0,1,0,1,0,1
981928,123.25,Entire home/apt,2,1,1,1,0,5.086794823756,78751,House,1,2.9166666666666665,1,68,0,2,0,0,1,1,0,1,0,1,0,1
1231179430355183184,208.5,Entire home/apt,2,1,1,1.5,0,2.746164807277188,78702,House,1,2.75,1,43,0,2,0,0,1,0,0,1,0,0,0,1
1625427417508773153,286,Entire home/apt,12,4,7,3,0,14.170952843422707,78753,House,1,0.3333333333333333,1,9,0,1,0,1,1,0,0,1,0,1,1,1
30090770,483,Entire home/apt,4,1,2,1,0,0.7489235472506898,78701,Apartment/Condo,1,10.833333333333334,4,0,0,1,1,0,1,0,1,1,0,0,0,1
866883128607989541,110,Private room,2,1,1,1,0,7.982164423610465,78752,Hotel-like,0,3.25,92,1,0,1,1,0,1,1,1,0,0,1,1,1
37335437,512,Entire home/apt,14,3,9,2,0,2.504607478313145,78705,Apartment/Condo,0,7.083333333333333,1,0,0,1,0,0,1,1,0,1,0,0,0,1
1018133710074356900,628,Entire home/apt,9,4,2,3.5,0,5.871586473285706,78746,House,0,6.083333333333333,1,5,0,2,0,0,1,1,0,1,0,0,0,1
1630524904351586715,66,Private room,1,1,1,1.5,1,17.1120244700477,Other,House,0,1.0833333333333333,3,3,0,1,0,0,1,1,0,1,0,1,0,1
963767269992853852,370.88,Entire home/apt,14,4,9,2.5,0,5.113549322290964,78721,House,1,2.75,2,38,0,1,1,1,1,1,0,1,0,1,1,1
1045331321617573492,253.67,Entire home/apt,8,2,4,2.5,0,11.997242942456944,78745,House,1,2.4166666666666665,1,10,0,6,0,0,1,1,0,1,0,1,1,1
731975861940197425,348.5,Entire home/apt,8,3,4,2,0,18.206025254050818,Other,House,1,6.333333333333333,3,4,0,2,0,0,1,1,0,1,0,1,0,1
1082060026820526773,451,Entire home/apt,10,4,8,3,0,4.061518873417878,78721,House,1,2.3333333333333335,1,20,0,1,1,1,1,1,0,1,0,0,1,1
1608478381214962144,323,Entire home/apt,6,2,2,1.5,0,2.428650153137754,78704,House,1,0.3333333333333333,3,19,0,1,0,0,1,1,0,1,0,0,1,1
782619198765192366,176,Entire home/apt,4,1,2,1,0,2.1399533330427873,78701,Apartment/Condo,1,4,87,29,0,2,1,0,1,0,1,1,1,1,0,0
1253777262071234349,673,Entire home/apt,16,8,10,7,0,7.2460474464357505,78723,House,0,3.75,31,19,0,1,0,0,1,1,0,1,0,1,0,1
1704441624766115041,128.5,Entire home/apt,2,1,1,1,0,7.739916082622509,78757,Guesthouse/Guest suite,0,0,1,0,1,2,0,0,1,1,0,0,0,1,1,0
27730819,287.5,Entire home/apt,3,2,2,1.5,0,1.320304717963911,78703,House,1,11,7,13,0,2,0,0,1,1,0,1,0,1,0,1
714173407195227447,328,Private room,4,1,2,1,0,0.7704450056369456,78701,Hotel-like,0,3.6666666666666665,25,0,0,2,1,1,1,0,1,1,0,1,0,1
51433780,348.5,Entire home/apt,6,3,3,2.5,0,25.814453634785824,78737,House,0,9,15,16,0,2,1,0,1,1,1,1,0,1,1,1
11144738,312.5,Entire home/apt,6,2,2,1.5,0,1.8165403439580032,78702,House,0,14.25,1,3,0,1,0,0,1,1,0,1,0,1,0,1
1094392103865439007,257,Entire home/apt,4,1,3,1,0,3.0012554014659956,78705,Apartment/Condo,0,2.25,1,55,0,1,0,0,1,1,0,1,0,0,0,0
48757081,1147,Entire home/apt,10,3,6,2,0,10.002909389733242,78746,House,1,7.5,1,5,0,2,1,1,1,1,0,1,1,1,1,1
1649476025286613022,423,Entire home/apt,12,5,10,3,0,11.071191522834555,78744,House,0,0.16666666666666666,1,6,0,1,0,1,1,1,0,1,0,0,0,1
1065279073575686817,968,Entire home/apt,16,4,7,2.5,0,3.0456650536811973,78704,House,1,2.9166666666666665,1,22,0,2,0,0,1,1,0,1,0,1,0,1
1019840685860243923,201.5,Entire home/apt,4,2,2,1.5,0,4.500972461521336,78704,House,1,4.5,3,29,0,2,0,0,1,1,0,1,0,1,0,1
649525483454220268,661,Entire home/apt,10,4,5,2.5,0,23.95552825322653,78734,House,1,10.333333333333334,12,14,0,1,1,0,1,1,0,1,0,1,1,1
1005023619159581837,168,Entire home/apt,6,2,2,2,0,4.4605516277568205,78741,Apartment/Condo,0,8.666666666666666,53,9,0,1,1,0,1,1,0,1,0,1,1,1
24945475,112,Entire home/apt,3,1,1,1,0,19.76169425100738,78729,Guesthouse/Guest suite,1,8.083333333333334,1,46,0,1,0,0,1,0,0,0,0,1,1,1
1258004641499984051,143,Entire home/apt,8,3,5,2,0,5.77638582475233,78721,House,1,1.6666666666666665,1,133,0,1,0,0,1,1,0,1,0,1,0,1
23505794,199.70999999999998,Entire home/apt,2,1,1,1,0,2.4775376804130618,78702,Guesthouse/Guest suite,1,12.416666666666666,1,49,0,1,0,0,1,1,0,0,0,1,0,1
1669983451107031849,96,Private room,2,1,1,1,1,5.642537486177546,78723,House,0,0.16666666666666666,1,4,0,1,0,0,1,1,0,1,0,1,0,0
1614557295178849774,349,Entire home/apt,4,2,2,0,0,1.2088180960240167,78701,Apartment/Condo,0,2.0833333333333335,42,1,0,1,1,0,1,0,1,1,0,0,1,1
1669154761806845372,274.69,Entire home/apt,6,3,3,2.5,0,3.8252991810786963,78702,House,1,4.5,178,1,0,2,0,0,1,1,0,1,0,1,0,1
1522525967466176313,44.220000000000006,Private room,2,1,1,1,1,11.599257194033516,Other,House,0,5.166666666666667,1,0,1,2,1,0,1,1,0,1,0,1,0,0
1071860491193408585,313.83,Entire home/apt,6,3,4,3,0,6.810622057038572,78757,House,1,4.25,4,25,0,2,0,0,1,1,0,1,0,0,1,1
1503692652908192431,364,Entire home/apt,6,3,3,2.5,0,2.1947279147844974,78702,House,0,0.08333333333333333,1,0,1,2,0,0,1,1,0,1,0,0,0,1
1392211367604539127,160,Entire home/apt,5,2,2,1,0,8.024283467160156,78752,House,1,1.1666666666666667,2,36,0,2,0,0,1,1,0,1,1,1,0,1
48848897,288.5,Entire home/apt,2,1,2,1,0,2.672522487845005,78704,Apartment/Condo,1,4,1,7,0,2,1,0,1,1,0,1,0,0,1,1
936155237241130185,638,Entire home/apt,16,6,11,4,0,2.4163872310522194,78702,House,0,3,2,21,0,2,1,1,1,1,0,1,0,0,1,1
31668518,1254.6699999999998,Entire home/apt,10,6,6,6,0,4.826492190153634,78703,House,1,7.416666666666667,1,13,0,2,1,0,1,1,0,1,0,0,0,1
1467528321414087393,219.9,Entire home/apt,6,3,5,2.5,0,12.031021198184844,Other,House,1,11.083333333333334,6,0,1,3,0,0,1,1,0,1,0,1,1,1
42793871,161.5,Entire home/apt,2,1,1,1,0,6.929521282992941,78745,Guesthouse/Guest suite,1,15.416666666666666,1,18,0,2,0,0,1,1,0,0,0,1,0,1
1042078248442656312,1018,Entire home/apt,16,6,13,3.5,0,7.918516094388225,Other,House,1,6.666666666666667,1,35,0,2,1,1,1,1,0,1,0,1,1,1
957984671526230346,455.56,Entire home/apt,4,1,2,1,0,1.9191450468517162,78701,Apartment/Condo,1,8.833333333333334,38,0,1,1,1,0,1,0,1,1,1,1,0,1
1627533313779000504,98.52,Private room,4,1,2,1,0,22.975174921483994,Other,Hotel-like,0,4.75,2,3,0,1,1,0,1,1,1,1,0,1,1,0
683348735204074091,223,Entire home/apt,3,1,1,1,0,4.87826823486325,78751,House,1,3.8333333333333335,2,26,0,1,0,0,1,1,0,1,0,1,1,1
749972756772023393,203.5,Entire home/apt,4,1,2,1,0,0.7542600020707663,78701,Apartment/Condo,1,5.25,23,0,0,2,1,0,1,0,1,1,0,1,0,1
1244103394211181265,129,Entire home/apt,2,1,1,1,0,13.773874804386065,78753,Apartment/Condo,1,9.166666666666666,6,42,0,1,1,1,1,1,0,0,0,0,1,1
1630610491581702960,451,Entire home/apt,6,3,3,2,0,8.91275858180993,Other,House,1,5.75,1,1,0,3,0,0,1,1,0,1,0,1,1,0
20396222,265.5,Entire home/apt,8,3,3,2,0,4.279473575134517,78741,House,0,8.166666666666666,1,1,0,2,0,0,1,1,0,1,0,1,0,1
354263,298,Entire home/apt,3,1,6,1,0,3.6835646228860193,78704,Guesthouse/Guest suite,1,14.333333333333334,2,14,0,1,0,0,1,1,0,1,0,1,1,0
1097271813826341507,673.5,Entire home/apt,6,3,3,2,0,2.892568289854512,78704,House,0,3.5833333333333335,2,16,0,2,0,0,1,1,0,1,0,1,0,1
38619660,295,Entire home/apt,7,3,4,2,0,15.902460823189916,Other,House,0,6.75,2,7,0,1,0,0,1,1,0,1,0,1,0,1
1586593701804407680,136,Entire home/apt,4,1,1,1,0,5.85256912664452,Other,Apartment/Condo,1,0.4166666666666667,1,23,0,1,1,0,1,1,0,0,0,1,1,1
1608478344587627259,277,Entire home/apt,6,2,2,1.5,0,2.4281688311017615,78704,House,1,0.3333333333333333,3,33,0,1,0,0,1,1,0,1,0,0,1,1
1522513264814757700,371,Entire home/apt,12,6,6,3,0,2.0887319094647423,78705,Apartment/Condo,0,6.916666666666667,25,7,0,1,0,0,1,0,0,0,0,0,0,0
1585923245516226301,670.5,Private room,4,1,2,1,0,0.7768249806105665,78701,Hotel-like,0,0.6666666666666666,6,0,1,2,1,0,1,0,1,1,0,0,0,1
47987667,146,Entire home/apt,4,1,2,1,0,5.391736130108301,78704,Guesthouse/Guest suite,1,9.333333333333334,1,7,0,2,0,0,1,1,0,1,1,1,1,1
887127935465298928,517,Entire home/apt,16,5,10,2,0,1.956476839125924,78702,House,1,3.9166666666666665,4,6,0,1,1,0,1,1,0,1,0,1,1,1
1572181634963827195,354,Entire home/apt,3,1,1,1,0,14.290738888558739,78724,Apartment/Condo,0,2.75,3,0,1,1,0,0,1,1,0,1,0,0,0,0
1064012501627748669,200,Entire home/apt,2,1,1,1,0,1.6346903993618045,78703,Apartment/Condo,1,2.4166666666666665,1,34,0,2,0,0,1,1,0,1,0,0,0,1
1441335095974988600,370.67,Private room,4,1,2,1,0,0.6552831963503268,78701,Hotel-like,0,3,60,0,1,3,1,0,1,0,1,1,0,0,0,0
1462436979345003872,394.83,Entire home/apt,6,3,3,2,0,3.4608050754725594,78702,House,1,6.833333333333333,4,17,0,3,1,0,1,1,0,1,0,0,1,1
914644782282268217,291.5,Entire home/apt,6,3,3,2,0,12.929882533606053,Other,House,1,10.333333333333334,12,7,0,1,0,0,1,1,0,1,0,1,1,1
1006661068078431982,399.5,Entire home/apt,9,4,5,3,0,22.090821246370318,78734,House,1,2.3333333333333335,1,10,0,2,0,0,1,1,0,1,0,1,0,1
888676788500053420,244.5,Entire home/apt,4,1,2,1,0,2.033767253689002,78701,Apartment/Condo,1,3.0833333333333335,1,42,0,1,1,0,1,0,1,1,1,1,1,1
1596500444674898450,150.48000000000002,Entire home/apt,4,1,2,1,0,5.814131142402317,78704,Apartment/Condo,1,4.5,178,0,1,1,1,0,1,0,0,1,0,0,1,1
1603157443261298651,189,Entire home/apt,6,2,3,1,0,2.8399799836414497,78704,Apartment/Condo,0,7.916666666666667,6,21,0,1,0,0,1,1,0,1,0,1,1,1
52388677,119.5,Entire home/apt,3,1,1,1,0,16.20332707509632,78737,Unique/other,1,11.666666666666666,4,51,0,2,0,0,1,1,0,0,0,0,1,1
1557449685700975715,471.08,Entire home/apt,1,1,2,1,0,1.0204704368518083,78701,Apartment/Condo,0,0.5833333333333334,1,1,0,3,1,1,1,0,0,1,0,1,0,0
1437108596110019316,1125,Entire home/apt,16,6,7,4.5,0,3.1997598896243478,78704,House,1,12.083333333333334,1,20,0,3,1,0,1,1,0,1,0,1,0,0
1447958986674630400,253,Entire home/apt,5,2,3,2,0,8.310069446161682,78745,Apartment/Condo,1,5.75,2,10,0,1,0,0,1,1,0,1,0,0,1,1
1068334003143758669,250,Entire home/apt,6,2,3,2.5,0,2.0434963879333234,78702,House,0,3.75,18,70,0,1,1,0,1,1,0,1,0,0,0,1
41346926,504.33,Entire home/apt,10,5,6,3,0,4.436998985683028,78741,House,1,7.25,1,18,0,3,0,0,1,1,0,1,0,1,1,1
1318315106783140485,204,Entire home/apt,8,3,3,2,0,6.243701095206109,78723,House,0,3.5833333333333335,2,42,0,1,0,0,1,1,0,1,0,1,1,1
1202875762128983028,781,Entire home/apt,12,4,7,3.5,0,1.8230367184988832,78702,House,1,8.25,19,37,0,1,1,1,1,1,0,1,0,1,0,1
785386749510739622,489,Entire home/apt,16,13,23,6,0,4.664233584393532,78721,House,1,6.25,6,15,0,1,1,0,1,1,0,1,0,1,0,1
557432594963393623,163,Entire home/apt,5,2,3,1,0,12.607256739077185,Other,House,0,7.333333333333333,5,4,0,5,0,0,1,1,0,1,0,1,1,1
739967754847068151,558,Entire home/apt,14,6,9,3,0,7.079833412033662,Other,House,1,8.25,4,14,0,1,0,1,1,1,0,1,0,1,1,1
52639561,371,Private room,4,1,2,1,0,0.8496766914045025,78701,Hotel-like,0,4.666666666666667,4,0,0,2,1,0,1,0,0,1,0,1,0,1
1197161137418272722,627,Entire home/apt,16,5,14,2,0,9.474139940236666,78745,House,1,4.5,2,21,0,1,1,1,1,1,0,1,0,0,0,0
1699371478785608852,350.5,Private room,4,1,2,1,0,0.7621317305091557,78701,Hotel-like,0,0.25,6,0,1,2,1,0,1,0,1,1,0,0,0,1
689025902028130021,168.67,Entire home/apt,4,2,2,2,0,11.684537637194168,Other,House,0,3.3333333333333335,1,9,0,2,0,0,1,1,0,0,0,1,0,1
1439924401718387116,147,Entire home/apt,2,1,1,1,0,4.468970922903938,78751,Guesthouse/Guest suite,1,11.916666666666666,1,17,0,1,0,0,1,1,0,1,0,0,0,1
681609199257177419,246,Entire home/apt,6,2,3,2,0,1.6130436936182249,78703,Apartment/Condo,1,4.333333333333333,28,0,0,2,1,0,1,0,1,1,0,1,0,1
731177160441221011,626.11,Entire home/apt,6,2,3,1,0,7.3198697232473124,78723,House,1,11.666666666666666,4,8,0,2,0,0,1,1,0,1,0,1,0,1
19032678,114.5,Entire home/apt,4,1,1,1,0,2.3353473037191943,78703,Apartment/Condo,1,11,2,10,0,3,0,0,1,1,0,1,0,1,1,1
14900580,183,Entire home/apt,3,1,2,1,0,10.001277283990431,78745,Guesthouse/Guest suite,0,9.75,1,4,0,2,0,0,1,1,0,0,0,0,0,0
1692272190296960406,180,Entire home/apt,6,2,3,1,0,3.277248740502698,78751,Apartment/Condo,0,3.9166666666666665,26,2,0,1,0,0,1,1,0,1,0,1,1,1
1556955893821199976,73.66999999999999,Private room,1,1,1,1,1,8.307145525722822,78745,House,1,0.6666666666666666,2,4,0,1,0,0,1,1,0,1,0,1,1,1
1555107283468892159,1044.1799999999998,Entire home/apt,15,5,8,3.5,0,3.5943601371915608,78702,House,1,8.333333333333334,3,0,1,2,0,0,1,1,0,1,1,1,1,0
1150523862420746888,229,Entire home/apt,2,1,1,1,0,5.966767719332061,78723,Apartment/Condo,0,1.5833333333333335,1,17,0,1,1,0,1,0,1,1,0,0,0,1
1100186402230646863,274,Entire home/apt,5,2,3,2,0,5.731304649168143,78746,Apartment/Condo,0,2.25,1,11,0,2,1,1,1,1,1,1,0,0,0,1
53003565,523.5,Entire home/apt,8,4,4,3,0,26.076693641550232,Other,House,1,4.416666666666667,1,15,0,2,0,0,1,1,0,1,0,1,0,1
914467758332610526,498,Private room,8,2,4,2,0,0.6465404865493488,78701,Hotel-like,0,3.25,92,0,1,1,1,0,1,0,1,0,0,1,1,1
749972793211511794,203.5,Entire home/apt,4,1,2,1,0,1.6130436936182249,78703,Apartment/Condo,1,5.25,23,0,0,2,1,0,1,0,1,1,0,1,0,1
1204343938748521728,296.18,Entire home/apt,8,4,5,4,0,26.275000341044166,Other,House,1,1.9166666666666665,1,19,0,2,0,0,1,1,0,1,0,1,0,1
1520814768683499518,230,Entire home/apt,6,3,5,2,0,7.839107020620365,78745,House,1,1.25,19,26,0,1,0,0,1,1,0,1,1,1,1,1
1216922919585536527,295.67,Entire home/apt,4,2,2,2,0,14.366408438738528,78758,Apartment/Condo,1,7.916666666666667,1,2,0,3,1,0,1,1,1,1,0,0,0,1
1490737282238366614,119,Entire home/apt,4,1,2,1,0,2.082311404008278,78705,Apartment/Condo,1,0.8333333333333334,1,12,0,2,0,0,1,1,0,1,0,0,0,1
10707904,144,Entire home/apt,2,1,1,1,0,3.196768832110468,78702,Guesthouse/Guest suite,1,10.333333333333334,1,11,0,2,0,0,1,1,0,0,0,1,0,1
1301867208129388131,491,Entire home/apt,12,4,6,3,0,3.161954110248141,78702,House,1,3.5833333333333335,5,58,0,1,1,1,1,1,1,1,0,1,0,1
1625363022777677038,152,Entire home/apt,2,1,1,1,0,5.814131142402317,78704,Apartment/Condo,1,4.5,178,2,0,1,1,0,1,0,0,1,0,0,1,1
8480556,139,Entire home/apt,4,1,2,1,0,4.236215638125272,78704,Apartment/Condo,0,10.75,9,15,0,2,0,0,1,1,0,1,0,1,1,1
11621413,104.76,Entire home/apt,6,2,3,1,0,4.774133873151541,78751,House,0,15.25,2,3,0,3,0,0,1,1,0,1,0,1,1,1
614524060699457358,45,Private room,1,1,1,2.5,1,8.656366679534024,78753,House,0,1.1666666666666667,8,24,0,1,0,0,0,1,0,0,0,0,0,1
39867825,200,Entire home/apt,3,1,2,1,0,3.374837609249864,78751,Apartment/Condo,1,6.5,1,12,0,2,0,0,1,1,0,1,0,0,0,1
3475010,153.85000000000002,Entire home/apt,4,1,2,1,0,3.531942849792939,78704,Apartment/Condo,1,12.083333333333334,9,6,0,1,0,0,1,1,0,1,0,0,1,1
1630675623475410699,340.33,Entire home/apt,5,2,3,1.5,0,2.966901361661341,78704,House,1,6.75,10,6,0,3,0,0,1,1,0,1,0,1,1,1
1339167546830295840,615,Entire home/apt,16,10,15,5,0,5.877736538955725,Other,House,1,4.166666666666667,20,4,0,1,1,0,1,1,0,1,1,1,0,1
51702548,269,Entire home/apt,4,2,2,2.5,0,14.512030202994008,Other,House,1,4.583333333333333,1,23,0,1,0,0,1,1,0,1,0,1,0,1
1259458467313707693,158,Entire home/apt,2,1,1,1,0,2.0355367639571758,78703,Apartment/Condo,0,1.6666666666666665,2,9,0,1,0,0,1,1,0,1,0,1,0,1
610167842435211680,215,Entire home/apt,5,2,3,1,0,2.1855200040908507,78702,House,1,5.833333333333333,18,50,0,1,1,0,1,1,0,1,1,1,1,1
850943041880480790,137,Entire home/apt,5,2,2,1,0,3.832402990839112,78741,Apartment/Condo,1,3.25,1,57,0,1,0,0,1,1,0,1,0,1,0,1
646432780207289771,349.5,Entire home/apt,6,3,4,2,0,21.15552774698735,78734,House,0,4,1,0,0,2,0,0,1,0,0,1,0,0,1,0
1067585452976250398,157,Entire home/apt,6,2,3,1,0,6.508126051224936,78704,Apartment/Condo,1,2.3333333333333335,2,18,0,2,1,0,1,1,1,1,0,1,0,1
22417324,273,Entire home/apt,4,1,1,1.5,0,1.4213936410448462,78703,Apartment/Condo,1,8.416666666666666,1,16,0,1,0,0,1,1,0,1,0,1,0,1
1126077848220690341,160,Entire home/apt,4,1,2,1,0,14.432947262596487,78744,Guesthouse/Guest suite,1,2.0833333333333335,1,19,0,2,0,0,1,1,0,1,0,1,0,1
1411874303719586928,286,Entire home/apt,5,2,3,1,0,6.066284159472322,Other,Apartment/Condo,1,1.3333333333333333,4,2,0,1,0,0,1,1,0,1,0,0,1,1
689919830239899978,208,Entire home/apt,4,1,2,1,0,6.510433229765671,78741,Apartment/Condo,0,8.666666666666666,53,22,0,1,0,0,1,1,1,1,1,1,0,1
52111905,411,Entire home/apt,6,2,2,2.5,0,3.7703409265029753,78721,House,0,2,1,2,0,2,0,0,1,1,0,1,0,1,1,1
2189688,563.6700000000001,Entire home/apt,4,1,2,1,0,1.9982904753550135,78702,Apartment/Condo,0,12.333333333333334,1,0,0,6,0,0,1,1,0,1,0,0,1,0
1663115719232744808,185,Entire home/apt,4,1,2,1,0,2.06134750892627,78703,House,0,0.16666666666666666,1,6,0,1,0,0,1,1,0,0,0,1,1,1
1082544629012836612,401,Entire home/apt,5,2,2,2,0,4.915965129302808,78721,House,0,6.916666666666667,1,5,0,2,0,1,1,1,0,1,0,0,0,1
1700108021760276108,276,Entire home/apt,4,2,2,1,0,2.114051224141211,78703,House,1,7.25,31,3,0,1,0,0,1,1,0,1,0,1,1,1
28443182,249,Entire home/apt,2,1,1,1,0,0.9099773377023674,78701,Apartment/Condo,0,12.333333333333334,20,7,0,1,0,0,1,1,0,1,0,0,0,1
1270414467960348023,338,Entire home/apt,10,3,7,2,0,6.2024383894198865,78704,House,1,1.6666666666666665,1,22,0,1,0,0,1,1,0,1,0,1,1,1
1264430929282018854,177,Entire home/apt,6,1,2,1,0,13.357726675542768,78753,Guesthouse/Guest suite,1,1.5833333333333335,1,23,0,1,0,0,1,1,0,1,0,1,1,1
1678535396951175034,105,Entire home/apt,2,1,1,1,0,4.3336645995453,78751,Guesthouse/Guest suite,0,0.08333333333333333,1,5,0,2,0,0,1,1,0,1,0,0,0,1
705234040288970768,280,Entire home/apt,4,2,2,1,0,1.866331162025021,78702,House,1,12.416666666666666,1,24,0,2,1,0,1,1,0,1,0,1,0,1
1222646920840508861,284,Entire home/apt,10,3,6,2.5,0,1.8725558556328163,78702,House,1,5.833333333333333,18,78,0,1,1,0,1,1,0,1,1,1,1,1
1640073127715928060,457,Entire home/apt,4,2,2,2,0,7.299296881713556,78746,House,0,0.25,1,0,1,1,0,0,1,1,0,1,0,1,0,0
1637300589522463304,195.14,Entire home/apt,6,2,2,2,0,5.145443877628911,78704,House,0,0.25,1,12,0,1,0,0,1,1,0,1,0,0,1,1
931815644218024702,399.67,Entire home/apt,8,3,3,2.5,0,10.405218375579233,78746,House,0,2.9166666666666665,1,0,1,3,0,1,1,1,0,1,0,1,1,1
321069,827,Entire home/apt,6,3,3,2,0,4.328931408099316,78704,House,0,14.25,3,0,1,3,0,0,1,1,0,1,0,1,0,1
747007991449261753,661,Entire home/apt,16,6,9,4,0,1.0244184983238094,78702,House,1,7.25,31,33,0,2,1,0,1,1,0,1,1,1,0,1
1431611756792290731,216.7,Entire home/apt,4,1,2,1,0,11.202689029776934,78757,Apartment/Condo,1,1.0833333333333333,2,36,0,1,1,0,1,1,1,1,0,1,1,1
1167411831089390653,380,Entire home/apt,10,3,6,2.5,0,11.852683005304511,Other,House,1,1.8333333333333335,1,12,0,1,0,0,1,1,0,1,0,1,0,1
1660686293395354348,217,Entire home/apt,2,1,1,1,0,13.338318515826955,Other,Apartment/Condo,0,0.16666666666666666,1,4,0,1,1,0,1,1,1,1,1,0,1,1
46864527,311,Entire home/apt,5,3,2,2.5,0,2.744234680945198,78702,House,0,8.25,2,0,0,2,0,0,1,1,0,1,0,1,0,1
1695151592721695699,125.6,Entire home/apt,2,1,1,1,0,5.814131142402317,78704,Apartment/Condo,1,4.5,178,0,1,1,1,0,1,0,0,1,0,0,1,1
1654250308447973681,608,Entire home/apt,13,5,6,4,0,22.661334983436106,78734,House,0,5.5,1,13,0,1,1,1,1,1,0,1,0,1,1,0
35166021,160,Entire home/apt,3,1,2,1,0,3.588910448227674,78704,Apartment/Condo,0,6.75,1,3,0,2,1,0,1,1,1,1,0,1,0,1
973998173910148644,330,Entire home/apt,8,4,4,2,0,3.051423859310297,78702,House,1,2.6666666666666665,3,16,0,2,1,0,1,1,0,1,0,1,1,0
1152229576041291355,316.5,Entire home/apt,6,4,4,2,0,26.047874671652952,78737,House,1,7.416666666666667,1,19,0,1,0,0,1,1,0,1,0,1,1,1
1357484236554358672,243,Entire home/apt,8,3,4,3,0,4.966304772817679,78741,Apartment/Condo,0,1.25,3,37,0,1,1,0,1,1,1,1,0,1,1,1
821927032400560194,227.5,Entire home/apt,6,3,3,2.5,0,3.857347673846565,78741,House,0,3.25,1,11,0,2,0,0,1,1,0,0,0,1,0,0
1483025980022258559,206.67,Entire home/apt,8,3,4,2,0,6.205079126385384,78723,House,1,0.8333333333333334,1,28,0,1,0,0,1,1,0,1,0,0,1,1
929692591997420534,152,Entire home/apt,4,1,2,1,0,1.6450339547962107,78702,Guesthouse/Guest suite,1,6.5,1,60,0,2,0,0,1,1,0,1,0,1,0,1
4756372,799,Entire home/apt,10,4,4,3,0,2.1265205071833577,78702,House,1,14.75,1,4,0,3,0,0,1,1,0,1,0,0,0,0
38642308,201,Entire home/apt,10,3,5,1.5,0,15.42457085544217,Other,Unique/other,0,13.25,5,2,0,1,0,0,1,1,0,0,0,0,1,1
17323446,120,Entire home/apt,4,1,1,1,0,4.657530639019316,78704,Apartment/Condo,0,9.333333333333334,1,6,0,2,0,0,1,1,0,1,0,1,0,1
962420161785449470,310,Entire home/apt,4,2,3,2,0,7.581334691409001,78752,House,1,2.6666666666666665,1,19,0,2,0,0,1,1,0,1,0,1,0,1
908772901916066255,719,Entire home/apt,8,4,5,3,0,3.0752440977919826,78702,House,1,3,1,19,0,1,0,0,1,1,1,1,1,0,0,1
1256645637157691006,462,Entire home/apt,15,5,9,3.5,0,21.8073392617057,78737,House,1,10.25,1,32,0,1,1,0,1,1,0,1,0,1,0,1
1621235209780922656,95,Private room,2,1,1,1,1,7.779063288866621,78745,House,1,5.5,8,4,0,1,0,0,1,1,0,1,0,1,0,1
1396491958307761096,192,Entire home/apt,2,1,1,1,0,15.514704997189352,78753,Apartment/Condo,1,1.3333333333333333,25,5,0,1,1,0,1,1,1,1,0,1,0,1
1253112896354358574,134,Entire home/apt,3,1,2,1,0,17.77371463026148,Other,Apartment/Condo,1,1.8333333333333335,3,48,0,2,1,0,1,1,1,1,0,1,1,1
51396547,1071,Entire home/apt,2,1,1,1,0,9.273455498662916,78745,Apartment/Condo,0,4.833333333333333,1,0,0,1,0,0,1,1,0,1,0,1,1,1
620275748016217283,274,Entire home/apt,10,2,5,2,0,2.0167384325644666,78701,Apartment/Condo,1,4.166666666666667,20,43,0,1,1,0,1,0,1,1,1,1,0,1
1593662620212673060,208,Entire home/apt,4,2,2,2,0,5.814131142402317,78704,Apartment/Condo,1,4.5,178,5,0,1,1,0,1,0,0,1,0,0,1,1
1189261270457667161,211.5,Entire home/apt,4,1,2,1,0,5.329615498589518,78704,Guesthouse/Guest suite,1,3.3333333333333335,1,6,0,2,0,0,1,1,0,0,0,0,0,1
1664604140285631216,51.730000000000004,Private room,2,1,1,1,0,4.515147215228638,78704,Apartment/Condo,0,8.583333333333334,1,7,0,3,0,0,1,1,0,1,0,1,0,0
47292123,710,Entire home/apt,16,9,23,6,0,3.5140932672624654,78741,House,1,11.333333333333334,5,8,0,3,0,0,1,1,0,1,0,0,0,1
17648807,179.07,Entire home/apt,3,1,1,1,0,2.090145870936067,78704,Apartment/Condo,0,12.916666666666666,2,16,0,1,0,0,1,1,0,1,1,1,1,1
365471,507,Entire home/apt,6,3,4,2.5,0,1.7804422079612108,78702,House,0,14.25,1,0,0,1,0,0,1,1,0,1,0,1,1,1
1499357279595181219,856,Entire home/apt,8,3,4,3,0,7.2844211379908765,Other,House,0,10.916666666666666,40,7,0,1,0,0,1,1,0,1,0,1,0,1
1387749910023074138,337,Entire home/apt,4,2,2,2.5,0,3.3805896159275814,78702,House,0,1.0833333333333333,1,13,0,2,0,0,1,1,0,1,0,1,0,1
52262173,438.5,Entire home/apt,10,4,5,2.5,0,18.963603333311518,78729,House,1,6.166666666666667,16,30,0,1,0,0,1,1,0,1,0,1,1,1
1588826188816893787,148,Entire home/apt,4,1,1,1,0,3.035839944812687,78751,Apartment/Condo,1,0.4166666666666667,1,15,0,1,0,0,1,1,0,1,0,1,0,1
1227680005996192680,319,Entire home/apt,8,3,4,3,0,2.2247504844129673,78702,House,1,1.4166666666666667,1,55,0,1,0,0,1,1,0,0,0,1,0,1
1656005400459076359,311.2,Entire home/apt,4,2,2,2,0,5.813581637426155,78704,Apartment/Condo,1,4.5,178,1,0,1,1,0,1,0,0,1,0,0,1,1
1137143024213500779,466,Entire home/apt,12,4,8,2.5,0,12.549249853529757,Other,House,1,2.9166666666666665,2,15,0,2,0,0,1,1,0,1,0,0,1,1
1412428616223943839,780,Entire home/apt,12,4,6,4,0,1.1124643697618266,78701,Apartment/Condo,0,9.833333333333334,28,0,1,1,0,0,0,0,0,0,0,0,1,1
1404361234371338006,416.33,Private room,6,2,3,2,0,0.8453745773225974,78701,Hotel-like,0,3,60,0,1,3,1,0,1,1,1,1,0,0,0,0
1117350221920870669,292,Entire home/apt,6,3,3,2.5,0,1.6966402653620014,78705,House,0,12.333333333333334,20,23,0,1,0,0,1,0,0,1,0,0,1,1
39005935,181.5,Entire home/apt,2,1,1,1,0,14.421872264547194,Other,Unique/other,1,12.333333333333334,3,24,0,1,1,0,1,1,0,0,0,1,0,1
871602118838299060,249,Private room,2,1,1,1,0,0.6465404865493488,78701,Hotel-like,0,3.25,92,1,0,1,1,0,1,0,1,0,0,1,1,1
53754051,374,Entire home/apt,3,1,1,1,0,1.513122764068644,78703,Apartment/Condo,0,4.5,1,0,0,2,0,0,1,1,0,1,0,1,0,1
1472487918857633302,408,Private room,4,1,2,1,0,0.7568537114432737,78701,Hotel-like,0,0.9166666666666666,6,0,1,2,1,0,1,0,0,1,0,0,0,1
809521118643862790,245.67,Entire home/apt,2,1,1,2,0,1.9188545054273523,78702,House,1,5.833333333333333,12,40,0,3,1,0,1,1,0,1,0,1,0,1
1647501642227158872,757,Entire home/apt,16,6,13,4,0,4.910159993929184,78721,House,0,2.6666666666666665,5,7,0,1,0,1,1,1,0,1,0,1,0,1
1492056356101332929,119.03,Entire home/apt,2,2,2,2.5,0,5.6996759829307635,78741,Apartment/Condo,0,1.4166666666666667,38,2,0,2,1,0,1,1,0,1,0,0,1,1
1487928505570055304,300,Entire home/apt,8,4,4,2,0,13.414408184581978,78758,House,1,6.166666666666667,16,12,0,1,0,0,1,1,0,1,0,1,1,1
50942296,179.5,Entire home/apt,4,1,2,1,0,3.3570708331370644,78703,Apartment/Condo,1,10.416666666666666,23,17,0,1,1,0,1,1,0,1,0,1,1,1
878982935488911339,400,Entire home/apt,4,2,2,2,0,3.578473070047752,78704,Apartment/Condo,0,3,1,4,0,1,0,0,1,1,0,1,0,1,0,1
1262259150006796535,315,Entire home/apt,4,1,2,1,0,22.294787069814603,78734,Unique/other,0,2.75,4,2,0,1,0,0,1,1,0,0,0,0,1,1
1586388143456691639,237,Entire home/apt,2,1,1,1,0,3.58892693465943,78704,Guesthouse/Guest suite,0,0.3333333333333333,1,5,0,2,0,0,0,1,0,0,0,1,0,1
1639991640035487916,210.5,Entire home/apt,4,2,2,1,0,7.240247997931977,78752,Apartment/Condo,0,0.16666666666666666,1,2,0,2,0,0,1,0,0,1,0,0,0,0
45810860,113.88,Private room,2,2,2,1.5,1,6.1095237731611896,78746,House,0,10.166666666666666,1,0,0,7,0,0,1,1,0,1,0,0,0,0
842107969800406077,362,Entire home/apt,6,2,3,2,0,4.220949815076667,78721,House,1,12.333333333333334,2,0,0,1,0,0,1,1,0,1,0,1,1,1
23580084,317,Entire home/apt,12,4,9,3,0,6.250367052850731,78741,House,1,8.25,1,19,0,2,0,0,1,1,0,1,0,0,1,1
1684229775018178449,265,Entire home/apt,6,2,2,2,0,12.719273427680355,Other,Apartment/Condo,0,2.1666666666666665,19,0,1,1,1,0,1,1,0,1,0,1,1,0
51828332,329,Entire home/apt,6,3,4,2,0,13.491339425056553,78758,House,1,12.583333333333334,3,31,0,1,0,0,1,1,1,1,0,1,1,1
1624813886588295562,283.01,Entire home/apt,3,1,1,2,0,14.38958340359801,78758,Apartment/Condo,1,1.9166666666666665,2,4,0,1,1,0,1,1,0,1,0,1,0,0
32664093,724,Entire home/apt,7,4,4,3,0,2.051967733290916,78702,House,0,7.25,2,2,0,2,0,0,1,1,0,1,0,1,0,1
987734853251673807,269,Entire home/apt,12,3,6,2,0,1.504547442377807,78702,House,0,5.75,9,44,0,1,1,0,1,1,0,1,0,1,1,1
653060170516224332,204.5,Entire home/apt,5,2,3,1.5,0,9.8396367459431,78745,House,1,8,5,19,0,1,0,0,1,1,0,1,0,1,1,1
800768906007054004,920,Entire home/apt,8,3,4,3,0,3.777550340170036,78704,House,0,10.916666666666666,40,2,0,1,0,0,1,1,0,1,0,1,0,1
1669592713277161050,663.3299999999999,Hotel/shared room,2,1,1,1,0,1.9756706334360723,78704,Hotel-like,0,0.16666666666666666,47,0,1,1,1,0,1,0,1,0,1,1,1,1
1107497860534850392,418,Entire home/apt,11,3,4,2,0,8.858053403330368,78744,House,0,2.25,1,4,0,2,1,0,1,1,0,1,0,0,1,1
800673380156272019,245,Entire home/apt,4,1,2,1,0,0.7498732828650425,78701,Apartment/Condo,1,4.333333333333333,9,1,0,2,1,1,1,0,0,1,0,1,0,1
1515510577917050926,754,Entire home/apt,16,14,20,7,0,6.096324103802321,78723,House,1,9.5,8,7,0,1,1,1,1,1,0,1,1,1,0,1
1521941248575236707,582.5,Entire home/apt,16,5,14,4,0,3.41376874901107,78703,House,1,4.5,178,10,0,2,0,0,1,1,0,1,1,0,1,1
39110341,233,Entire home/apt,4,2,2,1,0,2.272677293237268,78702,House,1,7.25,31,41,0,1,0,0,1,1,0,0,0,1,1,1
994348917690919438,165.47,Entire home/apt,3,1,1,1,0,2.7938081123031475,78703,Guesthouse/Guest suite,1,11.666666666666666,10,37,0,1,0,0,1,1,0,1,0,1,0,1
1458136795281293052,2060,Entire home/apt,16,11,24,7.5,0,4.208665233115452,78741,House,1,5.083333333333333,12,2,0,2,1,0,1,1,0,1,0,1,0,1
1145772913709395663,310,Entire home/apt,6,2,4,2,0,6.480105932262653,78741,Apartment/Condo,0,2.0833333333333335,7,0,0,2,1,0,1,1,1,1,0,1,1,1
20017883,174,Entire home/apt,4,2,3,2.5,0,6.179454668924579,78721,House,1,8.833333333333334,1,8,0,3,0,0,1,1,0,1,0,0,1,1
1498617726537924579,370.5,Entire home/apt,10,4,5,2.5,0,6.826505616561098,Other,House,1,0.8333333333333334,1,32,0,1,1,1,1,1,0,1,0,1,0,1
1660471669728613350,125.53,Entire home/apt,3,1,1,1,0,4.727821142948591,78741,Apartment/Condo,1,1,8,18,0,1,0,0,1,1,0,0,0,0,0,1
968074140247140360,547,Entire home/apt,6,3,3,3.5,0,3.3913981649475877,78704,House,1,4,2,18,0,2,0,0,1,1,0,1,0,1,0,1
1434428031483357310,189,Entire home/apt,2,1,1,1,0,26.791756523535966,Other,Apartment/Condo,0,7,67,12,0,2,0,0,1,0,0,1,0,1,1,0
1068116608503555297,278,Entire home/apt,7,3,3,2,0,21.35168143780794,Other,House,1,2.3333333333333335,1,10,0,3,0,0,1,0,0,1,0,1,0,1
1593832734923907804,139,Private room,1,1,1,1,0,14.339862394857505,Other,House,1,0.5,3,2,0,1,0,0,1,1,0,1,1,1,1,1
1420226941294597166,156,Entire home/apt,2,1,1,1,0,4.393073529956258,78702,Unique/other,1,1.0833333333333333,1,141,0,1,0,0,1,1,0,0,0,1,0,1
844958678279851069,461.5,Entire home/apt,8,3,4,3,0,1.6130436936182249,78703,Hotel-like,1,3.6666666666666665,30,0,1,2,1,0,1,0,1,1,0,1,0,1
1524080440276079086,322.33,Entire home/apt,5,3,3,2,0,2.2728272363500825,78702,House,1,14.916666666666666,2,4,0,3,1,0,1,1,0,1,0,1,0,1
926500164008169951,476,Private room,4,1,2,1,0,0.9289442387214344,78701,Hotel-like,1,3,7,0,1,2,1,1,1,1,0,0,0,1,0,1
1455311610597215059,912,Entire home/apt,12,5,8,2.5,0,6.056652615409413,78746,House,0,0.9166666666666666,1,0,1,2,1,0,1,1,0,1,0,1,1,1
1701003965962529949,132.8,Entire home/apt,4,1,2,1,0,5.814131142402317,78704,Apartment/Condo,1,4.5,178,0,1,1,1,0,1,0,0,1,0,0,1,1
1507330294629608204,58.720000000000006,Entire home/apt,2,1,1,1,0,7.08456515370257,78752,Apartment/Condo,0,3.5,35,0,1,5,0,0,1,1,1,0,0,1,1,1
1354266190078004240,161,Entire home/apt,4,1,1,1,0,1.7688671739263677,78705,Apartment/Condo,0,11.666666666666666,4,19,0,1,0,0,1,1,0,1,0,0,0,1
1051284008337369617,304,Entire home/apt,5,2,3,2,0,3.474286728649223,78751,House,1,2.0833333333333335,1,39,0,1,0,0,1,1,0,1,0,1,0,1
31609555,532,Entire home/apt,16,4,10,2.5,0,1.945387324161533,78702,House,1,11.333333333333334,5,25,0,2,0,0,1,1,0,1,0,0,0,1
668917685173860356,313.83,Entire home/apt,8,4,6,2,0,10.551232351161895,78758,House,1,3.9166666666666665,4,0,0,2,0,0,1,1,0,1,1,1,1,1
51639944,187,Entire home/apt,5,2,3,1,0,4.078548001916665,78702,Apartment/Condo,1,13.583333333333334,7,28,0,1,0,0,1,1,1,1,0,1,1,1
50330155,808,Entire home/apt,6,3,3,2.5,0,2.2592629963752358,78704,House,0,9.25,47,0,0,2,0,0,1,1,0,1,0,1,0,1
1615435197514214011,251,Entire home/apt,2,1,1,0,0,1.4019172899762142,78701,Apartment/Condo,0,2.0833333333333335,42,2,0,1,1,0,1,0,1,0,0,0,1,1
42317364,224.23999999999998,Entire home/apt,4,2,2,2.5,0,3.2493092993163573,78702,House,1,6.166666666666667,1,19,0,1,0,0,1,1,0,1,0,0,0,1
693662016295846366,1252,Entire home/apt,16,4,9,4,0,2.034456987676643,78701,Apartment/Condo,1,4.166666666666667,20,23,0,1,1,0,1,0,1,1,1,1,0,1
52937804,123,Entire home/apt,3,1,1,1,0,4.823576712649567,78704,Apartment/Condo,0,10.75,9,6,0,2,0,0,1,1,0,1,0,1,0,1
916885133542280060,100.54,Entire home/apt,6,2,5,1,0,6.225143622311364,78741,House,1,3.3333333333333335,8,34,0,2,0,0,1,1,0,1,0,1,1,1
718860198850451968,253.4,Entire home/apt,4,2,2,2.5,0,7.27879177240167,78745,House,0,9.75,1,3,0,2,0,0,0,1,0,1,1,1,0,1
547878270470501768,239,Entire home/apt,2,1,1,1,0,4.149647258349755,78704,Guesthouse/Guest suite,1,4.25,1,21,0,2,0,0,1,1,0,1,0,1,0,1
1449627859418506358,443,Private room,6,2,3,2,0,0.8881014923060793,78701,Hotel-like,0,2.25,7,1,0,2,1,1,1,0,0,1,0,1,0,1
552244236186208697,799,Entire home/apt,4,2,2,2,0,1.200861973728396,78701,Apartment/Condo,0,4.333333333333333,1,0,0,2,1,0,1,0,0,1,1,1,0,0
1244226713882278793,594,Entire home/apt,4,1,2,1,0,0.7196818320954406,78701,Apartment/Condo,0,12.25,23,0,1,1,1,1,1,0,0,1,0,0,0,0
45432352,538,Entire home/apt,14,4,10,2.5,0,2.956154972192657,78703,House,1,9.333333333333334,4,46,0,1,1,1,1,1,0,1,0,1,1,1
681608028542687005,201,Entire home/apt,4,1,2,1,0,0.7542600020707663,78701,Apartment/Condo,1,4.333333333333333,28,1,0,2,1,0,1,0,1,1,0,1,0,1
35908452,88,Entire home/apt,2,1,1,1,0,10.33907961672295,78758,Guesthouse/Guest suite,1,7,1,35,0,1,0,0,1,1,0,0,0,1,0,1
53850752,166.83,Entire home/apt,6,2,2,2,0,1.6281525349292103,78702,House,1,9.75,3,35,0,3,0,0,1,1,0,1,0,1,1,1
912229130286757242,308,Entire home/apt,4,1,2,1,0,3.6364163437695716,78704,House,1,8.25,19,22,0,1,0,0,1,1,0,1,0,1,1,1
49146679,521.3299999999999,Entire home/apt,5,2,2,1,0,5.111820754124915,78704,House,1,5.166666666666667,1,11,0,3,0,0,1,1,0,1,0,1,0,1
1596508610337861087,150,Entire home/apt,4,1,1,1,0,8.806127508968597,78757,Apartment/Condo,0,0.4166666666666667,1,8,0,1,0,0,1,1,0,1,0,1,0,0
538563188407617103,399.5,Entire home/apt,8,4,6,2,0,3.8574482963545003,78702,House,1,3.6666666666666665,1,28,0,2,0,0,1,1,0,1,0,1,1,1
45525221,255,Entire home/apt,4,2,2,2,0,7.348103281066009,78723,House,1,15.333333333333334,2,33,0,1,0,1,1,1,0,1,0,1,1,1
1576466299267588534,460.92999999999995,Entire home/apt,12,6,9,5,0,8.716943058775453,78744,House,1,6.833333333333333,14,0,1,3,0,0,1,1,0,1,0,0,1,1
725362364628157858,340,Entire home/apt,4,1,2,1,0,2.034456987676643,78701,Apartment/Condo,0,5.166666666666667,23,9,0,1,1,0,1,1,1,1,1,1,0,0
1256004189448832062,109,Entire home/apt,2,1,1,1,0,1.3678610549499777,78703,Apartment/Condo,1,11.166666666666666,2,72,0,1,0,0,1,1,0,0,0,1,0,1
26010785,334,Entire home/apt,8,3,8,2.5,0,1.6553798352707003,78702,House,0,11.333333333333334,18,17,0,3,0,0,1,1,0,1,0,1,1,1
1131868359261363568,166,Entire home/apt,4,1,2,1,0,5.870123608002089,78704,Apartment/Condo,0,9.333333333333334,47,11,0,1,0,0,1,1,0,1,0,0,0,1
837294048778860254,373,Entire home/apt,6,2,3,2,0,0.8953243477008858,78701,Apartment/Condo,0,3.9166666666666665,5,0,1,2,1,0,1,0,0,1,0,1,0,0
559374939109203581,267.56,Entire home/apt,7,3,4,2,0,11.3760109519842,Other,House,1,4.333333333333333,3,30,0,1,0,0,1,1,0,1,0,1,0,1
1681362100039348828,683.01,Entire home/apt,16,6,10,4,0,2.3659236043162672,78702,House,1,4.666666666666667,47,2,0,2,1,1,1,1,0,1,0,1,1,1
1635015125616383350,175.73999999999998,Entire home/apt,4,2,2,1,0,3.3513852250318803,78722,House,1,0.25,1,37,0,1,0,0,1,1,1,1,0,1,0,1
16827775,239.65,Entire home/apt,2,1,1,1,0,1.8453499340962032,78702,Guesthouse/Guest suite,1,15.333333333333334,2,40,0,1,0,0,1,1,0,1,0,0,0,1
1227431900875981406,213.4,Entire home/apt,4,2,3,1,0,3.3823563103915046,78722,Unique/other,1,6.666666666666667,11,63,0,1,0,0,1,1,0,0,0,1,1,1
800782404934418164,214.83,Entire home/apt,4,1,2,1.5,0,4.479487065607988,Other,House,0,3.3333333333333335,1,4,0,2,0,0,1,1,0,0,0,1,0,1
957684965761870940,514,Entire home/apt,2,1,1,1,0,10.687797720404193,Other,Apartment/Condo,0,2.8333333333333335,1,0,1,1,1,1,1,1,0,1,0,0,0,0
37463749,234,Entire home/apt,6,3,4,2,0,21.38897301314121,Other,House,1,6.75,1,23,0,2,0,0,1,1,0,1,0,0,0,0
46565036,185,Entire home/apt,7,2,4,1,0,1.3444131761437785,78702,Apartment/Condo,1,9.833333333333334,18,91,0,1,0,0,1,1,0,1,0,1,0,1
1628571747790972208,371,Entire home/apt,8,4,3,2,0,14.73606400332541,Other,House,0,0.25,1,8,0,1,0,0,1,1,0,1,0,1,0,0
681078957135156624,356.76,Entire home/apt,6,2,3,1.5,0,1.9899489527274197,78701,Unique/other,1,8.833333333333334,38,6,0,1,1,0,1,0,1,1,1,1,0,1
1516758057783463671,224.06,Entire home/apt,8,3,4,2.5,0,7.56340333671803,78723,House,1,5.333333333333333,6,18,0,2,1,0,1,1,0,1,0,1,0,0
1248863625055330289,892,Entire home/apt,10,5,6,3,0,3.2354562743040107,78704,House,1,8.25,19,42,0,1,1,0,1,1,0,1,0,1,0,1
1685572334445536321,258,Entire home/apt,10,4,5,2,0,9.404285902791626,78745,House,1,10.416666666666666,23,2,0,2,0,0,1,1,0,1,0,1,1,1
1389451179679868194,209.5,Entire home/apt,6,2,3,2,0,6.699155725763932,78741,Apartment/Condo,1,1.1666666666666667,9,38,0,2,1,0,1,1,1,1,1,1,1,1
17388607,1438,Entire home/apt,10,2,6,3,0,23.886907104020196,78734,House,1,3.6666666666666665,1,13,0,2,1,1,1,1,0,1,1,1,0,1
1125576718665903933,173,Entire home/apt,2,1,1,1,0,2.082581125381612,78705,Apartment/Condo,0,4.25,20,15,0,1,0,0,1,1,0,1,0,1,0,1
1293076069958383155,247,Entire home/apt,4,2,2,1,0,2.5656479844951177,78704,House,1,2,8,20,0,2,0,0,1,1,0,1,0,1,0,1
1892933,414,Entire home/apt,8,3,4,1.5,0,15.081909903467091,Other,House,1,8.916666666666666,1,9,0,2,0,0,1,1,0,0,0,0,0,1
1674867575175152041,86,Private room,2,1,1,1,0,20.679599496400336,78729,House,0,1.6666666666666665,17,0,1,2,0,0,1,1,0,0,0,0,1,1
1689476644940490633,171.33,Entire home/apt,6,3,4,2,0,17.331847819805397,Other,House,0,0.08333333333333333,1,3,0,3,0,0,1,1,0,1,0,0,1,1
1623966778187355720,427,Entire home/apt,8,4,4,2,0,15.038233634329634,Other,House,1,6.916666666666667,3,13,0,2,1,1,1,1,0,1,0,1,1,1
1082645588921783767,284,Entire home/apt,4,2,2,1,0,1.8448762483430452,78703,Apartment/Condo,0,9.166666666666666,2,2,0,2,0,0,1,1,0,1,0,1,0,1
1188656823377456551,485,Entire home/apt,8,4,4,3,0,17.445393443252165,78737,House,0,1.9166666666666665,1,6,0,2,1,0,1,1,0,1,0,0,1,1
1245528481915592817,295,Private room,4,1,2,1,0,0.7139757260923126,78701,Hotel-like,1,2.5833333333333335,2,0,1,2,1,0,1,0,0,0,0,0,0,0
1529821844434754442,57.33,Private room,2,2,1,1.5,1,15.10334971307459,78724,House,0,3.9166666666666665,5,0,1,3,0,1,1,1,0,1,0,1,0,1
1129996137998672019,152.5,Entire home/apt,5,2,3,2.5,0,6.375861133248297,78704,House,1,2.1666666666666665,1,53,0,1,0,0,1,1,0,1,0,1,1,1
1705356640043915337,111,Private room,2,1,1,1,1,0.9558786413174961,78701,House,1,6.5,3,0,1,1,0,0,1,1,0,1,0,0,0,0
1685224150962173421,165,Private room,1,1,1,1,0,5.79569330059626,78746,House,0,5.916666666666667,23,0,1,1,0,0,1,1,0,1,0,1,0,1
10069609,1689,Entire home/apt,10,4,5,3,0,4.087219348656102,Other,House,0,10.5,2,0,0,2,0,0,1,1,0,1,0,0,0,1
1550802191082885795,126,Entire home/apt,2,1,1,1,0,3.0492329186330034,78702,Unique/other,0,0.3333333333333333,1,10,0,2,0,0,1,1,0,0,0,0,0,1
4464432,450.1,Entire home/apt,7,3,4,2,0,19.68129686850544,Other,House,1,11.666666666666666,6,2,0,7,0,0,1,1,1,1,0,1,1,1
567284654720799577,2677.5,Entire home/apt,13,4,4,3.5,0,7.806789738222298,78746,House,0,7.833333333333333,26,0,0,1,1,1,1,1,1,1,0,1,0,0
564506951497855797,191,Entire home/apt,3,1,1,1,0,14.028189740500732,78744,Guesthouse/Guest suite,1,7.25,3,32,0,1,0,0,1,1,0,1,0,1,1,1
608760936215581166,262,Entire home/apt,5,2,3,1,0,2.1332343504740434,78702,House,1,6.166666666666667,16,5,0,2,0,0,1,1,0,1,0,0,0,1
1579405,326.14000000000004,Entire home/apt,12,3,7,2.5,0,3.0726864886123746,78702,House,1,12.75,6,12,0,2,0,0,1,1,0,1,0,1,1,1
681607854305280879,201,Entire home/apt,4,1,2,1,0,1.6130436936182249,78703,Apartment/Condo,1,4.333333333333333,28,0,1,2,1,0,1,0,1,1,0,1,0,1
6116865,216,Entire home/apt,4,2,2,2,0,1.6998360744418521,78705,Apartment/Condo,1,12.333333333333334,1,12,0,2,0,0,1,1,0,1,0,1,0,1
22241805,223,Entire home/apt,5,2,2,1,0,13.409730880814097,Other,House,1,8.333333333333334,1,15,0,3,0,0,1,1,0,0,0,0,1,1
1585158603372219595,74.17999999999999,Private room,2,1,1,1,0,10.202311738150431,78724,Apartment/Condo,0,0.4166666666666667,1,8,0,1,1,0,1,1,0,1,0,1,0,1
1005978614020172320,198,Entire home/apt,4,2,2,1,0,6.159195332491545,78723,House,1,3.4166666666666665,3,11,0,1,0,0,1,1,0,1,0,0,1,1
1132885084154792040,512,Entire home/apt,8,4,4,3,0,20.192185108150575,78729,House,1,13.083333333333334,1,49,0,1,1,1,1,1,0,1,0,1,0,1
548037365038454396,1470,Entire home/apt,14,5,8,4,0,2.2292169435423856,78704,House,1,8.833333333333334,10,32,0,1,1,1,1,1,1,1,0,1,1,1
8567050,194,Entire home/apt,4,2,2,2,0,3.6252056463672693,78751,House,1,10.666666666666666,2,26,0,2,0,0,1,1,0,1,0,1,1,1
1395707147053367194,515,Entire home/apt,12,4,7,3,0,8.599993678513897,78723,House,1,1.75,1,22,0,1,0,1,1,1,0,1,0,1,1,1
993400732520821112,554,Entire home/apt,14,4,9,3,0,21.840718524535855,78734,House,0,2.6666666666666665,1,0,0,2,1,0,1,1,0,1,0,0,1,1
52262828,189.5,Entire home/apt,2,1,1,1,0,5.0057670283458044,78704,Guesthouse/Guest suite,1,11.583333333333334,3,8,0,2,1,0,1,1,0,1,0,1,0,1
1503038093673610951,366,Entire home/apt,6,3,4,2,0,2.2645518340641977,78702,House,1,14.333333333333334,3,14,0,1,0,0,1,1,0,1,0,0,1,0
602027045320551153,308.12,Entire home/apt,7,3,5,2,0,12.797136964242307,Other,House,1,4.166666666666667,1,49,0,1,0,0,1,1,0,1,0,1,1,1
50768087,397,Entire home/apt,16,5,9,3,0,2.39291904899829,78702,House,1,4.916666666666667,11,19,0,1,1,0,1,1,0,1,0,1,0,1
850953125760682702,172.89000000000001,Entire home/apt,6,2,3,2,0,23.705991114578435,78734,House,1,3.6666666666666665,2,70,0,2,0,0,1,1,0,1,0,1,1,1
44249811,369,Entire home/apt,6,3,3,1.5,0,3.500858064989072,78702,House,1,10.416666666666666,2,36,0,1,0,1,1,1,0,1,0,0,0,1
42365628,385.5,Entire home/apt,10,4,4,3,0,3.3835978282528525,78704,House,0,12.5,3,24,0,2,0,0,1,1,0,1,0,1,1,1
48921430,402,Entire home/apt,10,4,6,2,0,5.078875251121816,78721,House,1,6.333333333333333,3,3,0,1,0,0,1,1,0,1,0,1,1,1
52530821,157,Entire home/apt,4,1,2,1,0,24.38609290128346,78737,Guesthouse/Guest suite,1,7.083333333333333,6,22,0,2,0,0,1,1,0,1,0,1,1,1
1413988089239502250,242,Entire home/apt,3,1,1,1,0,3.772245278361453,78704,Apartment/Condo,1,1,3,12,0,2,1,0,1,0,0,1,0,1,0,1
903469734984199715,214,Entire home/apt,3,1,1,1,0,1.7269051467600154,78702,Unique/other,1,10.666666666666666,9,25,0,1,0,0,1,1,0,0,0,1,0,1
1257965227682087641,197,Entire home/apt,2,1,1,1,0,2.216149784685142,78704,Apartment/Condo,0,1.6666666666666665,1,3,0,2,1,0,1,0,0,1,0,1,0,0
1221275702654020882,783,Entire home/apt,16,5,14,3.5,0,2.0915195793797063,78702,House,1,7.833333333333333,27,21,0,1,1,0,1,1,0,1,1,1,1,1
1486483090951217081,185.5,Entire home/apt,4,2,2,2,0,14.303873187834744,78758,House,0,2.8333333333333335,1,9,0,2,0,0,1,1,0,1,0,1,0,1
1532275332578384676,365.5,Entire home/apt,6,3,5,2.5,0,1.5681716750213213,78702,House,1,0.5833333333333334,1,31,0,2,0,0,1,1,0,1,0,1,0,1
1285142090397458255,201.99,Entire home/apt,4,2,4,2,0,1.0283009268338732,78705,Apartment/Condo,1,7.75,2,30,0,1,0,0,1,1,0,1,0,1,1,1
681609040565699584,246,Entire home/apt,6,2,3,2,0,1.6130436936182249,78703,Apartment/Condo,1,4.333333333333333,28,0,1,2,1,0,1,0,1,1,0,1,0,1
43057597,157,Entire home/apt,2,1,1,1,0,24.701731892999298,78734,Unique/other,1,10.083333333333334,5,2,0,2,0,0,1,1,0,1,0,0,1,1
2452800,122,Entire home/apt,2,1,1,1.5,0,2.4144007395947344,78702,Unique/other,1,12.25,3,10,0,3,0,0,1,1,0,1,0,1,0,1
1503015162109898041,132,Entire home/apt,3,1,2,1,0,7.571475018197776,78752,Apartment/Condo,1,2.25,4,17,0,2,0,0,1,1,0,1,0,0,0,1
28897994,198,Entire home/apt,4,1,2,1,0,2.2238877530718413,78702,Apartment/Condo,1,7.666666666666667,2,17,0,1,1,0,1,1,1,1,1,1,0,1
1637233688807157585,156,Entire home/apt,3,1,2,1,0,23.724147260648643,78734,Unique/other,0,0.25,1,7,0,1,0,0,1,1,0,1,0,0,1,1
1511270658374938888,393,Entire home/apt,13,5,8,3,0,2.9043030747368617,78705,House,1,2.8333333333333335,6,20,0,1,0,1,1,1,0,1,0,1,1,1
857306135724187635,336.67,Entire home/apt,6,3,3,2.5,0,11.476848085105804,78745,House,1,4.25,1,18,0,3,0,0,1,1,0,1,0,1,1,1
17590487,149,Entire home/apt,2,1,1,1,0,1.7675904830044762,78705,Apartment/Condo,1,9.166666666666666,1,17,0,2,0,0,1,1,0,0,0,1,0,1
1480809305962513674,180.5,Entire home/apt,3,1,2,1,0,2.2436103425709577,78702,Apartment/Condo,1,0.8333333333333334,1,42,0,2,0,0,1,1,0,1,0,1,1,1
1144920172185529270,226.28,Entire home/apt,6,2,3,1,0,2.2635582465978055,78704,Apartment/Condo,0,3,6,16,0,1,1,0,1,1,0,1,0,1,1,1
1470430181366528854,255,Entire home/apt,4,1,2,1,0,2.1321585857414154,78701,Apartment/Condo,1,2,8,39,0,1,1,0,1,1,0,1,0,1,0,1
1704801075604429571,45,Private room,6,1,3,1,1,2.385363216173715,78705,Apartment/Condo,0,0,3,0,1,1,0,0,1,1,0,1,0,0,0,0
700664232250803590,202.5,Entire home/apt,4,1,2,1,0,2.034456987676643,78701,Apartment/Condo,1,4.083333333333333,6,37,0,2,1,0,1,1,1,1,1,1,0,1
1533509921055917607,184,Entire home/apt,2,1,1,1,0,2.0909938330608355,78703,Apartment/Condo,1,8.75,1,0,1,1,1,0,1,1,0,1,0,1,0,0
576462112287972615,40.349999999999994,Entire home/apt,6,2,2,2,0,5.8137484645977375,78704,House,1,9.416666666666666,1,0,0,3,0,0,1,1,0,1,0,1,0,1
54280929,298.98999999999995,Entire home/apt,6,2,2,1.5,0,8.529900837852622,78744,House,1,6.666666666666667,11,19,0,1,0,0,1,1,0,1,0,1,1,1
1256081113476347877,143,Entire home/apt,4,1,2,1,0,3.2710642834985157,78704,Apartment/Condo,0,1.6666666666666665,14,46,0,1,0,0,1,1,0,1,0,1,1,1
28491861,307.5,Entire home/apt,6,2,6,2,0,2.2624502582400154,78705,Apartment/Condo,1,7.75,1,14,0,2,1,1,1,1,0,1,0,0,0,1
1542726599429194324,303,Entire home/apt,4,2,2,1.5,0,3.3840535614722427,78704,House,1,9.75,33,12,0,1,0,0,1,1,0,1,0,0,1,1
1418502292680043896,154,Entire home/apt,4,1,2,1,0,15.399386218676582,78753,Apartment/Condo,1,1.0833333333333333,6,47,0,1,1,0,1,1,1,1,1,1,0,1
1618103546655991733,589,Private room,5,2,3,2,0,2.5269999595223336,78702,House,1,7.666666666666667,2,0,1,3,0,0,1,0,0,1,0,0,0,0
1674006791093157558,446.5,Entire home/apt,8,4,5,3.5,0,6.421935579307692,Other,House,0,4.25,37,1,0,2,1,0,1,1,0,1,0,1,0,1
976014161068147126,304.5,Entire home/apt,4,1,2,1,0,24.32804537906685,Other,Guesthouse/Guest suite,1,2.4166666666666665,1,20,0,2,1,0,1,1,0,1,0,1,1,1
837274284984485432,560,Entire home/apt,16,7,11,4,0,7.486171459274564,78723,House,0,3.75,7,2,0,1,0,0,1,1,0,1,0,1,1,1
